id,segment,segment_name,polarity,topic_id,topic_name,topic_name_raw,product,review,review_translation,rating,sentiment
S1_EN_T1_001,S1,Price-Sensitive,POS,T1,가격/비용,Price/Cost,Wireless Earbuds,Grabbed these at the lowest price on Amazon and honestly the quality blew me away. No reason to spend twice as much on a brand name.,아마존에서 최저가로 건졌는데 퀄리티가 진짜 말이 안 되게 좋아요. 브랜드 제품에 두 배 쓸 이유가 없네요.,4.0,긍정
S1_EN_T1_002,S1,Price-Sensitive,POS,T1,가격/비용,Price/Cost,Power Bank,Caught a lightning deal and got 40% off the regular price. Plenty of capacity for the money — genuinely one of my best purchases this year.,타임세일 잡아서 정가 대비 40% 할인받았어요. 이 돈에 이 용량이면 올해 쇼핑 중에 제일 잘 산 거예요.,4.0,긍정
S1_EN_T1_003,S1,Price-Sensitive,POS,T1,가격/비용,Price/Cost,Bluetooth Speaker,"Was skeptical at this price point but it arrived way better than expected. Out of everything with similar specs, this was the cheapest by far.",이 가격에 반신반의했는데 받아보니 생각보다 훨씬 낫네요. 비슷한 스펙 제품 중에 여기가 단연 제일 쌌어요.,3.5,중립
S1_EN_T1_004,S1,Price-Sensitive,POS,T1,가격/비용,Price/Cost,USB Hub,A 7-port hub for under fifteen bucks? Other brands with the same specs were charging double. Glad I went with this one.,"15달러도 안 되는 가격에 7포트 허브라고요? 같은 스펙 다른 브랜드는 두 배 받던데, 여기서 사길 잘했어요.",4.0,긍정
S1_EN_T1_005,S1,Price-Sensitive,POS,T1,가격/비용,Price/Cost,Portable SSD,Got the flash sale notification and bought instantly. 256GB at this price honestly feels like they're selling it at cost.,플래시세일 알림 뜨자마자 바로 질렀어요. 이 가격에 256GB면 진짜 원가에 파는 거 아닌가 싶어요.,4.0,긍정
S1_EN_T1_006,S1,Price-Sensitive,POS,T1,가격/비용,Price/Cost,Smart Bulb,The 3-pack bundle came out to nearly half the price of buying individually. Highly recommend for anyone who prioritizes value.,3개 묶음 세트가 낱개로 사는 것보다 거의 반값이에요. 가성비 중시하시는 분들께 강력 추천합니다.,3.5,중립
S1_EN_T1_007,S1,Price-Sensitive,POS,T1,가격/비용,Price/Cost,Wireless Mouse,Was going back and forth between this and a brand-name model but this was literally half the price. Honestly can't tell the difference in daily use.,브랜드 제품이랑 한참 고민했는데 이쪽이 딱 절반 가격이에요. 솔직히 일상 사용에서 차이를 모르겠어요.,3.5,중립
S1_EN_T1_008,S1,Price-Sensitive,POS,T1,가격/비용,Price/Cost,Webcam,Needed something fast when I started working from home and this had the best image quality in this price range. Worth every penny.,재택 시작하면서 급하게 찾았는데 이 가격대에서 화질이 제일 낫더라고요. 돈값 충분히 해요.,3.5,중립
S1_EN_T1_009,S1,Price-Sensitive,POS,T1,가격/비용,Price/Cost,Wireless Charger,"Official chargers are ridiculously overpriced so I went looking for an alternative. Same charging speed, one third of the cost.",정품 충전기가 너무 비싸서 대체품 찾아봤어요. 충전 속도 똑같은데 가격은 1/3이에요.,4.0,긍정
S1_EN_T1_010,S1,Price-Sensitive,POS,T1,가격/비용,Price/Cost,Mechanical Keyboard,Found this while hunting for a budget entry-level board and couldn't believe it's full-size at this price. Typing feel is surprisingly decent too.,입문용 저가형 찾다 발견했는데 이 가격에 풀배열이라니 믿기지 않았어요. 타건감도 생각보다 꽤 괜찮아요.,3.5,중립
S1_EN_T1_011,S1,Price-Sensitive,POS,T1,가격/비용,Price/Cost,Laptop Stand,Does exactly the same thing as the branded stands but costs three times less. Bought without hesitation and have zero complaints.,브랜드 거치대랑 하는 일은 똑같은데 가격이 세 배 차이나요. 망설임 없이 샀고 불만 제로예요.,4.0,긍정
S1_EN_T1_012,S1,Price-Sensitive,POS,T1,가격/비용,Price/Cost,Earbud Case,"Compatible case is one tenth the price of the official one. Identical functionality, finish is fine — couldn't be happier.",정품 가격의 10분의 1짜리 호환 케이스예요. 기능 동일하고 마감도 괜찮아서 이보다 만족스러울 수 없어요.,3.5,중립
S1_EN_T1_013,S1,Price-Sensitive,POS,T1,가격/비용,Price/Cost,Tablet,"Even compared to used market prices, this new unit came out cheaper. Stacked a coupon on top of the sale — best shopping win this month.",중고 시세랑 비교해도 이 신품 가격이 더 쌌어요. 할인에 쿠폰까지 겹쳐서 이번 달 쇼핑 최고의 결과예요.,4.0,긍정
S1_EN_T1_014,S1,Price-Sensitive,POS,T1,가격/비용,Price/Cost,Smartwatch,Compared prices across every marketplace and bought from the cheapest listing. Features-to-price ratio makes this the best value in its category.,마켓플레이스 전부 가격 비교해서 제일 저렴한 곳에서 샀어요. 기능 대비 가격으로 이 카테고리 가성비 1등이에요.,3.5,중립
S1_EN_T2_015,S1,Price-Sensitive,POS,T2,성능/스펙,Performance/Specs,Wireless Earbuds,Active noise cancellation at this price range is kind of wild. It's not flawless but it absolutely delivers what you're paying for.,이 가격대에서 노이즈캔슬링이 된다는 게 좀 말이 안 되는 수준이에요. 완벽하진 않지만 돈값은 확실히 해요.,3.5,중립
S1_EN_T2_016,S1,Price-Sensitive,POS,T2,성능/스펙,Performance/Specs,Portable SSD,Read speeds match the listed specs exactly. No real-world difference from pricier drives and the cost per GB is way better.,읽기 속도가 스펙표 그대로 나와요. 비싼 드라이브랑 체감 차이도 없고 GB당 가격은 훨씬 유리해요.,4.0,긍정
S1_EN_T2_017,S1,Price-Sensitive,POS,T2,성능/스펙,Performance/Specs,Power Bank,30W fast charging at this price? I timed the charge cycle and it came out nearly identical to the official spec sheet.,이 가격에 30W 고속충전이요? 직접 충전 시간 재봤더니 공식 스펙이랑 거의 똑같이 나왔어요.,4.0,긍정
S1_EN_T2_018,S1,Price-Sensitive,POS,T2,성능/스펙,Performance/Specs,Webcam,Had no idea 1080p was even possible at this price. Compared it side by side with a name-brand cam and couldn't see a difference.,이 가격에 1080p가 가능한 줄 몰랐어요. 브랜드 웹캠이랑 나란히 놓고 비교했는데 차이를 못 찾겠어요.,3.5,중립
S1_EN_T2_019,S1,Price-Sensitive,POS,T2,성능/스펙,Performance/Specs,Bluetooth Speaker,IPX7 waterproofing and 12-hour battery life is impressive for a budget unit. Held its own against speakers twice the price.,저가형인데 IPX7 방수에 배터리 12시간이라니 대단하네요. 두 배짜리 스피커랑 붙어도 밀리지 않았어요.,3.5,중립
S1_EN_T2_020,S1,Price-Sensitive,POS,T2,성능/스펙,Performance/Specs,Wireless Mouse,Four-stage DPI adjustment means it works fine for detail work. With specs like these I genuinely don't see the point of spending more.,DPI 4단계 조절이 돼서 세밀한 작업도 문제없어요. 이 스펙이면 굳이 더 비싼 거 살 이유를 모르겠어요.,3.5,중립
S1_EN_T2_021,S1,Price-Sensitive,POS,T2,성능/스펙,Performance/Specs,Mechanical Keyboard,Blue switches feel exactly right and the response time is fast. My typing experience has genuinely improved for the price I paid.,청축 느낌이 딱 맞고 반응속도도 빨라요. 지불한 가격 대비 타이핑 경험이 확실히 좋아졌어요.,4.0,긍정
S1_EN_T2_022,S1,Price-Sensitive,POS,T2,성능/스펙,Performance/Specs,USB Hub,Five USB 3.0 ports at this price is kind of absurd. Benchmarked the transfer speeds and they matched the specs perfectly.,이 가격에 USB 3.0 포트가 5개라니 좀 말이 안 되죠. 전송 속도 직접 재봤는데 스펙 그대로 나왔어요.,3.5,중립
S1_EN_T2_023,S1,Price-Sensitive,POS,T2,성능/스펙,Performance/Specs,Smartwatch,"Heart rate and sleep tracking are both on board, and when I compared the readings against a premium brand they came out almost identical.","심박수랑 수면 분석 기능 둘 다 있는데, 프리미엄 브랜드 제품이랑 수치 비교해봤더니 거의 비슷하게 나왔어요.",3.5,중립
S1_EN_T2_024,S1,Price-Sensitive,POS,T2,성능/스펙,Performance/Specs,Wireless Charger,15W output with no overheating and charging speed right in line with the spec. This proves you really don't need to pay premium prices.,15W 출력에 발열도 없고 충전 속도 스펙대로 나와요. 비싼 거 안 사도 된다는 걸 이 제품이 증명하네요.,4.0,긍정
S1_EN_T2_025,S1,Price-Sensitive,POS,T2,성능/스펙,Performance/Specs,Laptop Stand,Rated up to 8kg so my laptop sits completely stable. Doubted it because of the price but the build quality passes the test.,최대 8kg 하중이라 노트북 올려도 완전히 안정적이에요. 가격 때문에 의심했는데 내구성 면에서 합격이에요.,3.5,중립
S1_EN_T3_026,S1,Price-Sensitive,POS,T3,디자인/외관,Design/Appearance,Wireless Earbuds,The case doesn't look or feel cheap at all. Showed a friend and they assumed it was expensive — that's all I needed to hear.,"케이스가 전혀 저렴해 보이거나 느껴지지 않아요. 친구한테 보여줬더니 비싼 거 줄 알더라고요, 그 말로 충분해요.",3.5,중립
S1_EN_T3_027,S1,Price-Sensitive,POS,T3,디자인/외관,Design/Appearance,Smartwatch,Metal body finish at this price genuinely surprised me. Wore it out and nobody would have guessed it was budget-tier.,이 가격에 메탈 바디 마감이라니 솔직히 놀랐어요. 차고 나갔는데 아무도 저가형이라고 생각 못 했을 거예요.,4.0,긍정
S1_EN_T3_028,S1,Price-Sensitive,POS,T3,디자인/외관,Design/Appearance,Bluetooth Speaker,Fabric exterior fits right in with my home decor. Put it next to a premium brand speaker and it held its own visually.,패브릭 외관이 인테리어랑 딱 어울려요. 프리미엄 브랜드 스피커 옆에 뒀는데 외관으로는 전혀 안 밀려요.,3.5,중립
S1_EN_T3_029,S1,Price-Sensitive,POS,T3,디자인/외관,Design/Appearance,Mechanical Keyboard,RGB lighting included at this price is something I didn't expect. Sets a great mood for late-night work sessions — best value keyboard I've owned.,"이 가격에 RGB 조명이 포함될 줄은 몰랐어요. 야간 작업할 때 분위기 제대로 나고, 지금까지 산 키보드 중 가성비 최고예요.",4.0,긍정
S1_EN_T3_030,S1,Price-Sensitive,POS,T3,디자인/외관,Design/Appearance,Wireless Mouse,Grip is better than expected and the look is clean enough to pass at the office. A coworker actually asked me what brand it was.,그립감이 예상보다 좋고 외형도 회사에서 써도 될 만큼 깔끔해요. 동료가 어디 브랜드냐고 실제로 물어봤어요.,3.5,중립
S1_EN_T3_031,S1,Price-Sensitive,POS,T3,디자인/외관,Design/Appearance,Power Bank,Slim and light for a budget power bank — barely notice it in my bag. Got this capacity at this price and it looks way more premium than it costs.,이 가격에 이렇게 슬림하고 가벼운 보조배터리가 있을 줄 몰랐어요. 용량도 넉넉한데 외형은 비싼 제품처럼 보여서 가성비 완승이에요.,3.5,중립
S1_EN_T3_032,S1,Price-Sensitive,POS,T3,디자인/외관,Design/Appearance,Laptop Stand,Aluminum finish matches my laptop perfectly. Set it next to an expensive Apple stand and it genuinely doesn't look out of place.,알루미늄 마감이 노트북이랑 딱 맞아요. 비싼 애플 거치대 옆에 놔도 전혀 어색하지 않아요.,3.5,중립
S1_EN_T3_033,S1,Price-Sensitive,POS,T3,디자인/외관,Design/Appearance,Smart Bulb,Color control through the app makes it a legit mood light. This proved I don't need to spend a lot to get the ambiance I wanted.,앱으로 색상 조절이 되니까 진짜 분위기 조명으로 손색없어요. 원하는 분위기 내려고 비쌀 필요 없다는 걸 알았어요.,4.0,긍정
S1_EN_T3_034,S1,Price-Sensitive,POS,T3,디자인/외관,Design/Appearance,Earbud Case,Color matched the product photos exactly and the finish is clean. Almost bought the official version — this was clearly the smarter call.,색상이 제품 사진이랑 정확히 같고 마감도 깔끔해요. 정품 살 뻔했는데 이게 확실히 더 현명한 선택이었네요.,3.5,중립
S1_EN_T4_035,S1,Price-Sensitive,POS,T4,배송/서비스,Shipping/Service,Tablet,Ordered in the morning and it showed up the same evening. Lowest price AND Prime shipping — there's really no reason to buy from anywhere else.,오전에 주문했는데 같은 날 저녁에 왔어요. 최저가에 프라임 배송까지 되는데 다른 데서 살 이유가 없죠.,4.0,긍정
S1_EN_T4_036,S1,Price-Sensitive,POS,T4,배송/서비스,Shipping/Service,Portable SSD,Packaging was solid — no damage concerns at all. Bought cheap and it still arrived well-protected. No reason not to reorder from here.,포장이 튼튼해서 파손 걱정이 전혀 없었어요. 싸게 샀는데 포장까지 꼼꼼하니까 재주문 안 할 이유가 없어요.,4.0,긍정
S1_EN_T4_037,S1,Price-Sensitive,POS,T4,배송/서비스,Shipping/Service,Webcam,Showed up the next day. Had the cheapest listing and the fastest shipping — this is the only seller I'll use going forward.,"다음 날 바로 왔어요. 가격도 제일 저렴하고 배송도 제일 빨랐어요, 앞으로 여기서만 살 거예요.",3.5,중립
S1_EN_T4_038,S1,Price-Sensitive,POS,T4,배송/서비스,Shipping/Service,Wireless Earbuds,"Reported a defect and they processed an exchange immediately. Bought something budget-priced and still got fast, hassle-free support.",불량 신고했더니 바로 교환 처리해줬어요. 저렴한 제품 샀는데 빠르고 간편한 AS까지 받다니 만족스러워요.,3.5,중립
S1_EN_T4_039,S1,Price-Sensitive,POS,T4,배송/서비스,Shipping/Service,USB Hub,Arrived with the box in perfect condition. Fast shipping and careful packing at this price — definitely ordering again.,"박스 완벽한 상태로 도착했어요. 이 가격에 빠른 배송에 꼼꼼한 포장까지, 다음에도 무조건 여기서 살게요.",4.0,긍정
S1_EN_T4_040,S1,Price-Sensitive,POS,T4,배송/서비스,Shipping/Service,Smartwatch,Listed as same-day dispatch and it actually came that evening. Budget seller but the service level matches the big platforms.,당일 출고라고 해서 반신반의했는데 그날 저녁에 진짜 왔어요. 저가 판매처인데 서비스가 대형 플랫폼 수준이에요.,3.5,중립
S1_EN_T4_041,S1,Price-Sensitive,POS,T4,배송/서비스,Shipping/Service,Power Bank,"Picked the wrong color and customer service updated my order before it shipped. Cheap price, quality service — proves the two aren't mutually exclusive.","색상 잘못 골랐는데 출고 전에 수정해달라고 했더니 처리해줬어요. 싼 가격에 질 좋은 서비스, 둘이 양립 가능하다는 걸 증명했네요.",3.5,중립
S1_EN_T5_042,S1,Price-Sensitive,POS,T5,사용 편의성,Ease of Use,Smart Bulb,App setup was ridiculously easy. Assumed budget meant complicated but the whole thing was done in five minutes and now I just use voice commands.,앱 설정이 말도 안 되게 쉬워요. 저렴하면 복잡할 줄 알았는데 5분 만에 다 끝나고 지금은 그냥 음성으로 써요.,3.5,중립
S1_EN_T5_043,S1,Price-Sensitive,POS,T5,사용 편의성,Ease of Use,Wireless Mouse,"Plug in the receiver and it just works. No driver install, no setup screen — plug-and-play usability at this price is beyond what I expected.","수신기 꽂으면 그냥 돼요. 드라이버 설치도 없고 설정 화면도 없어요, 이 가격에 이런 플러그앤플레이가 기대 이상이에요.",4.0,긍정
S1_EN_T5_044,S1,Price-Sensitive,POS,T5,사용 편의성,Ease of Use,Wireless Charger,Just set the phone down and it charges. No more fumbling with cables at night and no wear on the port — all of that for this price is wild.,"폰 올려놓기만 하면 충전돼요. 밤에 케이블 더듬을 일도 없고 단자 마모 걱정도 없어요, 이 가격에 이 편함이라니 진짜 대박이에요.",4.0,긍정
S1_EN_T5_045,S1,Price-Sensitive,POS,T5,사용 편의성,Ease of Use,USB Hub,Every port recognized instantly with zero setup — didn't expect this from a budget hub. Saved money going with this over the branded options and it works just as well.,"드라이버 설치 없이 꽂자마자 전 포트 인식됐어요. 비싼 브랜드 허브 안 사고 이걸 선택한 게 진짜 잘한 거 같아요, 기능 차이가 없어요.",3.5,중립
S1_EN_T1_046,S1,Price-Sensitive,POS,T1,가격/비용,Price/Cost,Smart Bulb,Set a price alert and waited two weeks — finally dropped to where I wanted it. Patience pays off when you're not willing to overpay.,가격 알림 설정해두고 2주 기다렸는데 드디어 원하는 가격으로 내려왔어요. 비싸게 사기 싫으면 기다리는 게 이득이에요.,3.0,중립
S1_EN_T2_047,S1,Price-Sensitive,POS,T2,성능/스펙,Performance/Specs,Portable SSD,Didn't expect much at this price but transfer speeds are genuinely solid. Ran a few file moves and it kept up — no complaints from a budget buyer.,"이 가격에 별로 기대 안 했는데 전송 속도가 진짜 괜찮아요. 파일 몇 번 옮겨봤는데 충분하고, 저렴하게 산 입장에서 불만 없어요.",3.5,중립
S1_EN_T3_048,S1,Price-Sensitive,POS,T3,디자인/외관,Design/Appearance,Wireless Charger,Clean minimal look for the price — doesn't stick out awkwardly on a desk. Bought it for the specs but the appearance is a bonus I didn't expect.,이 가격에 이렇게 깔끔한 디자인이에요. 책상에 놔도 어색하지 않아요. 스펙 보고 샀는데 외형도 마음에 들어서 보너스 받은 느낌이에요.,4.0,긍정
S1_EN_T4_049,S1,Price-Sensitive,POS,T4,배송/서비스,Shipping/Service,Mechanical Keyboard,Cheapest listing I found and it still shipped same day. Budget buy with no compromise on the delivery — that combination keeps me coming back.,찾은 것 중에 제일 저렴한 곳이었는데 당일 출고였어요. 저렴하게 샀는데 배송까지 빠르면 이 쇼핑몰만 계속 이용하게 돼요.,4.0,긍정
S1_EN_T5_050,S1,Price-Sensitive,POS,T5,사용 편의성,Ease of Use,Bluetooth Speaker,Paired in under ten seconds and never lost connection. For a budget speaker the setup experience is surprisingly smooth — no frustration at all.,10초도 안 돼서 페어링됐고 연결이 끊긴 적도 없어요. 저렴한 스피커인데 연결 경험이 생각보다 훨씬 편해요. 불편함이 없어요.,3.5,중립
S1_POS2_T1_001,S1,Price-Sensitive,POS,T1,가격/비용,Price/Cost,Wireless Earbuds,Found a coupon stacked on top of an already discounted price. Ended up paying less than half the listed price — that's the kind of deal I wait months for.,이미 할인된 가격에 쿠폰까지 겹쳤어요. 정가의 절반도 안 내고 샀어요. 이런 딜 기다리다 보면 진짜 오는 것 같아요.,4.5,긍정
S1_POS2_T1_002,S1,Price-Sensitive,POS,T1,가격/비용,Price/Cost,USB Hub,Price-matched it across four different stores before buying. This was the cheapest by a clear margin and it works exactly as expected.,네 군데 가격 비교하고 샀어요. 여기가 확실히 제일 쌌고 기대한 대로 잘 작동해요.,3.5,중립
S1_POS2_T1_003,S1,Price-Sensitive,POS,T1,가격/비용,Price/Cost,Mechanical Keyboard,Waited three weeks for a price drop and it finally dipped into my budget. Patience and price alerts are the only shopping strategy I need.,"가격 떨어지길 3주 기다렸는데 드디어 예산 안으로 들어왔어요. 기다림과 가격 알림, 이게 제 쇼핑 전략이에요.",4.0,긍정
S1_POS2_T1_004,S1,Price-Sensitive,POS,T1,가격/비용,Price/Cost,Smartwatch,Open-box deal saved me 35% with no visible defects at all. Getting almost-new quality at a big discount is the only way to shop electronics.,오픈박스 딜로 35% 아꼈는데 외관 이상 전혀 없어요. 전자제품은 이렇게 사는 거죠.,4.5,긍정
S1_POS2_T1_005,S1,Price-Sensitive,POS,T1,가격/비용,Price/Cost,Portable SSD,Members-only sale price was significantly lower than the regular listing. Signing up for the membership paid for itself with just this one purchase.,회원 전용 세일 가격이 일반 가격보다 확연히 낮았어요. 멤버십 가입비를 이번 구매 한 번으로 뽑았네요.,4.0,긍정
S1_POS2_T1_006,S1,Price-Sensitive,POS,T1,가격/비용,Price/Cost,Bluetooth Speaker,End-of-season clearance knocked it down to a price that felt almost too good. Checked reviews carefully before pulling the trigger and no regrets.,시즌 말 재고 정리 세일에 말도 안 되는 가격이 됐어요. 리뷰 꼼꼼히 확인하고 샀는데 후회 없어요.,3.5,중립
S1_POS2_T1_007,S1,Price-Sensitive,POS,T1,가격/비용,Price/Cost,Smart Bulb,Bought the whole pack at once because per-unit price drops significantly at volume. Every bulb in my house is now this brand thanks to the bulk discount.,묶음으로 사면 개당 가격이 확 내려가서 한 번에 다 샀어요. 우리 집 전구가 다 이 브랜드가 됐어요.,4.0,긍정
S1_POS2_T1_008,S1,Price-Sensitive,POS,T1,가격/비용,Price/Cost,Wireless Mouse,Refurbished unit looked brand new and cost 40% less. Can't justify paying full price for new when the condition is this good.,리퍼브 제품인데 새 제품 같아 보이고 40% 저렴해요. 이 상태면 새 제품 정가 낼 이유가 없죠.,4.5,긍정
S1_POS2_T1_009,S1,Price-Sensitive,POS,T1,가격/비용,Price/Cost,Webcam,Compared the specs dollar for dollar against more expensive options. This one won every category that actually matters for the price I paid.,비싼 제품이랑 돈 대비 스펙 하나하나 비교했는데 이게 제가 낸 가격 대비 중요한 항목에서 다 이겼어요.,3.5,중립
S1_POS2_T1_010,S1,Price-Sensitive,POS,T1,가격/비용,Price/Cost,Laptop Stand,New seller promotion cut the price in half for first-time buyers. Glad I checked because I almost paid full price on a different platform.,신규 판매자 프로모션으로 첫 구매 반값이었어요. 확인하길 잘했어요. 다른 플랫폼에서 정가 낼 뻔했거든요.,4.0,긍정
S1_POS2_T1_011,S1,Price-Sensitive,POS,T1,가격/비용,Price/Cost,Tablet,Education discount dropped it well below what I expected to spend. More features than I need at a price I'm comfortable with.,교육 할인 받으니까 생각보다 훨씬 싸게 샀어요. 필요 이상의 기능에 부담 없는 가격이에요.,5.0,긍정
S1_POS2_T1_012,S1,Price-Sensitive,POS,T1,가격/비용,Price/Cost,Power Bank,Trade-in credit for my old one covered almost half the cost of this new one. Upgrading without spending much is the best kind of upgrade.,예전 거 보상 판매로 새 제품 값의 절반 가까이 커버했어요. 돈 별로 안 쓰고 업그레이드하는 게 최고예요.,4.5,긍정
S1_POS2_T1_013,S1,Price-Sensitive,POS,T1,가격/비용,Price/Cost,Wireless Charger,Cashback app returned 12% on top of an already competitive price. Stacking discounts is a skill and this purchase was a masterclass.,캐시백 앱에서 이미 저렴한 가격에 12%를 더 돌려줬어요. 할인 쌓는 게 기술인데 이번 구매가 그 정점이었어요.,3.5,중립
S1_POS2_T1_014,S1,Price-Sensitive,POS,T1,가격/비용,Price/Cost,Earbud Case,Third-party version at a tenth of the official price does literally everything the same. Paying for the logo is not something I'm willing to do.,서드파티 버전이 정품 가격의 10분의 1인데 기능이 똑같아요. 로고 값 내는 건 제 스타일이 아니에요.,3.5,중립
S1_POS2_T1_015,S1,Price-Sensitive,POS,T1,가격/비용,Price/Cost,Mechanical Keyboard,Group buy pricing knocked nearly 30% off what this normally goes for. Worth the wait — the price difference more than justifies the delay.,공동구매 가격으로 원래 가격에서 30% 가까이 빠졌어요. 기다린 보람 있어요. 가격 차이가 기다림을 충분히 정당화해요.,4.0,긍정
S1_POS2_T1_016,S1,Price-Sensitive,POS,T1,가격/비용,Price/Cost,Smart Bulb,App-exclusive coupon made this cheaper than I'd seen it anywhere in the past six months. Set alerts and strike when the price is right.,앱 전용 쿠폰으로 최근 6개월 중 제일 싼 가격이 됐어요. 알림 설정하고 가격 맞으면 바로 사는 게 정답이에요.,5.0,긍정
S1_POS2_T1_017,S1,Price-Sensitive,POS,T1,가격/비용,Price/Cost,USB Hub,Holiday sale timing was perfect — bought two as gifts and spent less total than one would have cost at regular price.,연말 세일 타이밍이 완벽했어요. 선물용으로 두 개 샀는데 정가 한 개 값도 안 들었어요.,4.0,긍정
S1_POS2_T1_018,S1,Price-Sensitive,POS,T1,가격/비용,Price/Cost,Portable SSD,Price history graph showed it was at an all-time low. Pulled the trigger immediately and glad I did — it went back up two days later.,가격 히스토리 그래프 보니 역대 최저가였어요. 바로 샀는데 이틀 후에 다시 올랐어요. 잘 잡았네요.,5.0,긍정
S1_POS2_T2_019,S1,Price-Sensitive,POS,T2,성능/스펙,Performance/Specs,Wireless Earbuds,Battery life exceeded the advertised spec by a solid margin. Getting more than what was promised at budget price is the definition of a good deal.,배터리 수명이 광고 스펙보다 확실히 더 나와요. 저렴하게 샀는데 약속보다 더 주면 그게 진짜 좋은 딜이죠.,4.5,긍정
S1_POS2_T2_020,S1,Price-Sensitive,POS,T2,성능/스펙,Performance/Specs,Power Bank,Actual capacity tested out at 94% of the rating — better than most budget options I've checked. This one actually delivers what it promises.,실제 용량 테스트해봤더니 표기의 94% 나왔어요. 제가 확인해본 저가 제품 중에 제일 잘 나왔어요. 약속을 지키네요.,4.5,긍정
S1_POS2_T2_021,S1,Price-Sensitive,POS,T2,성능/스펙,Performance/Specs,Portable SSD,Sequential read benchmarks came within 5% of the advertised spec. For a drive at this price I was honestly expecting worse.,순차 읽기 벤치마크가 광고 스펙의 5% 이내로 나왔어요. 이 가격 드라이브치고는 솔직히 더 못할 줄 알았어요.,4.0,긍정
S1_POS2_T2_022,S1,Price-Sensitive,POS,T2,성능/스펙,Performance/Specs,Bluetooth Speaker,Volume level at this price is surprising. Doesn't distort until you push it well past where I'd ever actually listen — that's all I need.,이 가격에 볼륨이 생각보다 커요. 내가 들을 수준보다 훨씬 올려도 찢어지지 않아요. 그게 다예요.,3.5,중립
S1_POS2_T2_023,S1,Price-Sensitive,POS,T2,성능/스펙,Performance/Specs,Webcam,Auto white balance adjusts noticeably better than the other cheap cam I tried. At this price difference the improvement is clearly worth it.,오토 화이트밸런스가 써봤던 다른 저가 웹캠보다 확실히 잘 잡혀요. 가격 차이 대비 개선이 확실히 의미 있어요.,3.5,중립
S1_POS2_T2_024,S1,Price-Sensitive,POS,T2,성능/스펙,Performance/Specs,Wireless Mouse,"Tracking accuracy on different surfaces is solid for a budget mouse. Tested it on wood, fabric, and glass — only glass gave any trouble.","저가 마우스치고 다양한 표면에서 추적이 안정적이에요. 나무, 천, 유리 다 테스트했는데 유리만 좀 힘들더라고요.",3.5,중립
S1_POS2_T2_025,S1,Price-Sensitive,POS,T2,성능/스펙,Performance/Specs,Smart Bulb,Brightness output matches what was listed and the color rendering is better than budget bulbs usually manage. Good enough and cheap — perfect combo.,밝기 출력이 표기대로 나오고 연색성이 보통 저가 전구보다 낫네요. 충분히 좋고 저렴해요. 완벽한 조합이에요.,4.0,긍정
S1_POS2_T2_026,S1,Price-Sensitive,POS,T2,성능/스펙,Performance/Specs,Mechanical Keyboard,Actuation feel is consistent across every key I've tested. Inconsistency is the usual problem with cheap keyboards and this one avoids it.,테스트해본 모든 키에서 액추에이션 느낌이 일정해요. 저가 키보드의 흔한 문제인 불균일이 없어요.,4.5,긍정
S1_POS2_T2_027,S1,Price-Sensitive,POS,T2,성능/스펙,Performance/Specs,USB Hub,All ports charged and transferred simultaneously without any speed degradation. Multi-device performance at this price is genuinely impressive.,포트 전부 동시에 충전하고 전송해도 속도 저하 없어요. 이 가격에 멀티 디바이스 성능이 진짜 인상적이에요.,5.0,긍정
S1_POS2_T2_028,S1,Price-Sensitive,POS,T2,성능/스펙,Performance/Specs,Wireless Charger,Tested it with three different phones and hit rated wattage on all of them. Consistency across devices at budget price is hard to find.,폰 세 종류로 테스트했는데 전부 표기 와트로 충전됐어요. 저가에 기기 상관없이 일관된 출력은 찾기 어려워요.,4.0,긍정
S1_POS2_T2_029,S1,Price-Sensitive,POS,T2,성능/스펙,Performance/Specs,Tablet,Scrolling performance stays smooth even with multiple apps open. For a mid-range priced device the chip is doing more than I expected.,앱 여러 개 띄워놔도 스크롤이 부드럽게 유지돼요. 이 가격대 기기치고 칩이 생각보다 많이 해줘요.,4.0,긍정
S1_POS2_T2_030,S1,Price-Sensitive,POS,T2,성능/스펙,Performance/Specs,Smartwatch,Step count accuracy was within 3% of my reference device. For a watch at this price that level of sensor reliability is more than I expected.,걸음 수 정확도가 기준 기기와 3% 이내 차이예요. 이 가격대 시계치고 센서 신뢰성이 기대 이상이에요.,4.5,긍정
S1_POS2_T2_031,S1,Price-Sensitive,POS,T2,성능/스펙,Performance/Specs,Earbud Case,Wireless charging coil in this third-party case aligns perfectly every time. Charging consistency better than some official cases I've tried.,이 서드파티 케이스 무선 충전 코일이 매번 딱 맞게 정렬돼요. 써봤던 정품 케이스보다 충전 일관성이 나아요.,5.0,긍정
S1_POS2_T2_032,S1,Price-Sensitive,POS,T2,성능/스펙,Performance/Specs,Laptop Stand,Holds firm with a 2.5kg laptop and doesn't wobble. Structural stability at this price point was my main doubt and it's been answered.,2.5kg 노트북 올려도 단단하게 잡혀요. 이 가격에 구조적 안정성이 제일 걱정이었는데 해결됐어요.,3.5,중립
S1_POS2_T3_033,S1,Price-Sensitive,POS,T3,디자인/외관,Design/Appearance,Wireless Earbuds,Matte finish on the case makes it look considerably more expensive than it is. No one looking at it would guess the price I paid.,케이스 매트 마감이 가격보다 훨씬 비싸 보여요. 외관만 보면 제가 얼마 줬는지 아무도 못 맞힐 거예요.,4.0,긍정
S1_POS2_T3_034,S1,Price-Sensitive,POS,T3,디자인/외관,Design/Appearance,Bluetooth Speaker,Fabric wrap color matches my room's palette surprisingly well for something I bought without seeing in person first. Budget buy with a design win.,실물 못 보고 샀는데 패브릭 색상이 방 분위기랑 놀랍도록 잘 맞아요. 저렴하게 샀는데 디자인도 성공이에요.,3.5,중립
S1_POS2_T3_035,S1,Price-Sensitive,POS,T3,디자인/외관,Design/Appearance,Laptop Stand,Brushed aluminum finish doesn't show scratches easily and holds up to daily bag-in-bag-out use. Durable look without paying a durability premium.,브러시드 알루미늄 마감이 스크래치가 잘 안 보이고 매일 가방에 넣고 다녀도 버텨요. 내구성 프리미엄 안 내고 내구성 외관이에요.,4.0,긍정
S1_POS2_T3_036,S1,Price-Sensitive,POS,T3,디자인/외관,Design/Appearance,Smartwatch,Slim profile makes it look like a premium fashion watch rather than a budget fitness tracker. Form factor is doing a lot of work here.,슬림한 프로파일이 저가 피트니스 트래커가 아닌 고급 패션 시계처럼 보여요. 폼 팩터가 엄청난 역할을 하고 있어요.,4.5,긍정
S1_POS2_T3_037,S1,Price-Sensitive,POS,T3,디자인/외관,Design/Appearance,Wireless Mouse,Symmetric design works for both hands and looks clean on desk. Nothing about the appearance says 'cheap' which matters more than I thought.,좌우 대칭 디자인이라 양손 다 되고 책상 위에 깔끔해 보여요. 외관에서 '저렴함'이 안 보이는 게 생각보다 중요하더라고요.,3.5,중립
S1_POS2_T3_038,S1,Price-Sensitive,POS,T3,디자인/외관,Design/Appearance,USB Hub,Cable exits from the back so the hub sits clean on the desk without wires sprawling forward. Thoughtful design detail at an unthoughtful price.,케이블이 뒤쪽으로 나와서 앞으로 선이 안 퍼지고 깔끔하게 놓여요. 저렴한 가격에 세심한 디자인 디테일이에요.,4.0,긍정
S1_POS2_T3_039,S1,Price-Sensitive,POS,T3,디자인/외관,Design/Appearance,Power Bank,"No branding on the front face — just clean flat surface. In a sea of logo-heavy budget gadgets, restraint is a design choice I appreciate.",앞면에 브랜딩이 없어요. 그냥 깔끔한 평면이에요. 로고 도배 저가 가젯 넘쳐나는 세상에서 절제가 제가 높이 사는 디자인이에요.,3.5,중립
S1_POS2_T3_040,S1,Price-Sensitive,POS,T3,디자인/외관,Design/Appearance,Webcam,Compact enough that it barely registers on top of the monitor. I wanted it to disappear into the setup and it does exactly that.,충분히 작아서 모니터 위에 거의 눈에 안 띄어요. 셋업에 녹아들었으면 했는데 딱 그렇게 됐어요.,4.0,긍정
S1_POS2_T3_041,S1,Price-Sensitive,POS,T3,디자인/외관,Design/Appearance,Smart Bulb,"Frosted globe design diffuses light evenly without a hot spot. Looks intentional rather than cheap, which is all I ask at this price.",유리 전구 디자인이 핫스팟 없이 빛을 고르게 퍼뜨려요. 저렴한 느낌이 아니라 의도적인 느낌이에요. 이 가격에 그거면 충분해요.,5.0,긍정
S1_POS2_T3_042,S1,Price-Sensitive,POS,T3,디자인/외관,Design/Appearance,Mechanical Keyboard,Two-tone colorway turned out to be exactly right for the desk. More visual interest than solid color boards at twice the price.,투톤 색상 조합이 책상에 딱 맞았어요. 두 배 비싼 단색 키보드보다 시각적으로 더 재미있어요.,4.5,긍정
S1_POS2_T3_043,S1,Price-Sensitive,POS,T3,디자인/외관,Design/Appearance,Tablet,Thin bezel gives a much bigger screen feel than the actual screen size. The budget doesn't show in the front-facing design.,얇은 베젤이 실제 화면 크기보다 훨씬 큰 느낌을 줘요. 앞면 디자인에서 저가 느낌이 안 나요.,5.0,긍정
S1_POS2_T3_044,S1,Price-Sensitive,POS,T3,디자인/외관,Design/Appearance,Wireless Charger,Round minimalist pad looks intentional on a nightstand rather than like an afterthought gadget. Design that earns its place.,원형 미니멀 패드가 침대 옆에 그냥 놓인 가젯이 아니라 의도적인 디자인처럼 보여요. 자리를 차지할 자격이 있는 디자인이에요.,3.5,중립
S1_POS2_T4_045,S1,Price-Sensitive,POS,T4,배송/서비스,Shipping/Service,Wireless Earbuds,"Defect reported Monday, replacement shipped Tuesday, arrived Thursday. That turnaround on a budget product genuinely surprised me.","월요일에 불량 신고했더니 화요일 발송, 목요일 도착이에요. 저가 제품에서 이 처리 속도는 진짜 놀라웠어요.",5.0,긍정
S1_POS2_T4_046,S1,Price-Sensitive,POS,T4,배송/서비스,Shipping/Service,Power Bank,"Free shipping despite the low price point — no minimum order, no tricks. Straightforward checkout is something I wish every seller offered.",이 낮은 가격에 무료배송이에요. 최소 주문도 없고 조건도 없어요. 모든 판매자가 이렇게 해줬으면 좋겠어요.,3.5,중립
S1_POS2_T4_047,S1,Price-Sensitive,POS,T4,배송/서비스,Shipping/Service,Portable SSD,"Packaging was triple-layered for something this small. Overkill maybe, but getting a scratch-free product at this price is worth the extra cardboard.",이 작은 제품에 포장이 세 겹이에요. 과한 것 같기도 한데 이 가격에 스크래치 없이 받는 게 박스 값 이상이에요.,4.0,긍정
S1_POS2_T4_048,S1,Price-Sensitive,POS,T4,배송/서비스,Shipping/Service,Smart Bulb,Chat support resolved a setup issue in under five minutes. Quick help on a budget product is rare enough that it's worth mentioning.,채팅 상담에서 설치 문제 5분 안에 해결됐어요. 저가 제품에서 빠른 지원은 드물어서 언급할 가치가 있어요.,4.5,긍정
S1_POS2_T4_049,S1,Price-Sensitive,POS,T4,배송/서비스,Shipping/Service,Bluetooth Speaker,Listed as 5-7 business days but arrived in two. Underpromising and overdelivering on shipping speed is exactly the right approach.,5~7영업일이라고 했는데 이틀 만에 왔어요. 배송 속도에서 과소 약속 후 초과 이행하는 게 딱 맞는 접근이에요.,4.0,긍정
S1_POS2_T4_050,S1,Price-Sensitive,POS,T4,배송/서비스,Shipping/Service,Laptop Stand,Size issue handled with no questions — just a return label and a replacement on the way. Hassle-free returns matter more when you're buying on a budget.,사이즈 문제 아무 질문 없이 반품 라벨 주고 교환품 바로 보내줬어요. 저렴하게 살수록 번거롭지 않은 반품이 더 중요해요.,3.5,중립
S1_POS2_T4_051,S1,Price-Sensitive,POS,T4,배송/서비스,Shipping/Service,USB Hub,Tracking updates every few hours kept me in the loop without having to check obsessively. Small detail that makes a difference.,몇 시간마다 배송 업데이트가 와서 집착적으로 확인 안 해도 됐어요. 작은 디테일인데 차이가 나요.,3.5,중립
S1_POS2_T4_052,S1,Price-Sensitive,POS,T4,배송/서비스,Shipping/Service,Mechanical Keyboard,Arrived same day I placed the order. Not even next-day — actual same-day. For a budget purchase that's an experience that costs nothing extra.,주문한 날 당일에 왔어요. 다음 날도 아니고 그날이요. 저렴한 구매에서 이 경험은 추가 비용이 없어요.,5.0,긍정
S1_POS2_T4_053,S1,Price-Sensitive,POS,T4,배송/서비스,Shipping/Service,Tablet,Price protection refund was processed automatically when it dropped within the policy window. Getting money back without doing anything is peak value.,정책 기간 내에 가격이 내려가니까 가격 보호 환불이 자동으로 처리됐어요. 아무것도 안 하고 돈 돌려받는 게 가치의 극치예요.,4.5,긍정
S1_POS2_T4_054,S1,Price-Sensitive,POS,T4,배송/서비스,Shipping/Service,Smartwatch,30-day return window gave me time to properly evaluate before committing. Generous policy on a budget product shows confidence in what they're selling.,30일 반품 기간이 있어서 결정하기 전에 제대로 평가할 시간이 있었어요. 저가 제품에서 관대한 정책은 파는 것에 대한 자신감이에요.,4.0,긍정
S1_POS2_T5_055,S1,Price-Sensitive,POS,T5,사용 편의성,Ease of Use,Smart Bulb,"Added to my existing smart home ecosystem in about 90 seconds. No hub required, no extra cost, no frustration — exactly what budget smart home should be.","기존 스마트홈 생태계에 90초 만에 추가했어요. 허브 불필요, 추가 비용 없음, 불편함 없음. 저가 스마트홈이 이래야 해요.",5.0,긍정
S1_POS2_T5_056,S1,Price-Sensitive,POS,T5,사용 편의성,Ease of Use,Wireless Mouse,Two-second reconnect when switching between devices saved me from buying a pricier multi-device mouse. This does the job for a fraction.,기기 전환 시 재연결 2초. 비싼 멀티 디바이스 마우스 살 필요가 없어졌어요. 이게 훨씬 저렴하게 그 역할을 해요.,4.5,긍정
S1_POS2_T5_057,S1,Price-Sensitive,POS,T5,사용 편의성,Ease of Use,Wireless Charger,Charging confirmed with a subtle haptic tap on the phone — no need to look or check. Frictionless use at a friction-free price.,"폰에 촉각 탭으로 충전 확인이 돼서 보거나 확인할 필요 없어요. 번거로움 없는 사용, 번거로움 없는 가격이에요.",4.5,긍정
S1_POS2_T5_058,S1,Price-Sensitive,POS,T5,사용 편의성,Ease of Use,USB Hub,"Bus-powered — no separate power adapter needed. One less cable, one less outlet, one less thing to carry. Worth paying even the budget price just for that.","버스 파워라 별도 어댑터 불필요해요. 케이블 하나 줄고, 콘센트 하나 줄고, 들고 다닐 것 하나 줄어요. 그것만으로도 이 저렴한 가격 낼 가치 있어요.",4.0,긍정
S1_POS2_T5_059,S1,Price-Sensitive,POS,T5,사용 편의성,Ease of Use,Mechanical Keyboard,Onboard memory stores my key remaps so they follow the keyboard to any computer. Didn't expect that feature in this price range at all.,온보드 메모리가 키 리맵을 저장해서 어느 컴퓨터에 꽂아도 따라와요. 이 가격대에서 그 기능을 전혀 기대 안 했어요.,3.5,중립
S1_POS2_T5_060,S1,Price-Sensitive,POS,T5,사용 편의성,Ease of Use,Smartwatch,"One-press workout start with automatic sport detection. I didn't need to dig through menus at all — it just figured out I was running. Budget device, smart behavior.","한 번 눌러서 운동 시작, 자동 종목 감지. 메뉴 뒤질 필요 없었어요. 뛰고 있다는 걸 알아서 잡더라고요. 저가 기기인데 똑똑한 행동이에요.",3.5,중립
S1_NEG_T1_001,S1,Price-Sensitive,NEG,T1,가격/비용,Price/Cost,Wireless Earbuds,Thought I was getting a deal but the price jumped back up two days after I bought it. Feels like the 'sale' was fake.,할인가에 샀다고 생각했는데 이틀 후에 가격이 다시 올라가 있더라고요. 세일이 가짜인 것 같아서 기분이 나빠요.,3.0,중립
S1_NEG_T1_002,S1,Price-Sensitive,NEG,T1,가격/비용,Price/Cost,USB Hub,Listed at a low price but then shipping fees pushed it way higher than competitors. The headline price is misleading.,가격은 낮게 표시해놓고 배송비 붙으니까 경쟁 제품보다 더 비싸요. 표시 가격이 기만적이에요.,3.0,중립
S1_NEG_T1_003,S1,Price-Sensitive,NEG,T1,가격/비용,Price/Cost,Power Bank,Paid budget price and got budget quality. Battery capacity is maybe half of what's advertised — not the deal I thought it was.,저렴하게 샀더니 저렴한 품질이 왔어요. 배터리 용량이 광고의 절반도 안 나와요. 싼 게 비지떡이네요.,1.5,부정
S1_NEG_T1_004,S1,Price-Sensitive,NEG,T1,가격/비용,Price/Cost,Smart Bulb,Bought three packs thinking I was saving money. Two of them stopped working within a month. Ended up costing more than just buying quality ones.,3개 묶음 사서 절약했다고 생각했는데 한 달 만에 두 개가 고장났어요. 처음부터 좋은 거 샀으면 더 싸게 먹혔을 것 같아요.,2.5,부정
S1_NEG_T1_005,S1,Price-Sensitive,NEG,T1,가격/비용,Price/Cost,Laptop Stand,The price was the only good thing about it. Completely fell apart after three weeks. Wasted money on something I had to rebuy.,가격만 좋았어요. 3주 만에 완전히 부서졌어요. 결국 다시 사야 해서 돈 낭비가 됐어요.,1.0,부정
S1_NEG_T1_006,S1,Price-Sensitive,NEG,T1,가격/비용,Price/Cost,Wireless Mouse,Price went up right before checkout — was cheaper in my cart for days but the final price was different. Really frustrating.,결제 직전에 가격이 올라갔어요. 며칠 동안 장바구니에서는 더 쌌는데 최종 결제 금액이 달랐어요. 정말 짜증나요.,3.0,중립
S1_NEG_T1_007,S1,Price-Sensitive,NEG,T1,가격/비용,Price/Cost,Portable SSD,Advertised as a flash sale exclusive but the same price was available everywhere else all along. Not a deal at all.,한정 플래시세일이라고 해서 샀는데 다른 곳에서도 똑같은 가격이었어요. 전혀 특별한 가격이 아니었어요.,2.0,부정
S1_NEG_T1_008,S1,Price-Sensitive,NEG,T1,가격/비용,Price/Cost,Mechanical Keyboard,Thought I was getting a full-size keyboard for this price. Turns out it was tenkeyless — that detail was buried in fine print.,이 가격에 풀배열인 줄 알았는데 텐키리스였어요. 그 내용이 아주 작은 글씨로 숨겨져 있었어요.,3.0,중립
S1_NEG_T1_009,S1,Price-Sensitive,NEG,T1,가격/비용,Price/Cost,Webcam,"The low price made sense once I saw the quality. Grainy footage, flimsy build — you really do get what you pay for sometimes.","이 가격이 이해가 되는 품질이에요. 화질 거칠고 만듦새 허술하고, 역시 싼 게 다 이유가 있더라고요.",2.0,부정
S1_NEG_T1_010,S1,Price-Sensitive,NEG,T1,가격/비용,Price/Cost,Wireless Charger,Refund took three weeks and they still deducted a restocking fee. Paid budget price but the hassle of returning it cost me more in time.,환불에 3주 걸렸고 재입고 수수료까지 뗐어요. 저렴하게 샀는데 반품 과정이 더 큰 손해였어요.,2.5,부정
S1_NEG_T1_011,S1,Price-Sensitive,NEG,T1,가격/비용,Price/Cost,Bluetooth Speaker,Same product was 20% cheaper on another platform. Didn't do enough price comparison — annoyed at myself but also at the seller for not being competitive.,"다른 플랫폼에서 20% 더 쌌어요. 가격 비교를 더 했어야 했는데, 저도 저지만 경쟁력 없는 판매자도 문제예요.",3.0,중립
S1_NEG_T1_012,S1,Price-Sensitive,NEG,T1,가격/비용,Price/Cost,Earbud Case,"Cheaper than the original, sure, but it broke in two weeks. Now I need to buy another one — the 'savings' were an illusion.",정품보다 싸긴 한데 2주 만에 부러졌어요. 또 사야 하는 상황이 됐으니 절약한 게 아니에요.,2.0,부정
S1_NEG_T1_013,S1,Price-Sensitive,NEG,T1,가격/비용,Price/Cost,Tablet,Coupon code didn't work at checkout and support was useless. Paid full price for something I planned to get discounted. Really disappointed.,결제 시 쿠폰이 적용이 안 됐고 고객센터도 도움이 안 됐어요. 할인받으려고 산 건데 결국 정가를 내게 됐어요.,3.0,중립
S1_NEG_T1_014,S1,Price-Sensitive,NEG,T1,가격/비용,Price/Cost,Smartwatch,Price looked good until I needed a replacement strap — proprietary connector means I'm locked into their overpriced accessories. Hidden cost trap.,가격이 좋아 보였는데 스트랩 교체가 필요하니까 전용 커넥터라 비싼 액세서리를 써야 해요. 숨겨진 비용 함정이에요.,2.5,부정
S1_NEG_T1_015,S1,Price-Sensitive,NEG,T1,가격/비용,Price/Cost,Laptop Stand,"Described as 'premium aluminum' but it's clearly plastic painted silver. Paid for metal, got plastic — that's fraud as far as I'm concerned.","'프리미엄 알루미늄'이라고 했는데 은색으로 칠한 플라스틱이에요. 금속값 내고 플라스틱 받은 거, 사기 아닌가요.",1.0,부정
S1_NEG_T2_016,S1,Price-Sensitive,NEG,T2,성능/스펙,Performance/Specs,Wireless Earbuds,Advertised as noise-cancelling but there's barely any difference with it on or off. Complete false advertising for the feature I bought it for.,노이즈캔슬링 된다고 해서 샀는데 켜나 끄나 차이가 거의 없어요. 이 기능 때문에 산 건데 명백한 허위 광고예요.,2.5,부정
S1_NEG_T2_017,S1,Price-Sensitive,NEG,T2,성능/스펙,Performance/Specs,Power Bank,"30W fast charging only works on one port, and the product page doesn't make that clear. The other ports top out at 5W. Misleading spec sheet.",30W 고속충전이 포트 하나에서만 돼요. 제품 페이지에 그 내용이 없어요. 나머지 포트는 5W밖에 안 나와요. 스펙 오해하게 만든 거예요.,3.0,중립
S1_NEG_T2_018,S1,Price-Sensitive,NEG,T2,성능/스펙,Performance/Specs,Portable SSD,Benchmarks showed less than half the advertised read speed. It's a cheap drive but lying about specs crosses a line.,벤치마크 돌렸더니 광고 읽기 속도의 절반도 안 나와요. 저렴한 건 이해하는데 스펙 거짓말은 선 넘은 거예요.,2.0,부정
S1_NEG_T2_019,S1,Price-Sensitive,NEG,T2,성능/스펙,Performance/Specs,Webcam,Says 1080p but honestly looks like 480p in real use. The spec is printed on the box but the sensor clearly can't deliver it.,1080p라고 박스에 찍혀있는데 실제로는 480p처럼 보여요. 센서가 스펙을 못 따라가는 거예요.,2.5,부정
S1_NEG_T2_020,S1,Price-Sensitive,NEG,T2,성능/스펙,Performance/Specs,Bluetooth Speaker,Rated at 20W but sounds more like 5W at max volume. Distortion kicks in early and it's painful to listen to loud. Not worth even this price.,20W짜리라고 했는데 최대 볼륨이 5W 느낌이에요. 소리 크게 하면 바로 찢어지고 듣기 힘들어요. 이 가격에도 아깝네요.,2.5,부정
S1_NEG_T2_021,S1,Price-Sensitive,NEG,T2,성능/스펙,Performance/Specs,Wireless Mouse,Polling rate is listed as 1000Hz but the cursor feels laggy compared to my old $10 wired mouse. Something's off with the sensor.,폴링레이트 1000Hz라고 해서 샀는데 만원짜리 유선 마우스보다 커서가 더 버벅거려요. 센서가 뭔가 이상해요.,2.0,부정
S1_NEG_T2_022,S1,Price-Sensitive,NEG,T2,성능/스펙,Performance/Specs,USB Hub,USB 3.0 ports only deliver USB 2.0 speeds in practice. Tested multiple cables and devices — the hub is the bottleneck.,USB 3.0 포트라고 했는데 실제로 USB 2.0 속도밖에 안 나와요. 케이블이랑 기기 여러 개로 테스트했는데 허브가 병목이에요.,2.0,부정
S1_NEG_T2_023,S1,Price-Sensitive,NEG,T2,성능/스펙,Performance/Specs,Mechanical Keyboard,"Keys are inconsistent — some feel heavier, some lighter than the rated actuation force. Quality control is clearly lacking at this price point.",키마다 느낌이 달라요. 어떤 건 더 무겁고 어떤 건 더 가벼워요. 이 가격대 제품의 품질 관리가 엉망이에요.,3.0,중립
S1_NEG_T2_024,S1,Price-Sensitive,NEG,T2,성능/스펙,Performance/Specs,Smartwatch,Heart rate readings are wildly inaccurate — showed 140bpm while I was sitting still. Can't trust any of the health data this watch gives me.,심박수가 완전 엉터리예요. 가만히 앉아있는데 140이 찍혀요. 이 시계가 주는 건강 데이터를 전혀 신뢰할 수가 없어요.,2.5,부정
S1_NEG_T2_025,S1,Price-Sensitive,NEG,T2,성능/스펙,Performance/Specs,Wireless Charger,Charging speed is so slow it barely keeps up with my phone's passive drain. Technically it charges but practically it's useless overnight.,충전 속도가 너무 느려서 폰이 대기 중에 쓰는 전력이랑 겨우 맞먹어요. 기술적으로는 충전이 되는데 실질적으로 밤새 꽂아도 의미가 없어요.,2.5,부정
S1_NEG_T2_026,S1,Price-Sensitive,NEG,T2,성능/스펙,Performance/Specs,Earbud Case,"The hinge broke after a week. For a case that's supposed to protect earbuds, it can't even protect itself.",1주일 만에 힌지가 부러졌어요. 이어폰 보호하라고 쓰는 케이스가 자기 자신도 못 지키네요.,2.5,부정
S1_NEG_T2_027,S1,Price-Sensitive,NEG,T2,성능/스펙,Performance/Specs,Power Bank,Battery capacity dropped noticeably after just 20 charge cycles. Expected degradation over time but not this fast on a brand new unit.,충전 20번 만에 용량이 눈에 띄게 줄었어요. 시간이 지나면 줄어드는 건 이해하는데 새 제품이 이렇게 빠르면 불량이죠.,2.0,부정
S1_NEG_T3_028,S1,Price-Sensitive,NEG,T3,디자인/외관,Design/Appearance,Wireless Earbuds,"Color looks nothing like the product photos. Ordered white, received something closer to yellowish beige. Very misleading listing.",색상이 제품 사진이랑 완전히 달라요. 화이트 주문했는데 누리끼리한 베이지가 왔어요. 심각하게 오해하게 만드는 사진이에요.,3.0,중립
S1_NEG_T3_029,S1,Price-Sensitive,NEG,T3,디자인/외관,Design/Appearance,Bluetooth Speaker,Fabric tears after a few weeks of normal use. For something sitting on a shelf it shouldn't be falling apart this fast.,몇 주 정상적으로 쓰다 보니 패브릭이 찢어졌어요. 선반에 올려놓기만 했는데 이렇게 빨리 망가지면 안 되죠.,2.0,부정
S1_NEG_T3_030,S1,Price-Sensitive,NEG,T3,디자인/외관,Design/Appearance,Mechanical Keyboard,Keycaps started fading after two months of regular use. The legends are barely readable. Cheap dye-sublimation is the obvious culprit.,두 달 사용하니까 키캡이 벌써 지워지고 있어요. 각인이 잘 안 보여요. 싸구려 인쇄 방식을 쓴 게 분명해요.,2.0,부정
S1_NEG_T3_031,S1,Price-Sensitive,NEG,T3,디자인/외관,Design/Appearance,Wireless Mouse,"The coating started peeling off within a month. Sticky, ugly, and uncomfortable to hold. Looks worse than my old ten-year-old mouse.",한 달도 안 돼서 코팅이 벗겨지기 시작했어요. 끈적끈적하고 보기 흉하고 잡기도 불편해요. 10년 된 마우스보다 못 생겼어요.,2.5,부정
S1_NEG_T3_032,S1,Price-Sensitive,NEG,T3,디자인/외관,Design/Appearance,Smartwatch,The screen protector came pre-applied and already had bubbles and scratches. First impression out of the box was just disappointment.,화면 보호필름이 이미 붙어있는데 기포랑 스크래치가 있어요. 개봉하자마자 실망부터 했어요.,3.0,중립
S1_NEG_T3_033,S1,Price-Sensitive,NEG,T3,디자인/외관,Design/Appearance,Laptop Stand,Rubber feet fell off after two weeks leaving scratches on my desk. The stand itself also wobbles. Build quality is embarrassing.,2주 만에 고무 발이 떨어지면서 책상에 스크래치가 났어요. 거치대도 흔들려요. 만들어진 게 부끄러운 수준이에요.,2.5,부정
S1_NEG_T3_034,S1,Price-Sensitive,NEG,T3,디자인/외관,Design/Appearance,USB Hub,The plastic casing cracked just from plugging in cables a normal number of times. Incredibly fragile build for something you interact with daily.,케이블 정상적으로 꽂다가 플라스틱 케이스가 깨졌어요. 매일 쓰는 물건이 이렇게 약하면 안 되죠.,2.0,부정
S1_NEG_T3_035,S1,Price-Sensitive,NEG,T3,디자인/외관,Design/Appearance,Wireless Charger,LED indicator is blinding in a dark room — bright blue light all night. No way to turn it off. Completely ruins the bedroom aesthetic.,어두운 방에서 LED 표시등이 너무 눈부셔요. 밤새 파란불이 켜져 있는데 끄는 방법도 없어요. 침실 분위기 완전히 망쳐요.,3.0,중립
S1_NEG_T3_036,S1,Price-Sensitive,NEG,T3,디자인/외관,Design/Appearance,Tablet,Got a deep scratch on the back right out of the box. Clearly wasn't inspected before shipping. Unacceptable quality control.,개봉하자마자 뒷면에 깊은 스크래치가 있었어요. 출고 전에 검수를 안 한 게 분명해요. 납득할 수 없는 품질 관리예요.,2.5,부정
S1_NEG_T3_037,S1,Price-Sensitive,NEG,T3,디자인/외관,Design/Appearance,Power Bank,Seam gap on the casing is uneven and there's a slight rattle when you shake it. Doesn't inspire confidence about internal build quality either.,케이스 이음새가 들쭉날쭉하고 흔들면 소리가 나요. 내부 품질도 좋을 것 같지 않아서 믿음이 안 가요.,2.0,부정
S1_NEG_T4_038,S1,Price-Sensitive,NEG,T4,배송/서비스,Shipping/Service,Wireless Earbuds,"Took 12 days for standard shipping that was supposed to be 3–5 days. No updates, no apology. Just silence.",3~5일 배송이라고 했는데 12일 걸렸어요. 아무 안내도 사과도 없었어요. 그냥 묵묵부답이었어요.,3.0,중립
S1_NEG_T4_039,S1,Price-Sensitive,NEG,T4,배송/서비스,Shipping/Service,Portable SSD,Package arrived completely crushed. Seller wants me to pay return shipping for their packing failure. Absolutely not.,박스가 완전히 찌그러져서 왔어요. 판매자가 포장 실패 책임을 저한테 돌리면서 반품 배송비를 내라고 해요. 말이 안 되죠.,2.5,부정
S1_NEG_T4_040,S1,Price-Sensitive,NEG,T4,배송/서비스,Shipping/Service,USB Hub,"Paid upfront and they lost my exchange request. Two weeks of chasing them just to get what I already paid for. Budget price, but I still paid.",선불로 냈는데 교환 신청이 사라졌어요. 이미 돈 낸 건데 2주 동안 쫓아다녀야 했어요. 싸게 샀어도 분명히 돈은 냈잖아요.,1.5,부정
S1_NEG_T4_041,S1,Price-Sensitive,NEG,T4,배송/서비스,Shipping/Service,Mechanical Keyboard,Sent the wrong item and expect me to keep it. I paid for a specific product — sending something else and calling it done is not acceptable at any price.,다른 제품 보내놓고 그냥 쓰라고 해요. 제가 특정 제품 값을 냈는데 다른 걸 보내는 건 어떤 가격이든 말이 안 돼요.,1.5,부정
S1_NEG_T4_042,S1,Price-Sensitive,NEG,T4,배송/서비스,Shipping/Service,Bluetooth Speaker,"Cheapest option on the page, yes — but 45 minutes in a chatbot loop while the return window expires is a hidden cost I didn't sign up for.","가장 저렴한 옵션이었는데, 반품 기간이 끝나도록 챗봇 돌리는 게 숨겨진 비용이었어요. 그 비용은 계산에 없었어요.",1.0,부정
S1_NEG_T4_043,S1,Price-Sensitive,NEG,T4,배송/서비스,Shipping/Service,Smartwatch,Refund was approved but money still hasn't arrived after 3 weeks. Every follow-up gets the same scripted 'under review' reply.,환불 승인났는데 3주가 지나도 돈이 안 들어와요. 재문의할 때마다 '검토 중'이라는 똑같은 답변만 와요.,1.5,부정
S1_NEG_T4_044,S1,Price-Sensitive,NEG,T4,배송/서비스,Shipping/Service,Webcam,Item marked as delivered but never arrived. Seller insists it was delivered and won't file a claim. Stuck paying for something I never received.,배송 완료 처리됐는데 물건이 없어요. 판매자는 배달됐다고 주장하며 분쟁 신청을 안 해줘요. 못 받은 물건 값을 내게 됐어요.,1.5,부정
S1_NEG_T4_045,S1,Price-Sensitive,NEG,T4,배송/서비스,Shipping/Service,Power Bank,Chose free shipping to save money and ended up waiting 3 weeks. The time cost of waiting completely cancelled out the shipping savings — worse deal overall.,배송비 아끼려고 무료배송 선택했는데 3주를 기다렸어요. 기다린 시간 비용이 배송비 절약분을 완전히 날려버렸어요. 결국 더 손해예요.,2.5,부정
S1_NEG_T5_046,S1,Price-Sensitive,NEG,T5,사용 편의성,Ease of Use,Smart Bulb,Three apps and two accounts just to turn on a light bulb. Setup time alone wiped out any savings from buying this over a smarter option.,전구 켜려고 앱 3개에 계정 2개예요. 설정하는 데 쓴 시간이 이걸 싸게 산 이득을 다 날려버렸어요.,3.0,중립
S1_NEG_T5_047,S1,Price-Sensitive,NEG,T5,사용 편의성,Ease of Use,Wireless Mouse,Tiny receiver got lost and there's no way to buy a replacement separately — have to buy the whole mouse again. A cheap product that ended up costing double.,수신기가 너무 작아서 잃어버렸는데 따로 파는 곳이 없어요. 마우스 전체를 다시 사야 해요. 싸게 샀다가 두 배 낸 꼴이에요.,2.0,부정
S1_NEG_T5_048,S1,Price-Sensitive,NEG,T5,사용 편의성,Ease of Use,Wireless Charger,Five minutes to find the charging spot every single time. A cable would have cost less and worked instantly. This convenience premium delivered zero convenience.,매번 충전 위치 찾는 데 5분씩 걸려요. 케이블이 더 저렴하고 즉각적이었을 거예요. 편의성 프리미엄 냈는데 편의가 없어요.,1.5,부정
S1_NEG_T5_049,S1,Price-Sensitive,NEG,T5,사용 편의성,Ease of Use,USB Hub,"Needs a driver that crashes my system on install. Cheaper than branded hubs, but I've now spent hours troubleshooting — that time has a cost too.","드라이버 설치하면 시스템이 다운돼요. 유명 브랜드보다 싸긴 한데, 문제 해결하는 데 몇 시간을 썼어요. 그 시간도 비용이에요.",1.0,부정
S1_NEG_T5_050,S1,Price-Sensitive,NEG,T5,사용 편의성,Ease of Use,Bluetooth Speaker,"Disconnects every 10 minutes. At this price I expected basic reliability — staying connected isn't a premium feature, it's the minimum.","10분마다 연결이 끊겨요. 이 가격에 기본적인 안정성은 기대했는데, 연결 유지가 프리미엄 기능은 아니잖아요, 기본이지.",1.0,부정
S1_NEG2_T1_001,S1,Price-Sensitive,NEG,T1,가격/비용,Price/Cost,Wireless Earbuds,Price dropped 20% literally two days after my purchase window for returns closed. Feels calculated to extract full price from impatient buyers.,반품 기간이 끝난 지 이틀 만에 20% 할인됐어요. 조급한 구매자한테 정가 뽑아내려는 계산 같아요.,3.0,중립
S1_NEG2_T1_002,S1,Price-Sensitive,NEG,T1,가격/비용,Price/Cost,Power Bank,The sale price was identical to what it's been for months. Calling something a sale when nothing actually changed is just manipulation.,세일 가격이 몇 달째 똑같은 가격이에요. 아무것도 안 바뀐 걸 세일이라고 부르는 건 그냥 조작이에요.,3.0,중립
S1_NEG2_T1_003,S1,Price-Sensitive,NEG,T1,가격/비용,Price/Cost,USB Hub,"Bundled with an accessory I didn't need, which inflated the total price. I only wanted the hub — forced bundles are how they hide bad pricing.","필요 없는 액세서리랑 묶음으로만 팔아서 총가격이 올라갔어요. 허브만 원했는데, 강제 묶음이 나쁜 가격을 숨기는 방법이에요.",3.0,중립
S1_NEG2_T1_004,S1,Price-Sensitive,NEG,T1,가격/비용,Price/Cost,Smartwatch,Subscription required for half the features after 3 months free. The upfront price was fine — the hidden ongoing cost is the real issue.,3개월 무료 후 기능 절반이 구독 필요예요. 초기 가격은 괜찮았는데 숨겨진 지속 비용이 진짜 문제예요.,3.0,중립
S1_NEG2_T1_005,S1,Price-Sensitive,NEG,T1,가격/비용,Price/Cost,Mechanical Keyboard,Separate software download required and it costs extra. The keyboard hardware price looked great until I factored in the required add-ons.,소프트웨어 따로 다운로드해야 하고 추가 비용이 들어요. 키보드 하드웨어 가격은 좋아 보였는데 필수 추가 항목 계산하니까 아니에요.,3.0,중립
S1_NEG2_T1_006,S1,Price-Sensitive,NEG,T1,가격/비용,Price/Cost,Bluetooth Speaker,Import duty wasn't shown at checkout. Final cost was 18% higher than what I agreed to pay. Transparent pricing should be a baseline requirement.,결제 시 수입 관세가 안 보였어요. 최종 비용이 동의한 가격보다 18% 높았어요. 투명한 가격 표시는 기본 요건이어야 해요.,2.5,부정
S1_NEG2_T1_007,S1,Price-Sensitive,NEG,T1,가격/비용,Price/Cost,Wireless Mouse,Listed as 'budget-friendly' but sits at the high end of what I'd call budget. Marketing language set expectations the price couldn't meet.,'가성비 제품'이라고 했는데 제 기준 저가 상단이에요. 마케팅 문구가 가격이 충족할 수 없는 기대를 만들었어요.,2.5,부정
S1_NEG2_T1_008,S1,Price-Sensitive,NEG,T1,가격/비용,Price/Cost,Smart Bulb,Three-pack price was only marginally cheaper per unit than buying one. The bulk discount wasn't worth buying more than I needed.,3개 묶음 가격이 낱개보다 개당 차이가 미미해요. 필요 이상으로 사게 만드는 가치가 없는 묶음 할인이에요.,2.5,부정
S1_NEG2_T1_009,S1,Price-Sensitive,NEG,T1,가격/비용,Price/Cost,Webcam,"The lower-spec model was available for significantly less. I paid extra for specs I don't use — that's a failure in my research, but the pricing tier gap is misleading.",낮은 스펙 모델이 훨씬 저렴했어요. 안 쓰는 스펙에 더 냈어요. 제 리서치 실패이기도 하지만 가격 차이 구성이 오해를 불러요.,2.5,부정
S1_NEG2_T1_010,S1,Price-Sensitive,NEG,T1,가격/비용,Price/Cost,Laptop Stand,Identical product from a different seller was 25% cheaper. I bought the more expensive one assuming quality would differ — it didn't at all.,다른 판매자의 동일 제품이 25% 쌌어요. 품질이 다를 거라 생각하고 비싼 걸 샀는데 전혀 차이 없었어요.,2.5,부정
S1_NEG2_T1_011,S1,Price-Sensitive,NEG,T1,가격/비용,Price/Cost,Portable SSD,Higher capacity version was only a few dollars more. I went with this to save money and now regret not paying the small difference for double the storage.,더 높은 용량이 몇 달러 더였는데 아끼려고 이걸 샀어요. 이제 용량 두 배에 그 작은 차이 안 낸 게 후회돼요.,2.5,부정
S1_NEG2_T1_012,S1,Price-Sensitive,NEG,T1,가격/비용,Price/Cost,Wireless Earbuds,Quality degraded noticeably after four months. For the price I paid I expected at least a year of good performance. Cost per month of use is disappointing.,"4개월 후에 품질이 눈에 띄게 저하됐어요. 낸 가격에 최소 1년은 기대했는데, 사용 개월당 비용이 실망스러워요.",2.0,부정
S1_NEG2_T1_013,S1,Price-Sensitive,NEG,T1,가격/비용,Price/Cost,Tablet,The accessories needed to make it actually useful cost nearly as much as the device. Starter price is misleading when the full kit doubles the spend.,제대로 쓰려면 필요한 액세서리가 기기 가격 거의 만큼 들어요. 완전 구성이 비용을 두 배로 만들면 시작 가격이 오해를 불러요.,2.0,부정
S1_NEG2_T1_014,S1,Price-Sensitive,NEG,T1,가격/비용,Price/Cost,Power Bank,Capacity dropped to about 60% within five months of normal use. Whatever I saved buying budget is wiped out by replacing it this soon.,정상 사용 5개월 만에 용량이 60%로 떨어졌어요. 저렴하게 아낀 게 이렇게 빨리 교체하면서 다 날아갔어요.,2.0,부정
S1_NEG2_T1_015,S1,Price-Sensitive,NEG,T1,가격/비용,Price/Cost,Mechanical Keyboard,Switch failure at six months on a keyboard I paid a decent amount for. The cost efficiency calculation breaks when the lifespan is this short.,적당한 가격 낸 키보드가 6개월에 스위치 불량이에요. 수명이 이렇게 짧으면 비용 효율 계산이 깨져요.,2.0,부정
S1_NEG2_T1_016,S1,Price-Sensitive,NEG,T1,가격/비용,Price/Cost,Smart Bulb,Bought four of them and two failed within a month. Replacing half a purchase at full price wipes out any savings from going budget.,4개 샀는데 한 달 만에 2개 고장났어요. 구매 절반을 정가에 교체하면 저렴하게 산 절약분이 다 날아가요.,1.5,부정
S1_NEG2_T1_017,S1,Price-Sensitive,NEG,T1,가격/비용,Price/Cost,Wireless Mouse,Bought two as backup thinking I was smart. Both arrived defective. Double the waste on a product that was supposed to save me money.,백업용으로 두 개 사는 게 스마트하다고 생각했는데 둘 다 불량으로 왔어요. 돈 아끼려던 제품에서 낭비가 두 배예요.,1.5,부정
S1_NEG2_T1_018,S1,Price-Sensitive,NEG,T1,가격/비용,Price/Cost,Webcam,Stopped working completely after 45 days. Return window had closed. The money saved buying cheap is less than the money lost buying again.,45일 만에 완전히 작동 안 해요. 반품 기간도 지났어요. 저렴하게 사서 아낀 돈이 다시 사는 데 드는 돈보다 적어요.,1.5,부정
S1_NEG2_T1_019,S1,Price-Sensitive,NEG,T1,가격/비용,Price/Cost,USB Hub,Broke in three weeks and refund was refused because I couldn't produce the original box. Lost the money entirely on a product I barely used.,3주 만에 부서졌는데 원래 박스 없다고 환불 거부됐어요. 겨우 쓴 제품에서 돈을 통째로 날렸어요.,1.0,부정
S1_NEG2_T1_020,S1,Price-Sensitive,NEG,T1,가격/비용,Price/Cost,Portable SSD,Failed during an important file transfer. Data recovery service quoted more than ten times the original product price. The cheapest choice became the most expensive outcome.,중요한 파일 전송 중에 고장났어요. 데이터 복구 서비스 견적이 제품 원가의 10배 넘어요. 제일 저렴한 선택이 제일 비싼 결과가 됐어요.,1.0,부정
S1_NEG2_T2_021,S1,Price-Sensitive,NEG,T2,성능/스펙,Performance/Specs,Wireless Earbuds,Noise cancellation is there but so weak it barely makes a difference in any real environment. Marketing the feature and barely delivering it is still misleading.,노이즈캔슬링이 있긴 한데 실제 환경에서 거의 차이가 없어요. 기능을 마케팅하고 겨우 제공하는 것도 여전히 오해를 불러요.,3.0,중립
S1_NEG2_T2_022,S1,Price-Sensitive,NEG,T2,성능/스펙,Performance/Specs,Smartwatch,GPS accuracy is acceptable in open areas but completely unreliable under tree cover. For outdoor use that's a significant limitation not mentioned anywhere.,GPS 정확도가 개방 공간에서는 괜찮은데 나무 아래에서는 완전히 신뢰할 수 없어요. 야외 사용에서 어디에도 언급 안 된 중요한 한계예요.,3.0,중립
S1_NEG2_T2_023,S1,Price-Sensitive,NEG,T2,성능/스펙,Performance/Specs,Portable SSD,"Thermal throttling kicks in after about 10 minutes of sustained transfer. Speed drops to half after that. Fine for small files, problematic for large ones.",지속 전송 10분 후에 써멀 스로틀링이 걸려요. 그 이후 속도가 절반으로 떨어져요. 작은 파일엔 괜찮은데 큰 파일엔 문제예요.,3.0,중립
S1_NEG2_T2_024,S1,Price-Sensitive,NEG,T2,성능/스펙,Performance/Specs,Power Bank,Fast charge only works on the top port. The others are standard speed and the product page doesn't make that clear at all.,고속충전이 위쪽 포트에서만 돼요. 나머지는 일반 속도인데 제품 페이지에서 전혀 명확하지 않아요.,3.0,중립
S1_NEG2_T2_025,S1,Price-Sensitive,NEG,T2,성능/스펙,Performance/Specs,Bluetooth Speaker,Bass drops off steeply below 80Hz. For most content it's fine but if you want anything resembling bass response you'll be disappointed at this price.,80Hz 아래에서 저음이 급격히 줄어요. 일반 콘텐츠엔 괜찮은데 베이스 응답 비슷한 걸 원하면 이 가격에서 실망할 거예요.,2.5,부정
S1_NEG2_T2_026,S1,Price-Sensitive,NEG,T2,성능/스펙,Performance/Specs,Wireless Mouse,Scroll wheel has a slight wobble and isn't tactile enough for precise work. Functional for basic use but not for anything that requires accuracy.,스크롤 휠이 약간 흔들리고 정밀 작업엔 촉각이 충분하지 않아요. 기본 사용엔 되는데 정확도가 필요한 건 아니에요.,2.5,부정
S1_NEG2_T2_027,S1,Price-Sensitive,NEG,T2,성능/스펙,Performance/Specs,Webcam,Low light performance is unusable — grainy and dark beyond about 6pm in my home office. Daytime only is a dealbreaker for evening calls.,저조도 성능이 사용 불가예요. 홈오피스에서 오후 6시 넘으면 거칠고 어두워요. 낮에만 된다는 건 저녁 통화에서 치명적이에요.,2.5,부정
S1_NEG2_T2_028,S1,Price-Sensitive,NEG,T2,성능/스펙,Performance/Specs,USB Hub,Charging speed drops noticeably when all ports are in use simultaneously. Marketed as multi-device but performance suffers significantly under that exact scenario.,포트 전부 동시 사용 시 충전 속도가 눈에 띄게 떨어져요. 멀티 디바이스라고 마케팅했는데 그 상황에서 성능이 크게 저하돼요.,2.5,부정
S1_NEG2_T2_029,S1,Price-Sensitive,NEG,T2,성능/스펙,Performance/Specs,Wireless Charger,Only hits max wattage on devices from the same brand. Third-party phones charge at a much lower rate. Compatibility limitation should be front and center.,같은 브랜드 기기에서만 최대 와트가 나와요. 서드파티 폰은 훨씬 낮은 속도로 충전돼요. 호환성 제한이 전면에 나와있어야 해요.,2.0,부정
S1_NEG2_T2_030,S1,Price-Sensitive,NEG,T2,성능/스펙,Performance/Specs,Smart Bulb,Brightness dims noticeably after about six months. Fine at first but gradual degradation means I'm essentially paying for a bulb with a built-in expiry.,6개월 후에 밝기가 눈에 띄게 어두워졌어요. 처음엔 좋았는데 점진적 저하는 제가 내장 유효기간 있는 전구값을 낸 거나 마찬가지예요.,2.0,부정
S1_NEG2_T2_031,S1,Price-Sensitive,NEG,T2,성능/스펙,Performance/Specs,Mechanical Keyboard,"Two keys started double-registering within the first month. For a keyboard bought specifically to avoid this problem, it's a complete failure.",첫 달에 두 키에서 더블 입력이 시작됐어요. 이 문제를 피하려고 산 키보드에서 이러면 완전한 실패예요.,2.0,부정
S1_NEG2_T2_032,S1,Price-Sensitive,NEG,T2,성능/스펙,Performance/Specs,Tablet,Frame rate drops to single digits in any demanding app. Functional for basic media consumption but useless for anything that needs actual processing power.,요구 사항 있는 앱에서 프레임이 한 자릿수로 떨어져요. 기본 미디어 소비엔 되는데 실제 처리 능력이 필요한 건 무용지물이에요.,1.5,부정
S1_NEG2_T2_033,S1,Price-Sensitive,NEG,T2,성능/스펙,Performance/Specs,Wireless Earbuds,Connection drops every 8-10 minutes like clockwork. Unusable for anything longer than a short task. Returning and paying more for reliability.,규칙적으로 8~10분마다 연결이 끊겨요. 짧은 작업 이상엔 사용 불가예요. 반품하고 신뢰성에 더 낼 거예요.,1.5,부정
S1_NEG2_T2_034,S1,Price-Sensitive,NEG,T2,성능/스펙,Performance/Specs,Portable SSD,Advertised write speed nowhere close in real-world testing. At half the claimed speed my workflow timing is completely off. False spec at any price is unacceptable.,실제 테스트에서 광고 쓰기 속도가 전혀 안 나와요. 주장의 절반 속도에서 제 워크플로우 타이밍이 완전히 틀어졌어요. 어떤 가격에서든 허위 스펙은 용납 안 돼요.,1.0,부정
S1_NEG2_T2_035,S1,Price-Sensitive,NEG,T2,성능/스펙,Performance/Specs,Power Bank,Actual output tested at under 40% of rated capacity. At this point it's not a budget product — it's a product that doesn't do what it says.,실제 출력이 표기 용량의 40% 미만으로 나왔어요. 이건 저가 제품이 아니라 말한 대로 작동 안 하는 제품이에요.,1.0,부정
S1_NEG2_T3_036,S1,Price-Sensitive,NEG,T3,디자인/외관,Design/Appearance,Mechanical Keyboard,RGB lighting looks impressive in demo videos but the actual colors are washed out and dim compared to what's shown. Aesthetics are a key reason I bought this.,RGB 조명이 데모 영상에서는 인상적인데 실물 색상은 보여준 것보다 흐리고 어두워요. 미관이 제가 산 핵심 이유였는데요.,3.0,중립
S1_NEG2_T3_037,S1,Price-Sensitive,NEG,T3,디자인/외관,Design/Appearance,Bluetooth Speaker,"Color is accurate but the fabric surface attracts lint aggressively. Looks great in photos, requires constant cleaning to maintain that in real life.",색상은 정확한데 패브릭 표면에 보풀이 심하게 달라붙어요. 사진에서는 좋아 보이는데 실물로 그 상태 유지하려면 계속 청소해야 해요.,3.0,중립
S1_NEG2_T3_038,S1,Price-Sensitive,NEG,T3,디자인/외관,Design/Appearance,Wireless Mouse,The glossy finish looked great initially but shows every fingerprint. Within a week it looked worse than a mouse twice the age. Finish durability matters.,유광 마감이 처음엔 좋아 보였는데 지문이 다 보여요. 일주일 만에 두 배 오래된 마우스보다 더 안 좋아 보여요. 마감 내구성이 중요해요.,3.0,중립
S1_NEG2_T3_039,S1,Price-Sensitive,NEG,T3,디자인/외관,Design/Appearance,Smartwatch,Band clasp broke within two months. Replacement bands are only available from the manufacturer at an inflated price. Design weakness that costs money to fix.,밴드 클립이 2개월 만에 부러졌어요. 교체 밴드가 제조사에서만 비싸게 팔아요. 고치는 데 돈 드는 디자인 약점이에요.,2.5,부정
S1_NEG2_T3_040,S1,Price-Sensitive,NEG,T3,디자인/외관,Design/Appearance,Wireless Earbuds,Left and right indicators are nearly impossible to read in any lighting condition. Small annoyance that becomes a real problem every single time I use them.,좌우 표시가 어떤 조명 조건에서도 거의 읽을 수 없어요. 작은 불편함이 매번 쓸 때마다 진짜 문제가 돼요.,2.5,부정
S1_NEG2_T3_041,S1,Price-Sensitive,NEG,T3,디자인/외관,Design/Appearance,Laptop Stand,"Height adjustment mechanism loosens over time and the angle slowly drifts. Fine at first, but a stand that won't hold its position is a stand that failed.",높이 조절 메커니즘이 시간이 지나면서 풀려서 각도가 서서히 틀어져요. 처음엔 괜찮은데 위치를 못 잡는 거치대는 실패한 거치대예요.,2.5,부정
S1_NEG2_T3_042,S1,Price-Sensitive,NEG,T3,디자인/외관,Design/Appearance,USB Hub,Indicator LEDs are distractingly bright in a dark room. No way to dim or disable them. A design decision that actively makes the product worse to use at night.,표시 LED가 어두운 방에서 산만할 정도로 밝아요. 어둡게 하거나 끄는 방법이 없어요. 밤에 사용을 적극적으로 나쁘게 만드는 디자인 결정이에요.,2.0,부정
S1_NEG2_T3_043,S1,Price-Sensitive,NEG,T3,디자인/외관,Design/Appearance,Tablet,Back panel developed a visible warp after three months. Nothing dropped or damaged — it just bent. Structural integrity at this price is clearly cut.,3개월 후 뒷면 패널에 눈에 보이는 휨이 생겼어요. 떨어뜨리거나 손상된 게 없어요. 그냥 굽었어요. 이 가격에서 구조적 완성도가 확실히 줄어든 거예요.,2.0,부정
S1_NEG2_T3_044,S1,Price-Sensitive,NEG,T3,디자인/외관,Design/Appearance,Wireless Mouse,Side buttons depressed permanently after about two months. Looks and feels broken even though it still technically functions. Aesthetic failure matters for daily-use tools.,사이드 버튼이 2개월 후 영구적으로 눌린 상태가 됐어요. 기술적으로 작동하지만 보기에도 느낌도 망가진 것 같아요. 매일 쓰는 도구에서 미관 실패가 중요해요.,1.5,부정
S1_NEG2_T3_045,S1,Price-Sensitive,NEG,T3,디자인/외관,Design/Appearance,Bluetooth Speaker,Fabric tore from normal use within six weeks. A product that can't maintain its appearance through basic use failed at the most fundamental level.,정상 사용 6주 만에 패브릭이 찢어졌어요. 기본 사용에서 외관을 유지 못 하는 제품은 가장 기본적인 수준에서 실패한 거예요.,1.5,부정
S1_NEG2_T3_046,S1,Price-Sensitive,NEG,T3,디자인/외관,Design/Appearance,Wireless Earbuds,The case hinge failed completely at week three. Product becomes unusable when the container doesn't work. No path to repair at this price point.,케이스 힌지가 3주 만에 완전히 망가졌어요. 케이스가 작동 안 하면 제품이 사용 불가가 돼요. 이 가격에서 수리 방법이 없어요.,1.0,부정
S1_NEG2_T3_047,S1,Price-Sensitive,NEG,T3,디자인/외관,Design/Appearance,Smart Bulb,Yellowed within two months of installation. Same fixtures with other bulbs look fine — this one aged visibly and embarrassingly fast for the price I paid.,설치 2개월 만에 황변됐어요. 같은 조명에 다른 전구는 괜찮아요. 이 전구는 낸 가격에 비해 눈에 띄고 민망하게 빨리 노화됐어요.,1.0,부정
S1_NEG2_T4_048,S1,Price-Sensitive,NEG,T4,배송/서비스,Shipping/Service,Power Bank,Free shipping meant the slowest possible carrier. Arrived two weeks late with no communication. Saving a few dollars on shipping cost me two weeks of use.,무료배송이 제일 느린 택배사를 뜻했어요. 아무 연락 없이 2주 늦게 왔어요. 배송비 몇 달러 아끼다 사용 2주를 날렸어요.,3.0,중립
S1_NEG2_T4_049,S1,Price-Sensitive,NEG,T4,배송/서비스,Shipping/Service,Wireless Mouse,Customer service response took four days for a simple question. For a budget product the support expectation was low — it still managed to miss it.,간단한 질문 답변에 4일 걸렸어요. 저가 제품에서 지원 기대치가 낮았는데 그것도 못 맞췄어요.,3.0,중립
S1_NEG2_T4_050,S1,Price-Sensitive,NEG,T4,배송/서비스,Shipping/Service,Bluetooth Speaker,"Item shipped from a warehouse I didn't know about, adding five extra days. Transparency about ship-from location is basic — especially when it affects delivery time.",몰랐던 창고에서 배송돼서 5일이 더 걸렸어요. 배송 출발지 투명성은 기본이에요. 특히 배송 시간에 영향을 줄 때는요.,3.0,중립
S1_NEG2_T4_051,S1,Price-Sensitive,NEG,T4,배송/서비스,Shipping/Service,Smart Bulb,Replacement for a defective unit required me to ship back first before they'd send a new one. That process cost more in my time than the bulb is worth.,불량품 교환에 먼저 반품 후 새 제품 발송 방식이에요. 그 과정에 드는 제 시간이 전구 가치보다 많이 들어요.,2.5,부정
S1_NEG2_T4_052,S1,Price-Sensitive,NEG,T4,배송/서비스,Shipping/Service,USB Hub,Arrived in a box so undersized the unit was visibly compressed. Cosmetic damage on arrival from inadequate packaging is entirely the seller's fault.,박스가 너무 작아서 제품이 눈에 띄게 압착됐어요. 부적절한 포장으로 도착 시 외관 손상은 완전히 판매자 책임이에요.,2.5,부정
S1_NEG2_T4_053,S1,Price-Sensitive,NEG,T4,배송/서비스,Shipping/Service,Mechanical Keyboard,Exchange shipped to the wrong address. Process to correct it added ten days. Saving money on the product doesn't mean I agreed to absorb fulfillment errors.,교환품이 잘못된 주소로 배송됐어요. 수정하는 과정이 10일을 더했어요. 제품을 저렴하게 산다고 이행 오류를 감수한다는 뜻이 아니에요.,2.0,부정
S1_NEG2_T4_054,S1,Price-Sensitive,NEG,T4,배송/서비스,Shipping/Service,Tablet,Return label provided had incorrect postage. Post office rejected it. Had to pay out of pocket and request reimbursement — still waiting three weeks later.,제공된 반품 라벨 우편요금이 틀렸어요. 우체국에서 거부됐어요. 직접 내고 환급 요청했는데 3주째 기다리는 중이에요.,2.0,부정
S1_NEG2_T4_055,S1,Price-Sensitive,NEG,T4,배송/서비스,Shipping/Service,Portable SSD,"Seller marked item as delivered when it hadn't been. Filed a dispute, had to wait two weeks for investigation, then was told to wait another week. Money frozen for a month.",안 왔는데 판매자가 배달 완료로 표시했어요. 분쟁 신청하고 2주 조사 기다렸다가 1주 더 기다리라고 했어요. 돈이 한 달 동안 묶였어요.,1.5,부정
S1_NEG2_T4_056,S1,Price-Sensitive,NEG,T4,배송/서비스,Shipping/Service,Wireless Earbuds,Support kept closing my ticket before resolution. Reopened it three times. Eventually gave up and ate the cost rather than keep fighting for a refund I deserved.,해결 전에 티켓이 계속 닫혔어요. 세 번 다시 열었어요. 결국 포기하고 받아야 할 환불을 위해 계속 싸우는 것보다 비용을 감수했어요.,1.5,부정
S1_NEG2_T4_057,S1,Price-Sensitive,NEG,T4,배송/서비스,Shipping/Service,Power Bank,"Counterfeit product. Reported it, seller account disappeared, money gone. The cheapest price in the market was cheap for a reason — it wasn't real.",가품이었어요. 신고했더니 판매자 계정이 사라지고 돈도 사라졌어요. 시장에서 제일 저렴한 가격은 이유가 있었어요. 진짜가 아니었어요.,1.0,부정
S1_NEG2_T5_058,S1,Price-Sensitive,NEG,T5,사용 편의성,Ease of Use,Smart Bulb,"App requires location permissions, microphone access, and contacts to function. Granting that much access to a budget light bulb app isn't something I'm willing to do.","앱이 작동하려면 위치 권한, 마이크 접근, 연락처가 필요해요. 저가 전구 앱에 그 정도 접근 권한을 줄 생각이 없어요.",3.0,중립
S1_NEG2_T5_059,S1,Price-Sensitive,NEG,T5,사용 편의성,Ease of Use,Wireless Charger,Charging stops if the phone shifts even slightly off center. In a drawer or nightstand it happens constantly. Wireless charging shouldn't require this much precision.,폰이 중심에서 약간만 벗어나도 충전이 멈춰요. 서랍이나 침대 옆에서 계속 일어나요. 무선 충전이 이렇게 정밀도를 요구하면 안 돼요.,3.0,중립
S1_NEG2_T5_060,S1,Price-Sensitive,NEG,T5,사용 편의성,Ease of Use,Bluetooth Speaker,Pairing mode isn't indicated clearly and there's no audio cue when it connects. Spent fifteen minutes troubleshooting something that should take fifteen seconds.,페어링 모드가 명확히 표시 안 되고 연결 시 오디오 신호도 없어요. 15초면 될 것에 15분을 문제 해결하는 데 썼어요.,2.5,부정
S1_NEG2_T5_061,S1,Price-Sensitive,NEG,T5,사용 편의성,Ease of Use,Mechanical Keyboard,Software required for any customization and it's only available on Windows. Mac users pay the same price but get a product that's effectively half-functional.,커스터마이징에 소프트웨어가 필요한데 윈도우만 돼요. 맥 사용자는 같은 가격 내지만 사실상 반만 작동하는 제품을 받아요.,2.5,부정
S1_NEG2_T5_062,S1,Price-Sensitive,NEG,T5,사용 편의성,Ease of Use,USB Hub,One port stopped recognizing devices after three weeks. Diagnosing which port is dead wastes time every session. Reliability issues make 'easy to use' impossible.,3주 후 포트 하나가 기기 인식을 안 해요. 어느 포트가 죽었는지 진단하느라 매번 시간을 낭비해요. 신뢰성 문제가 '사용 편의성'을 불가능하게 만들어요.,2.0,부정
S1_NEG2_T5_063,S1,Price-Sensitive,NEG,T5,사용 편의성,Ease of Use,Smart Bulb,Firmware update bricked two of my four bulbs. Recovery process required a factory reset that also wiped all scene settings. Update shouldn't be this risky.,펌웨어 업데이트로 4개 중 2개가 벽돌됐어요. 복구 과정에서 모든 씬 설정도 지워지는 공장 초기화가 필요했어요. 업데이트가 이렇게 위험하면 안 돼요.,2.0,부정
S1_NEG2_T5_064,S1,Price-Sensitive,NEG,T5,사용 편의성,Ease of Use,Wireless Mouse,Connection drops when any other Bluetooth device is within range. In a normal home with multiple devices this is a persistent problem with no fix.,다른 블루투스 기기가 범위 내에 있으면 연결이 끊겨요. 기기 여러 개 있는 보통 집에서 이건 수정 방법 없는 지속적인 문제예요.,1.5,부정
S1_NEG2_T1_021,S1,Price-Sensitive,NEG,T1,가격/비용,Price/Cost,Smart Bulb,Bought twelve for a renovation project. Eight failed within two months. Replacing two-thirds of a bulk purchase erased every dollar I thought I'd saved.,리노베이션 프로젝트로 12개 샀어요. 2개월 만에 8개 고장났어요. 묶음 구매의 3분의 2를 교체하면 절약했다고 생각한 돈이 다 없어졌어요.,1.0,부정
S2_T1_001,S2,성능 중시형,POS,T1,가격/비용,가격/비용,노트북,벤치마크 돌려보고 성능 확인된 다음에 결제했어요. 이 성능이면 이 가격도 충분히 납득이 가요.,"Ran benchmarks first and only bought after confirming the performance. At this spec level, the price makes complete sense.",4.0,긍정
S2_T1_002,S2,성능 중시형,POS,T1,가격/비용,가격/비용,외장 SSD,CrystalDiskMark로 속도 실측하고 구매 결정했어요. 이 전송 속도가 나오는 제품이면 가격은 충분히 지불할 만해요.,Confirmed the speeds with CrystalDiskMark before committing. A drive that actually delivers these transfer rates is worth every cent.,4.5,긍정
S2_T1_003,S2,성능 중시형,POS,T1,가격/비용,가격/비용,무선 이어폰,주파수 응답 측정값이 플래그십 수준으로 나와서 구매했어요. 이 음질 재현 능력이면 가격이 비싸도 살 이유가 충분해요.,Frequency response measurements came in at flagship level — that's what made me buy. Audio reproduction this accurate justifies a premium.,4.5,긍정
S2_T1_004,S2,성능 중시형,POS,T1,가격/비용,가격/비용,스마트워치,GPS 정확도랑 심박 센서 측정값 먼저 확인했어요. 이 정밀도라면 가격 상관없이 구매할 제품이에요.,Checked GPS accuracy and heart rate sensor readings before anything else. Precision at this level would be worth buying regardless of price.,5.0,긍정
S2_T1_005,S2,성능 중시형,POS,T1,가격/비용,가격/비용,블루투스 스피커,THD 0.05% 이하로 나오는 제품 찾다가 여기서 발견했어요. 이 왜곡 수치가 나오는 제품이면 가격이 좀 있어도 기꺼이 사요.,"Was looking for something with THD under 0.05% and this delivered. When distortion numbers are this low, I'll pay the premium without hesitation.",5.0,긍정
S2_T1_006,S2,성능 중시형,POS,T1,가격/비용,가격/비용,태블릿,디스플레이 색 정확도 dE 값이 2 이하로 나와서 구매 결정했어요. 색 재현이 이 수준이면 가격은 두 번째 문제예요.,"Display color accuracy measured below dE 2 — that's what sealed the decision. When color reproduction is this accurate, price becomes secondary.",5.0,긍정
S2_T1_007,S2,성능 중시형,POS,T1,가격/비용,가격/비용,기계식 키보드,스위치 내구성 테스트 결과 보고 샀어요. 1억 회 수명 보장이 실측으로 입증된 제품이면 가격은 투자로 봐요.,"Bought after reviewing the switch endurance test results. If 100M-click lifespan is validated by real testing, the price is an investment, not a cost.",4.5,긍정
S2_T2_008,S2,성능 중시형,POS,T2,성능/스펙,성능/스펙,노트북,멀티코어 벤치마크가 전 세대 프리미엄 모델 수준이에요. 실제로 영상 렌더링 시간 재봤는데 광고 스펙이랑 오차 없이 일치해요.,Multi-core benchmark matches last-gen premium models. Timed an actual video render and it lined up exactly with the advertised specs.,5.0,긍정
S2_T2_009,S2,성능 중시형,POS,T2,성능/스펙,성능/스펙,외장 SSD,CrystalDiskMark로 직접 측정했더니 순차 읽기 스펙 그대로 나왔어요. 4K 랜덤도 기대 이상이에요.,Ran CrystalDiskMark myself — sequential read matched the spec exactly. 4K random performance was even better than I expected.,5.0,긍정
S2_T2_010,S2,성능 중시형,POS,T2,성능/스펙,성능/스펙,무선 이어폰,20Hz~20kHz 전 대역이 균형 잡혀 있어요. 임피던스 매칭도 잘 돼서 앰프 없이도 충분한 음압이 나와요.,Full 20Hz–20kHz range is well-balanced. Impedance matching is solid — plenty of output without an amp.,4.5,긍정
S2_T2_011,S2,성능 중시형,POS,T2,성능/스펙,성능/스펙,블루투스 스피커,aptX HD 코덱 지원이라 무선인데도 음질 손실이 없어요. 실측 주파수 응답이 스펙표 커브랑 거의 일치해요.,aptX HD codec support means zero audible loss over wireless. Measured frequency response almost perfectly tracks the spec sheet curve.,3.5,중립
S2_T2_012,S2,성능 중시형,POS,T2,성능/스펙,성능/스펙,웹캠,실제 화각이 광고랑 정확히 일치해요. HDR 처리 속도가 빨라서 역광 환경에서도 뭉개짐 없이 깔끔하게 나와요.,Actual FOV matches the advertised spec precisely. HDR processing is fast enough that backlit scenes come out clean without any blowout.,4.5,긍정
S2_T2_013,S2,성능 중시형,POS,T2,성능/스펙,성능/스펙,기계식 키보드,25g 액추에이션 포스가 장시간 타이핑에 최적이에요. 1억 회 내구성 스펙이 실제로 느껴질 만큼 클릭감이 일정해요.,25g actuation force is ideal for extended typing sessions. The 100M-click durability spec is tangible — keystroke feel stays perfectly consistent.,4.5,긍정
S2_T2_014,S2,성능 중시형,POS,T2,성능/스펙,성능/스펙,무선 마우스,1000Hz 폴링레이트가 유선급 반응속도를 구현해요. 실제로 FPS 게임 해봤는데 입력 지연을 전혀 못 느껴요.,1000Hz polling rate delivers wired-level response. Played FPS games specifically to test it and couldn't detect any input lag.,5.0,긍정
S2_T2_015,S2,성능 중시형,POS,T2,성능/스펙,성능/스펙,태블릿,120Hz 주사율이 스크롤링과 드로잉 모두에서 확실히 체감돼요. 디스플레이 색 정확도가 DCI-P3 95% 이상이에요.,120Hz refresh rate is noticeable in both scrolling and drawing. Display color accuracy lands above 95% DCI-P3.,5.0,긍정
S2_T2_016,S2,성능 중시형,POS,T2,성능/스펙,성능/스펙,보조배터리,실제 출력이 표기 용량의 92%까지 나와요. 시중 평균보다 10%p 이상 높은 효율이에요.,Actual output hits 92% of the rated capacity. That's more than 10 percentage points above the market average efficiency.,4.5,긍정
S2_T2_017,S2,성능 중시형,POS,T2,성능/스펙,성능/스펙,스마트워치,심박 센서 정확도가 의료기기 수준으로 나와요. GPS 경로가 실제 이동 경로랑 오차 5m 이내로 추적돼요.,Heart rate sensor accuracy is at near medical-device level. GPS route tracking stays within 5 meters of my actual path.,5.0,긍정
S2_T2_018,S2,성능 중시형,POS,T2,성능/스펙,성능/스펙,USB 허브,USB PD 100W에 데이터 포트 동시 사용해도 속도 저하가 없어요. 멀티 디바이스 연결 안정성이 인텔 썬더볼트 허브 수준이에요.,USB PD 100W with zero speed degradation when data ports run simultaneously. Multi-device stability is on par with Intel Thunderbolt hubs.,4.5,긍정
S2_T3_019,S2,성능 중시형,POS,T3,디자인/외관,디자인/외관,노트북,섀시 강성이 확실히 느껴져요. 풀로드 걸어도 외관 변형이 없고 방열 설계가 성능 유지에 직접 기여해요.,Chassis rigidity is immediately tangible. Zero flex under full load and the thermal design directly sustains performance output.,4.5,긍정
S2_T3_020,S2,성능 중시형,POS,T3,디자인/외관,디자인/외관,무선 이어폰,이어팁이 메모리폼 소재라 장시간 착용해도 귀 안이 아파요. 드라이버 배치가 음향적으로 최적화된 구조예요.,Memory foam ear tips mean zero ear fatigue even after hours. Internal driver placement is acoustically optimized — audibly so.,4.5,긍정
S2_T3_021,S2,성능 중시형,POS,T3,디자인/외관,디자인/외관,기계식 키보드,PCB 마운팅이 가스켓 방식이라 타건 시 울림이 없어요. 케이스 높이가 손목을 자연스러운 각도로 유지해줘요.,Gasket PCB mounting eliminates keystroke resonance entirely. Case height keeps wrists at a naturally neutral angle throughout.,4.0,긍정
S2_T3_022,S2,성능 중시형,POS,T3,디자인/외관,디자인/외관,스마트워치,얇은 베젤이 화면 대 본체 비율을 높여줘요. 퀵릴리즈 스트랩이 단단해서 운동 중 유격이 전혀 없어요.,Thin bezel maximizes the screen-to-body ratio. Quick-release strap is rigid enough that there's zero movement during intense workouts.,4.5,긍정
S2_T3_023,S2,성능 중시형,POS,T3,디자인/외관,디자인/외관,블루투스 스피커,포트 배치가 음향학적으로 최적화돼 있어요. 어느 방향에서 들어도 주파수 응답이 균일하게 나와요.,Port placement is tuned for acoustic optimization. Frequency response stays consistent regardless of listening direction.,4.5,긍정
S2_T3_024,S2,성능 중시형,POS,T3,디자인/외관,디자인/외관,외장 SSD,알루미늄 방열판 케이스가 발열 관리에 직접 기여해요. 지속적인 고속 전송 중에도 온도가 안전 범위를 유지해요.,Aluminum heatsink casing actively manages thermals. Temperature stays within safe limits even under sustained high-speed transfers.,4.5,긍정
S2_T3_025,S2,성능 중시형,POS,T3,디자인/외관,디자인/외관,무선 마우스,버튼 배치가 손 크기에 딱 맞아요. 사이드 버튼 클릭감이 명확해서 장시간 사용 중 오작동이 없어요.,Button layout fits my hand size exactly. Side button feedback is definitive enough to prevent any accidental inputs during long sessions.,4.5,긍정
S2_T3_026,S2,성능 중시형,POS,T3,디자인/외관,디자인/외관,웹캠,물리적 렌즈 커버가 프라이버시를 확실하게 차단해줘요. 마운트 클립이 모니터 두께 상관없이 안정적으로 고정돼요.,Physical lens shutter gives definitive privacy coverage you can trust. Mount clip holds securely regardless of monitor thickness.,4.5,긍정
S2_T3_027,S2,성능 중시형,POS,T3,디자인/외관,디자인/외관,USB 허브,포트 간격이 충분해서 두꺼운 동글 여러 개 동시에 꽂혀요. 케이블 정리 홈 덕분에 데스크 세팅이 깔끔하게 유지돼요.,Port spacing is generous enough to fit multiple bulky dongles at once. The cable management channel keeps the desk setup clean.,4.0,긍정
S2_T4_028,S2,성능 중시형,POS,T4,배송/서비스,배송/서비스,노트북,도착하자마자 성능 테스트 먼저 돌렸어요. 스펙 이상 없음 확인하고 AS 문의했더니 기술팀이 실측 데이터까지 보내줬어요.,"Ran performance benchmarks the moment it arrived. Confirmed specs were intact, then followed up with support — they sent actual measurement data back.",4.5,긍정
S2_T4_029,S2,성능 중시형,POS,T4,배송/서비스,배송/서비스,외장 SSD,정전기 방지 포장에 충격 흡수 패드까지 들어있었어요. 정밀 부품에 맞는 포장 수준이고 성능에 영향 없이 도착했어요.,Anti-static packaging with impact-absorbing pads throughout. Packing standards matched the precision components inside — arrived with performance fully intact.,4.5,긍정
S2_T4_030,S2,성능 중시형,POS,T4,배송/서비스,배송/서비스,기계식 키보드,불량 스위치 2개 발견해서 문의했더니 유닛 전체 교환해줬어요. 성능 기준 타협 없이 처리해준 대응이 인상적이에요.,Found two defective switches and reported it — they replaced the entire unit. No compromise on performance standards in how they handled it.,5.0,긍정
S2_T4_031,S2,성능 중시형,POS,T4,배송/서비스,배송/서비스,스마트워치,초기 세팅 중 센서 캘리브레이션 오류가 생겼는데 기술팀이 직접 연락해서 해결해줬어요. 제품 성능만큼 지원도 전문적이에요.,Got a sensor calibration error during initial setup — the tech team contacted me directly to resolve it. Support is as professional as the product itself.,4.5,긍정
S2_T4_032,S2,성능 중시형,POS,T4,배송/서비스,배송/서비스,블루투스 스피커,음향 부품 특성상 배송 충격 걱정이 있었는데 박스 완벽한 상태로 도착했어요. 정밀 부품에 맞는 포장 수준이에요.,"Had concerns about transit damage to the audio components, but the box arrived in perfect condition. Packaging standards are appropriate for precision parts.",4.5,긍정
S2_T4_033,S2,성능 중시형,POS,T4,배송/서비스,배송/서비스,무선 마우스,펌웨어 업데이트 문의했더니 최신 버전 링크랑 성능 개선 항목 문서를 같이 보내줬어요. 사후 지원이 체계적이에요.,Asked about a firmware update and received the latest version link along with a full changelog of performance improvements. After-sales support is impressively systematic.,4.5,긍정
S2_T4_034,S2,성능 중시형,POS,T4,배송/서비스,배송/서비스,태블릿,개봉 후 디스플레이 밝기 불균일 발견해서 신고했더니 48시간 내에 새 유닛 보내줬어요. 성능 기준에 타협 없는 교환 정책이에요.,Reported display brightness uniformity issues after unboxing — a replacement unit shipped within 48 hours. Zero-compromise exchange policy on performance standards.,5.0,긍정
S2_T5_035,S2,성능 중시형,POS,T5,사용 편의성,사용 편의성,노트북,고성능 제품인데 발열 관리 앱이 직관적이에요. 쿨링 모드 전환이 빠르고 성능 프로파일 커스텀도 세밀하게 조절돼요.,High-performance machine with surprisingly intuitive thermal management software. Cooling mode switching is instant and performance profile customization is granular.,4.5,긍정
S2_T5_036,S2,성능 중시형,POS,T5,사용 편의성,사용 편의성,스마트워치,센서 데이터가 앱에서 항목별로 상세하게 표시돼요. 운동 지표 분석이 세분화돼 있어서 훈련 계획에 실질적으로 활용해요.,Sensor data is broken down in granular detail in the app. Workout metrics are specific enough to directly inform training decisions.,5.0,긍정
S2_T5_037,S2,성능 중시형,POS,T5,사용 편의성,사용 편의성,기계식 키보드,매크로 설정이 소프트웨어 없이 온보드로 가능해요. 키 리매핑도 직관적으로 돼서 고성능 기능을 전부 활용할 수 있어요.,Macro configuration works fully onboard without any software. Key remapping is intuitive enough that you can unlock every high-performance feature.,4.5,긍정
S2_T5_038,S2,성능 중시형,POS,T5,사용 편의성,사용 편의성,무선 마우스,DPI 전환 버튼이 작업 흐름을 끊지 않는 위치에 있어요. 센서 성능을 최대로 끌어내는 설정이 앱에서 세밀하게 조절돼요.,DPI switch placement never interrupts workflow. App settings expose every parameter needed to squeeze maximum output from the high-resolution sensor.,4.5,긍정
S2_T5_039,S2,성능 중시형,POS,T5,사용 편의성,사용 편의성,태블릿,디스플레이 색온도 세밀 조정이 앱에서 돼요. 색 정확도가 높은 제품인 만큼 프로파일 관리도 전문적으로 지원해줘요.,"Fine color temperature adjustment is available through the app. Given the display's high color accuracy, the professional-grade profile management support makes sense.",5.0,긍정
S2_T5_040,S2,성능 중시형,POS,T5,사용 편의성,사용 편의성,블루투스 스피커,이퀄라이저 설정이 세밀해서 주파수 대역별로 조정할 수 있어요. 고성능 드라이버 성능을 공간 특성에 맞게 최적화하기 좋아요.,Equalizer settings are granular enough for band-by-band frequency adjustments. Makes it easy to optimize the high-performance driver output for any room.,4.5,긍정
S2_T5_041,S2,성능 중시형,POS,T5,사용 편의성,사용 편의성,웹캠,해상도랑 프레임레이트 수동 설정이 돼서 상황별로 최적화할 수 있어요. 고성능 센서를 제대로 활용하려면 이 정도 설정 자유도는 필수예요.,Manual resolution and frame rate control lets you optimize for every situation. This level of configuration freedom is essential for getting the most out of a high-performance sensor.,4.5,긍정
S2_T5_042,S2,성능 중시형,POS,T5,사용 편의성,사용 편의성,외장 SSD,드라이브 헬스 모니터링 앱이 포함돼 있어요. S.M.A.R.T 데이터를 실시간으로 확인할 수 있어서 성능 상태를 주기적으로 점검해요.,Drive health monitoring app is included out of the box. Real-time S.M.A.R.T data access means I can check performance status whenever I want.,4.5,긍정
S2_T5_043,S2,성능 중시형,POS,T5,사용 편의성,사용 편의성,보조배터리,충전 상태 표시가 퍼센트 단위로 정확하게 나와요. 출력 포트별 전류값도 표시돼서 연결된 기기의 충전 효율을 직접 확인할 수 있어요.,Charge level displays in precise percentage increments. Per-port current output is shown so I can monitor charging efficiency for each connected device directly.,4.5,긍정
S2_T5_044,S2,성능 중시형,POS,T5,사용 편의성,사용 편의성,USB 허브,포트별 전력 공급 상태가 앱에서 모니터링돼요. 어떤 포트가 얼마나 전력을 쓰는지 확인할 수 있어서 고성능 장비 연결 시 관리가 쉬워요.,Per-port power delivery status is monitorable through the app. Knowing exactly how much power each port draws makes managing high-performance devices straightforward.,4.5,긍정
S2_T5_045,S2,성능 중시형,POS,T5,사용 편의성,사용 편의성,무선 충전기,충전 전력 실시간 표시가 돼요. 기기별 최적 충전 전력이 자동으로 협상되는 과정을 수치로 확인할 수 있어서 성능 이상 여부를 바로 알 수 있어요.,Real-time charging wattage is displayed throughout. Watching the optimal power negotiation happen per device in live numbers means I catch any performance anomaly immediately.,5.0,긍정
S2_T1_046,S2,성능 중시형,POS,T1,가격/비용,가격/비용,스마트 전구,루멘 수치랑 CRI 90 이상 제품을 찾다 여기서 발견했어요. 이 조명 품질이 나오는 제품 중에 가격이 가장 합리적이어서 선택했어요.,Was hunting for something with solid lumen output and CRI above 90 — found it here. Best price I could find for a bulb that actually delivers this light quality.,4.0,긍정
S2_T2_046,S2,성능 중시형,POS,T2,성능/스펙,성능/스펙,무선 충전기,멀티미터로 실제 출력 전류 측정해봤어요. 표기 15W 그대로 나오고 발열도 스펙 범위 안에 들어와요. 수치로 검증된 제품이에요.,Measured the actual output current with a multimeter. Delivers the full 15W as rated and heat stays within spec. This is a product that holds up to actual measurement.,4.5,긍정
S2_T3_046,S2,성능 중시형,POS,T3,디자인/외관,디자인/외관,보조배터리,배터리 셀 보호를 위한 케이스 두께가 적절하게 설계돼 있어요. 얇다고 내부 구조를 타협한 제품들이 많은데 여기는 방열과 내구성 균형이 잘 잡혀있어요.,"Case thickness is engineered to properly protect the battery cells. A lot of slim designs cut corners on internal structure, but this one balances thermal management and durability well.",4.5,긍정
S2_T4_046,S2,성능 중시형,POS,T4,배송/서비스,배송/서비스,외장 SSD,도착하자마자 벤치마크부터 돌렸어요. 스펙 이상 없음 확인하고 나서야 개봉 포장 버렸어요. 처음부터 성능 데이터를 신뢰할 수 있는 제품이라 AS 문의할 일이 없었어요.,Ran benchmarks the moment it arrived before discarding any packaging. Confirmed specs were intact first. Performance data was trustworthy from the start — no reason to contact support at all.,4.0,긍정
S2_T4_047,S2,성능 중시형,POS,T4,배송/서비스,배송/서비스,기계식 키보드,스위치 오작동 신고하니까 교환 전에 측정 데이터 요청이 왔어요. 증거 기반으로 판단하는 AS 프로세스가 인상적이었어요. 감에 의존하지 않고 수치로 처리하는 브랜드예요.,"Reported a switch misfire and they asked for measurement data before processing the exchange. Impressed by an after-sales process that makes evidence-based decisions. A brand that runs on data, not gut feel.",4.5,긍정
S2_POS2_T1_001,S2,성능 중시형,POS,T1,가격/비용,가격/비용,외장 SSD,읽기/쓰기 속도 실측하고 동급 경쟁 제품 전부 비교했어요. 이 성능 수치가 나오는 제품 중에 여기가 가격 효율이 제일 높았어요.,Benchmarked read/write speeds and compared every competing product in the category. This one had the best performance-per-dollar of anything I tested.,4.5,긍정
S2_POS2_T1_002,S2,성능 중시형,POS,T1,가격/비용,가격/비용,무선 이어폰,드라이버 사이즈랑 임피던스 스펙 보고 샀어요. 음향 성능 수치 대비 이 가격은 시장에서 보기 드문 조합이에요.,Selected based on driver size and impedance specs. Performance numbers at this price point is a combination that's rare in this market.,4.5,긍정
S2_POS2_T1_003,S2,성능 중시형,POS,T1,가격/비용,가격/비용,블루투스 스피커,THD 수치랑 주파수 응답 범위 확인하고 구매했어요. 이 오디오 성능이 나오는 제품 중에 이 가격대는 사실상 없어요.,Checked THD figures and frequency response range before buying. There's essentially nothing at this price that delivers this level of audio performance.,5.0,긍정
S2_POS2_T1_004,S2,성능 중시형,POS,T1,가격/비용,가격/비용,태블릿,AP 벤치마크 점수랑 디스플레이 색 정확도 수치 먼저 확인했어요. 두 지표 모두 이 가격에서 나올 수 있는 상한선 근처예요.,Verified AP benchmark scores and display color accuracy before anything else. Both metrics are near the ceiling of what's achievable at this price.,5.0,긍정
S2_POS2_T1_005,S2,성능 중시형,POS,T1,가격/비용,가격/비용,보조배터리,셀 용량 대비 실제 출력 효율을 계산해서 비교했어요. 변환 효율이 이 가격대 제품 중 가장 높게 나왔어요.,Calculated actual output efficiency against cell capacity across options. This one came out with the highest conversion efficiency in its price class.,4.0,긍정
S2_POS2_T1_006,S2,성능 중시형,POS,T1,가격/비용,가격/비용,무선 마우스,폴링레이트랑 센서 정밀도 스펙 비교표 만들어서 골랐어요. 게이밍 등급 센서가 이 가격에 들어있는 건 스펙 분석 없이는 발견하기 어려워요.,Built a comparison sheet of polling rate and sensor precision specs before deciding. Finding gaming-grade sensor performance at this price is something you'd only discover through spec analysis.,4.5,긍정
S2_POS2_T1_007,S2,성능 중시형,POS,T1,가격/비용,가격/비용,웹캠,렌즈 화각이랑 실제 유효 해상도 수치 검증하고 샀어요. 광학 성능 대비 가격이 이 카테고리에서 가장 합리적인 선택이에요.,Verified lens field of view and effective resolution figures before purchasing. Best optical performance-to-price ratio in this category.,4.0,긍정
S2_POS2_T1_008,S2,성능 중시형,POS,T1,가격/비용,가격/비용,기계식 키보드,액추에이션 포스랑 스위치 수명 스펙 비교해서 결정했어요. 내구성 수치 대비 이 가격은 장기적으로 가장 효율적인 투자예요.,Compared actuation force and switch lifespan specs to make the decision. Best long-term investment considering durability specs at this price.,4.5,긍정
S2_POS2_T1_009,S2,성능 중시형,POS,T1,가격/비용,가격/비용,스마트워치,GPS 칩셋 정확도랑 센서 갱신 주기 스펙 비교했어요. 이 측정 정밀도가 나오는 웨어러블은 보통 훨씬 비싸요.,Compared GPS chipset accuracy and sensor refresh rate specs. Wearables that deliver this measurement precision usually cost significantly more.,3.5,중립
S2_POS2_T1_010,S2,성능 중시형,POS,T1,가격/비용,가격/비용,USB 허브,PD 출력 스펙이랑 데이터 전송 규격 비교해서 골랐어요. 이 전력 공급 성능이면 더 비싼 브랜드 허브를 살 이유가 없어요.,Selected after comparing PD output specs and data transfer standards. Power delivery performance at this level means there's no reason to spend more on branded hubs.,3.5,중립
S2_POS2_T1_011,S2,성능 중시형,POS,T1,가격/비용,가격/비용,노트북 거치대,하중 한계랑 소재 강성 수치 확인하고 샀어요. 알루미늄 합금 강도가 이 수준이면 가격이 충분히 정당화돼요.,Confirmed load limit and material rigidity specs before buying. Aluminum alloy strength at this level fully justifies the price.,3.0,중립
S2_POS2_T2_012,S2,성능 중시형,POS,T2,성능/스펙,성능/스펙,노트북,시네벤치 멀티코어 점수가 이전 세대 플래그십 수준이에요. 실제로 영상 편집 렌더링 시간 재봤더니 광고 성능과 오차 1% 이내예요.,Cinebench multi-core score matches last-gen flagship level. Timed actual video edit renders and performance landed within 1% of the advertised spec.,5.0,긍정
S2_POS2_T2_013,S2,성능 중시형,POS,T2,성능/스펙,성능/스펙,외장 SSD,AS SSD로 실측했더니 4K 랜덤 읽기가 스펙보다 오히려 높게 나왔어요. 제조사 스펙을 초과하는 제품은 흔치 않아요.,Benchmarked with AS SSD and 4K random read actually came in above spec. Products that exceed manufacturer specs are genuinely rare.,5.0,긍정
S2_POS2_T2_014,S2,성능 중시형,POS,T2,성능/스펙,성능/스펙,무선 이어폰,주파수 응답 실측치가 스펙표 커브랑 거의 정확히 겹쳐요. 측정값이 광고와 일치하는 이어폰은 생각보다 많지 않아요.,Measured frequency response almost perfectly overlaps the spec sheet curve. Earphones where measurements actually match the advertising are rarer than you'd think.,5.0,긍정
S2_POS2_T2_015,S2,성능 중시형,POS,T2,성능/스펙,성능/스펙,블루투스 스피커,REW로 측정한 THD가 광고 수치 이내로 나왔어요. 오디오 제품에서 실측이 광고를 지지하면 그 브랜드를 계속 신뢰하게 돼요.,"THD measured with REW came in within the advertised figure. When real measurements support the advertising on audio products, that brand earns continued trust.",4.5,긍정
S2_POS2_T2_016,S2,성능 중시형,POS,T2,성능/스펙,성능/스펙,웹캠,MTF 측정으로 실제 해상도 확인했더니 광고 스펙이랑 거의 일치해요. 렌즈 선명도가 이 가격에서 이 수준이면 충분히 합격이에요.,Verified actual resolution with MTF measurements and it closely matches the advertised spec. Lens sharpness at this level for this price is a clear pass.,4.5,긍정
S2_POS2_T2_017,S2,성능 중시형,POS,T2,성능/스펙,성능/스펙,기계식 키보드,키마다 액추에이션 포스를 게이지로 측정해봤는데 편차가 ±1g 이내예요. 품질 관리 수준이 이 정도면 스펙을 신뢰할 수 있어요.,Measured actuation force on each key with a gauge and deviation was within ±1g. Quality control at this level means the specs can be trusted.,4.5,긍정
S2_POS2_T2_018,S2,성능 중시형,POS,T2,성능/스펙,성능/스펙,무선 마우스,MouseTester로 폴링레이트 실측했는데 1000Hz 안정적으로 유지돼요. 수치가 스펙대로 나오는 마우스가 생각보다 적어요.,Verified polling rate with MouseTester and it holds stable at 1000Hz. Fewer mice than you'd expect actually deliver the rated polling rate.,4.5,긍정
S2_POS2_T2_019,S2,성능 중시형,POS,T2,성능/스펙,성능/스펙,태블릿,ColorMunki로 디스플레이 색 정확도 측정했더니 DCI-P3 97%가 나왔어요. 광고 스펙을 측정으로 검증하면 이렇게 믿음이 생겨요.,Measured display color accuracy with ColorMunki and got 97% DCI-P3. Verifying advertised specs through measurement is how trust like this gets built.,5.0,긍정
S2_POS2_T2_020,S2,성능 중시형,POS,T2,성능/스펙,성능/스펙,보조배터리,"USB 전력 미터로 실제 출력 측정했더니 표기 용량의 91%가 나왔어요. 시중 평균보다 8%p 높은 효율인데, 이 수치가 재구매 결정을 만들어요.",Measured actual output with a USB power meter and got 91% of rated capacity. That's 8 percentage points above market average — figures like this drive repurchase decisions.,4.0,긍정
S2_POS2_T2_021,S2,성능 중시형,POS,T2,성능/스펙,성능/스펙,스마트워치,의료용 심박 모니터랑 동시 착용해서 수치 비교했어요. 오차가 ±4bpm 이내로 유지됐어요. 이 정밀도는 이 가격대에서 기대 이상이에요.,Wore it simultaneously with a medical heart rate monitor to compare readings. Error stayed within ±4bpm. This precision is well above expectations at this price.,4.5,긍정
S2_POS2_T2_022,S2,성능 중시형,POS,T2,성능/스펙,성능/스펙,USB 허브,USB 3.2 전송 속도를 벤치마크 툴로 직접 측정했어요. 전 포트 동시 사용해도 스펙 대비 속도 저하가 5% 이내예요.,Measured USB 3.2 transfer speeds directly with a benchmark tool. Speed degradation with all ports active simultaneously was within 5% of spec.,4.0,긍정
S2_POS2_T2_023,S2,성능 중시형,POS,T2,성능/스펙,성능/스펙,노트북 거치대,하중 테스트 직접 해봤어요. 표기 8kg에 9.5kg까지 버텼어요. 스펙 마진이 있는 제품은 오래 믿고 쓸 수 있어요.,Did a load test myself. Held up to 9.5kg against the rated 8kg. Products with spec margin are ones you can trust long-term.,3.5,중립
S2_POS2_T2_024,S2,성능 중시형,POS,T2,성능/스펙,성능/스펙,무선 충전기,멀티미터로 출력 전력 실측했는데 15W 그대로 나오고 발열도 안정 범위 이내예요. 수치로 검증된 제품은 장기 사용이 불안하지 않아요.,Measured output with a multimeter — full 15W delivered and heat stayed within safe range. A product validated by measurement is one you can use long-term without worry.,3.0,중립
S2_POS2_T2_025,S2,성능 중시형,POS,T2,성능/스펙,성능/스펙,스마트 전구,광도계로 루멘 출력 측정했더니 표기값의 97%가 나왔어요. 조명 제품에서 광출력 스펙이 이렇게 정확한 건 흔하지 않아요.,Measured lumen output with a light meter and got 97% of the rated value. Accurate lumen specs on lighting products is less common than it should be.,3.5,중립
S2_POS2_T3_026,S2,성능 중시형,POS,T3,디자인/외관,디자인/외관,노트북,섀시 강성 직접 테스트했어요. 비틀림 강성이 경쟁 제품보다 체감상 확실히 높아요. 풀로드 중 기판 휨이 없어서 장기 내구성에 안심이에요.,Tested chassis rigidity directly. Torsional stiffness is noticeably higher than competing products. No PCB flex under full load gives real confidence in long-term durability.,4.5,긍정
S2_POS2_T3_027,S2,성능 중시형,POS,T3,디자인/외관,디자인/외관,외장 SSD,열화상 카메라로 외형 발열 분포 확인했어요. 알루미늄 케이스가 방열판 역할을 실제로 하고 있어요. 디자인이 성능에 기여하는 구조예요.,Checked external thermal distribution with a thermal camera. The aluminum case is genuinely functioning as a heatsink. This is design that actively contributes to performance.,4.5,긍정
S2_POS2_T3_028,S2,성능 중시형,POS,T3,디자인/외관,디자인/외관,기계식 키보드,가스켓 마운트 구조를 직접 분해해서 확인했어요. 마운팅 포인트 수와 패드 두께가 타건 흡수에 실질적으로 기여하는 설계예요.,Disassembled it to verify the gasket mount structure directly. The number of mounting points and pad thickness are a design that genuinely contributes to keystroke absorption.,5.0,긍정
S2_POS2_T3_029,S2,성능 중시형,POS,T3,디자인/외관,디자인/외관,무선 이어폰,이어팁 소재를 경도계로 측정했어요. 메모리폼 스펙이 장시간 착용 차음에 직접 기여하는 밀도예요. 소재 선택이 성능에 연결돼 있어요.,Measured ear tip material hardness. The memory foam density is what directly contributes to long-wear noise isolation. Material selection is meaningfully connected to performance here.,4.0,긍정
S2_POS2_T3_030,S2,성능 중시형,POS,T3,디자인/외관,디자인/외관,스마트워치,베젤 두께를 캘리퍼스로 측정했더니 광고 스펙 그대로예요. 물리적 치수 스펙도 정확한 제품은 내부 스펙도 신뢰할 수 있어요.,Measured bezel thickness with calipers and it matched the advertised spec exactly. A product where physical dimension specs are accurate is one you can trust on internal specs too.,4.0,긍정
S2_POS2_T3_031,S2,성능 중시형,POS,T3,디자인/외관,디자인/외관,블루투스 스피커,포트 배치 각도를 직접 측정했어요. 패시브 라디에이터 위치가 저음 응답 향상에 물리적으로 최적화된 구조예요.,Measured port placement angles directly. The passive radiator positioning is physically optimized for enhanced bass response — not just decorative.,4.5,긍정
S2_POS2_T3_032,S2,성능 중시형,POS,T3,디자인/외관,디자인/외관,웹캠,마운트 클립 압력을 측정해봤어요. 모니터 두께 범위에서 고정력이 일정하게 유지돼요. 기구 설계가 사용 범위를 실질적으로 커버해요.,Measured mount clip clamping pressure. Holding force stays consistent across the stated monitor thickness range. The mechanical design genuinely covers its claimed use range.,3.5,중립
S2_POS2_T3_033,S2,성능 중시형,POS,T3,디자인/외관,디자인/외관,USB 허브,포트 간격을 실측했는데 스펙 그대로예요. 두꺼운 USB 동글 6개 동시에 꽂아봤는데 간섭 없이 다 들어가요. 치수 설계가 실용적이에요.,Measured port spacing and it matched the spec exactly. Tested with six thick USB dongles simultaneously and all fitted without interference. Dimensional design is practical.,3.5,중립
S2_POS2_T3_034,S2,성능 중시형,POS,T3,디자인/외관,디자인/외관,태블릿,스펙 두께를 버니어 캘리퍼스로 측정했어요. 광고 수치랑 0.1mm 오차예요. 물리적 정밀도가 이 수준이면 다른 스펙도 믿게 돼요.,Measured spec thickness with vernier calipers. 0.1mm difference from the advertised figure. Physical precision at this level makes everything else about the specs credible.,3.0,중립
S2_POS2_T3_035,S2,성능 중시형,POS,T3,디자인/외관,디자인/외관,무선 마우스,버튼 클릭 포스를 측정했어요. 메인 버튼이 55g으로 일관되게 나왔어요. 이 수준의 클릭 일관성은 장시간 작업 피로도에 직접 영향을 줘요.,Measured button click force. Main button came out consistently at 55g. Click consistency at this level has a direct impact on fatigue during long work sessions.,4.0,긍정
S2_POS2_T3_036,S2,성능 중시형,POS,T3,디자인/외관,디자인/외관,보조배터리,케이스 두께랑 내부 셀 보호 설계를 확인했어요. 얇으면서도 셀 보호 구조를 유지한 설계는 경량화와 내구성을 동시에 잡은 거예요.,Checked case thickness and internal cell protection design. Maintaining cell protection structure while staying slim is design that achieves both lightness and durability simultaneously.,3.0,중립
S2_POS2_T4_037,S2,성능 중시형,POS,T4,배송/서비스,배송/서비스,노트북,도착하자마자 벤치마크 돌렸는데 이상 없음 확인했어요. AS 팀에 측정 결과 공유했더니 기술팀에서 직접 연락해서 데이터 분석까지 해줬어요.,Ran benchmarks immediately on arrival — all clear. Shared the measurement results with the service team and a technical engineer followed up directly to analyze the data with me.,4.5,긍정
S2_POS2_T4_038,S2,성능 중시형,POS,T4,배송/서비스,배송/서비스,외장 SSD,정전기 방지 포장재랑 충격 흡수 인서트까지 들어있었어요. 정밀 부품 포장 수준이 제조사가 내부 설계에 얼마나 신경 쓰는지를 보여줘요.,Anti-static packaging and impact-absorbing inserts included. Packaging standards for precision components show how much care the manufacturer puts into internal design.,4.5,긍정
S2_POS2_T4_039,S2,성능 중시형,POS,T4,배송/서비스,배송/서비스,기계식 키보드,스위치 불량 신고할 때 측정 데이터 첨부했더니 기술팀에서 수치 검토 후 즉시 교환 처리했어요. 데이터 기반으로 움직이는 AS가 신뢰를 만들어요.,Attached measurement data when reporting the switch defect — technical team reviewed the figures and processed an immediate exchange. Data-driven after-sales is how trust gets built.,5.0,긍정
S2_POS2_T4_040,S2,성능 중시형,POS,T4,배송/서비스,배송/서비스,스마트워치,센서 캘리브레이션 이슈를 문의했더니 기술팀이 직접 원격으로 측정값 로그 분석해줬어요. 고객 데이터를 기술적으로 처리하는 AS가 인상적이에요.,Inquired about a sensor calibration issue and the technical team remotely analyzed measurement logs directly. After-sales that handles customer data with technical rigor is impressive.,5.0,긍정
S2_POS2_T4_041,S2,성능 중시형,POS,T4,배송/서비스,배송/서비스,블루투스 스피커,음향 부품 특성상 운송 충격 우려가 있었는데 박스 완벽했어요. 개봉 후 측정했더니 스펙 그대로 나와서 운송 포장이 제 역할을 했음을 확인했어요.,Was concerned about transit damage to audio components but the box was perfect. Measured after unboxing and specs held — confirmed the shipping packaging did its job.,4.5,긍정
S2_POS2_T4_042,S2,성능 중시형,POS,T4,배송/서비스,배송/서비스,무선 마우스,펌웨어 업데이트 문의했더니 변경 사항별 성능 수치까지 포함된 기술 문서를 보내줬어요. 이런 수준의 기술 지원은 흔치 않아요.,Asked about a firmware update and they sent technical documentation including performance figures for each change. This level of technical support is genuinely uncommon.,4.5,긍정
S2_POS2_T4_043,S2,성능 중시형,POS,T4,배송/서비스,배송/서비스,보조배터리,용량 측정값 보내면서 효율 저하 문의했더니 배터리 화학적 특성 기반 분석 결과를 보내줬어요. 기술적 근거로 소통하는 AS는 믿음이 가요.,Sent capacity measurements asking about efficiency drop and received an analysis based on battery chemistry. After-sales that communicates with technical grounding is trustworthy.,4.0,긍정
S2_POS2_T4_044,S2,성능 중시형,POS,T4,배송/서비스,배송/서비스,웹캠,드라이버 호환성 문제 문의했더니 기술팀이 OS 버전별 호환성 매트릭스를 전송해줬어요. 문제 해결보다 예방적 정보 제공이 인상적이었어요.,Asked about a driver compatibility issue and the tech team sent a compatibility matrix broken down by OS version. Providing preventive information beyond just solving the problem was impressive.,4.0,긍정
S2_POS2_T4_045,S2,성능 중시형,POS,T4,배송/서비스,배송/서비스,USB 허브,포트별 전력 측정값 보내며 문의했더니 설계 허용 오차 범위 문서까지 첨부해서 답변이 왔어요. 기술 문서 기반으로 대응하는 AS예요.,Sent per-port power measurements with my inquiry and received a response that included design tolerance range documentation. This is after-sales that responds with technical documentation.,3.5,중립
S2_POS2_T4_046,S2,성능 중시형,POS,T4,배송/서비스,배송/서비스,태블릿,디스플레이 밝기 불균일 발견해서 측정 데이터랑 함께 신고했어요. 48시간 내에 새 유닛 발송됐어요. 수치 증거에 빠르게 반응하는 교환 정책이에요.,Found display brightness uniformity issue and reported it with measurement data. New unit shipped within 48 hours. Exchange policy that responds quickly to quantified evidence.,3.5,중립
S2_POS2_T4_047,S2,성능 중시형,POS,T4,배송/서비스,배송/서비스,무선 충전기,출력 이상 문의했더니 기술팀이 충전 프로토콜 협상 로그를 요청했어요. 로그 분석으로 펌웨어 버그를 48시간 내에 패치해줬어요.,Inquired about output anomaly and the tech team requested charging protocol negotiation logs. They patched a firmware bug within 48 hours based on log analysis.,3.0,중립
S2_POS2_T4_048,S2,성능 중시형,POS,T4,배송/서비스,배송/서비스,스마트 전구,루멘 저하 문의했더니 LED 드리프트 특성 기반 예상 수명 계산값을 보내줬어요. 기술적 근거가 있는 답변은 제품에 대한 신뢰를 높여줘요.,Asked about lumen depreciation and received a projected lifespan calculation based on LED drift characteristics. Answers grounded in technical reasoning raise confidence in the product.,3.0,중립
S2_POS2_T5_049,S2,성능 중시형,POS,T5,사용 편의성,사용 편의성,노트북,성능 모니터링 앱에서 실시간 CPU/GPU 클럭이랑 전력 소비 수치가 다 보여요. 고성능 기기를 최대로 활용하려면 이 수준의 가시성이 필요해요.,Performance monitoring app shows real-time CPU/GPU clock speeds and power consumption figures. This level of visibility is exactly what you need to get maximum output from high-performance hardware.,4.5,긍정
S2_POS2_T5_050,S2,성능 중시형,POS,T5,사용 편의성,사용 편의성,스마트워치,"운동 데이터가 VO2max, 심박 변동성, 회복 점수까지 수치로 나와요. 훈련 계획을 데이터 기반으로 세울 수 있어서 진짜 도구로 쓰고 있어요.","Workout data includes VO2max, heart rate variability, and recovery scores — all as figures. Being able to build training plans from actual data makes this a real tool, not a gadget.",5.0,긍정
S2_POS2_T5_051,S2,성능 중시형,POS,T5,사용 편의성,사용 편의성,외장 SSD,드라이브 상태 앱에서 S.M.A.R.T 전체 항목이 수치로 나와요. 이상 징후를 수치로 미리 포착할 수 있어서 데이터 관리가 훨씬 안심이 돼요.,Drive health app shows all S.M.A.R.T attributes as figures. Being able to catch anomalies as numbers before they become problems makes data management much more reassuring.,4.5,긍정
S2_POS2_T5_052,S2,성능 중시형,POS,T5,사용 편의성,사용 편의성,기계식 키보드,온보드 메모리에 매크로 프로파일 5개 저장돼요. 소프트웨어 없이 어느 컴퓨터에서든 저장된 설정 그대로 쓸 수 있어서 고성능 기능 활용에 제약이 없어요.,Onboard memory stores five macro profiles. Using full performance features without software on any computer is exactly the kind of constraint-free setup I need.,4.5,긍정
S2_POS2_T5_053,S2,성능 중시형,POS,T5,사용 편의성,사용 편의성,무선 마우스,DPI 전환 버튼이 작업 흐름에서 자연스러운 위치에 있어요. 고해상도 센서 성능을 상황에 맞게 즉시 조정할 수 있어서 효율이 높아요.,DPI switch button sits in a naturally accessible position in the workflow. Being able to instantly adjust high-resolution sensor performance to the situation raises efficiency.,4.5,긍정
S2_POS2_T5_054,S2,성능 중시형,POS,T5,사용 편의성,사용 편의성,태블릿,디스플레이 색 프로파일을 앱에서 색온도 K값 단위로 세밀하게 조정할 수 있어요. 색 정확도가 높은 패널인 만큼 이 수준의 교정 기능이 있어야 해요.,Display color profile can be adjusted precisely by color temperature in K-unit increments through the app. A panel with this color accuracy should have this level of calibration control.,4.0,긍정
S2_POS2_T5_055,S2,성능 중시형,POS,T5,사용 편의성,사용 편의성,블루투스 스피커,이퀄라이저가 주파수 대역별 dB 값 조정으로 돼 있어요. 수치 기반으로 음향을 조정할 수 있으면 최적화가 감이 아니라 근거로 이루어져요.,"Equalizer works with dB value adjustment per frequency band. Being able to tune acoustics with actual figures means optimization is based on evidence, not guesswork.",4.0,긍정
S2_POS2_T5_056,S2,성능 중시형,POS,T5,사용 편의성,사용 편의성,무선 충전기,충전 중 실시간 전력 수치가 표시돼요. 어떤 기기가 최대 출력으로 충전되는지 수치로 확인할 수 있어서 고성능 장비 관리가 편해요.,Real-time power figures display during charging. Being able to confirm in numbers which device is charging at maximum output makes managing high-performance equipment convenient.,4.0,긍정
S2_POS2_T5_057,S2,성능 중시형,POS,T5,사용 편의성,사용 편의성,웹캠,"해상도, 프레임레이트, 노출값을 수동으로 수치 입력해서 설정할 수 있어요. 자동 모드에 의존하지 않고 센서 성능을 직접 통제할 수 있어야 제대로 쓰는 거죠.","Resolution, frame rate, and exposure values can be set by entering figures manually. Directly controlling sensor performance without relying on auto mode is what proper use looks like.",3.5,중립
S2_POS2_T5_058,S2,성능 중시형,POS,T5,사용 편의성,사용 편의성,USB 허브,포트별 전력 소비 수치를 앱에서 모니터링할 수 있어요. 어느 포트가 얼마를 쓰는지 알면 연결 전략을 최적화할 수 있어요.,Per-port power consumption figures are monitorable through the app. Knowing exactly how much each port draws lets you optimize your connection strategy.,3.5,중립
S2_POS2_T5_059,S2,성능 중시형,POS,T5,사용 편의성,사용 편의성,보조배터리,포트별 출력 전류값이 퍼센트 단위로 정확하게 표시돼요. 연결된 기기의 충전 효율을 수치로 확인할 수 있어서 고성능 기기 충전 관리에 도움이 돼요.,Per-port output current values display in precise percentage increments. Monitoring charging efficiency as actual figures helps manage charging for high-performance devices.,3.0,중립
S2_POS2_T5_060,S2,성능 중시형,POS,T5,사용 편의성,사용 편의성,스마트 전구,색온도 조정이 100K 단위로 세밀하게 되고 현재값이 수치로 표시돼요. 조명 환경을 수치 기반으로 재현 가능하게 설정할 수 있어서 작업 환경 최적화에 좋아요.,Color temperature adjusts in 100K increments and current value displays numerically. Being able to reproduce lighting conditions through specific figures is great for optimizing a work environment.,3.0,중립
S2_NEG_T1_001,S2,성능 중시형,NEG,T1,가격/비용,가격/비용,노트북,"벤치마크 점수 대비 가격이 합리적이라 샀는데, 동급 경쟁 제품이 며칠 후 더 낮은 가격에 출시됐어요. 구매 타이밍이 아쉬워요. 성능 자체는 나쁘지 않아요.","Bought based on a reasonable benchmark-to-price ratio, then a competing product launched at a lower price days later. Timing was unfortunate. Performance itself is fine.",3.5,중립
S2_NEG_T1_002,S2,성능 중시형,NEG,T1,가격/비용,가격/비용,외장 SSD,GB당 단가 계산해서 구매했는데 한 달 후 동일 용량이 15% 더 저렴하게 나왔어요. 성능은 검증됐지만 가격 타이밍이 아쉬워요.,"Did the cost-per-GB calculation before buying, then the same capacity dropped 15% a month later. Performance checks out but the timing on price was unfortunate.",3.5,중립
S2_NEG_T1_003,S2,성능 중시형,NEG,T1,가격/비용,가격/비용,무선 이어폰,"드라이버 스펙 대비 가격이 괜찮다고 생각했는데, 실제 측정치가 스펙보다 조금 낮게 나왔어요. 성능과 가격의 밸런스가 생각보다 좋지 않아요.","Thought the driver specs justified the price, but measured output came in slightly below spec. The performance-to-price balance isn't as good as I expected.",3.5,중립
S2_NEG_T1_004,S2,성능 중시형,NEG,T1,가격/비용,가격/비용,블루투스 스피커,THD 수치 보고 이 가격이면 납득했는데 실측하니 광고보다 2배 높게 나왔어요. 성능이 가격을 정당화 못하는 수준이에요.,"Accepted the price based on the THD spec, but measured it at twice the advertised value. Performance no longer justifies the price.",2.5,부정
S2_NEG_T1_005,S2,성능 중시형,NEG,T1,가격/비용,가격/비용,태블릿,AP 벤치마크 점수가 광고의 70%밖에 안 나와요. 이 성능이면 이 가격은 명백히 과한 거예요. 스펙 기반으로 가격 책정한 게 아닌 것 같아요.,AP benchmark comes in at 70% of the advertised score. At this performance level the price is clearly excessive. Doesn't look like it was priced based on actual specs.,2.0,부정
S2_NEG_T1_006,S2,성능 중시형,NEG,T1,가격/비용,가격/비용,웹캠,"렌즈 스펙 대비 가격이 이상적이라 샀는데 실제 화질이 스펙의 절반 수준이에요. 광고 수치를 그대로 믿은 제가 잘못이지만, 허위 기재는 용납이 안 돼요.","Bought it for the ideal spec-to-price on the lens, but real-world image quality is half of what the spec implies. My fault for trusting the numbers, but false specs aren't acceptable.",2.0,부정
S2_NEG_T1_007,S2,성능 중시형,NEG,T1,가격/비용,가격/비용,보조배터리,셀 용량 대비 가격이 합리적이라 골랐는데 실제 출력이 표기의 60%예요. 이 출력이면 이 가격의 절반도 아까워요.,"Selected it for the reasonable cell capacity-to-price, but actual output is 60% of the rating. At this performance, even half the price would feel steep.",1.5,부정
S2_NEG_T1_008,S2,성능 중시형,NEG,T1,가격/비용,가격/비용,무선 마우스,"폴링레이트 스펙 대비 가격이 적절해서 샀는데, 실제 응답속도가 유선 마우스보다 느려요. 스펙 수치와 실사용 성능이 다른 건 사기예요.","Bought it for the reasonable polling rate-to-price. Real-world response is slower than my wired mouse. When spec numbers and actual performance diverge this much, it's fraud.",1.0,부정
S2_NEG_T1_009,S2,성능 중시형,NEG,T1,가격/비용,가격/비용,기계식 키보드,액추에이션 포스 스펙 보고 샀는데 키마다 수치가 다 달라요. 품질 편차가 이 정도면 스펙 자체가 의미 없는 거예요. 가격이 아깝네요.,"Bought based on the actuation force spec, but every key measures differently. If variance is this wide, the spec itself is meaningless. Wasted money.",2.0,부정
S2_NEG_T1_010,S2,성능 중시형,NEG,T1,가격/비용,가격/비용,USB 허브,"PD 출력 스펙 보고 납득하고 샀는데, 실제로 표기 출력의 75%밖에 안 나와요. 스펙 기반 구매 결정이 빗나간 게 답답해요.","Accepted the price based on the PD output spec, but it only delivers 75% of the rating. Frustrating when a spec-based purchase decision turns out to be wrong.",3.0,중립
S2_NEG_T2_011,S2,성능 중시형,NEG,T2,성능/스펙,성능/스펙,노트북,멀티코어 벤치마크는 좋은데 지속 성능이 떨어져요. 써멀 스로틀링이 5분 만에 걸려서 장시간 작업엔 스펙대로 성능이 안 나와요. 단기 작업엔 나쁘지 않아요.,Multi-core benchmark looks good but sustained performance drops off. Thermal throttling kicks in within 5 minutes so long sessions don't hit the spec. Fine for short tasks though.,3.5,중립
S2_NEG_T2_012,S2,성능 중시형,NEG,T2,성능/스펙,성능/스펙,외장 SSD,순차 읽기는 스펙이랑 맞는데 순차 쓰기가 20% 낮게 나와요. 읽기 위주 작업이라면 괜찮지만 쓰기 집약적인 용도엔 스펙 믿으면 안 돼요.,Sequential read matches the spec but sequential write comes in 20% low. Fine for read-heavy workloads but don't rely on the spec for write-intensive use.,3.5,중립
S2_NEG_T2_013,S2,성능 중시형,NEG,T2,성능/스펙,성능/스펙,무선 이어폰,20Hz~20kHz 커버는 맞는데 저음 응답이 스펙보다 롤오프가 빨라요. 측정치는 기준 이하지만 캐주얼 청취엔 나쁘지 않은 수준이에요.,Covers 20Hz–20kHz as stated but low-end rolloff happens faster than the spec suggests. Measurements fall short but casual listening is still acceptable.,3.0,중립
S2_NEG_T2_014,S2,성능 중시형,NEG,T2,성능/스펙,성능/스펙,블루투스 스피커,"THD 수치가 스펙보다 높게 나오는 건 감수했는데, 고음에서 클리핑이 발생해요. 허용 범위를 넘어선 왜곡이라 스펙 허위 기재가 의심돼요.",Expected some THD deviation but there's audible clipping in the highs. Distortion beyond acceptable tolerance — starting to suspect the spec was misrepresented.,2.5,부정
S2_NEG_T2_015,S2,성능 중시형,NEG,T2,성능/스펙,성능/스펙,웹캠,1080p 해상도는 맞는데 실제 유효 해상도가 훨씬 낮아요. 렌즈 품질 때문인지 중심부 외에는 선명도가 급격히 떨어져요.,Resolution is 1080p as stated but effective resolution is much lower. Sharpness drops off sharply outside the center — likely a lens quality issue.,2.5,부정
S2_NEG_T2_016,S2,성능 중시형,NEG,T2,성능/스펙,성능/스펙,보조배터리,실제 용량이 표기의 78%예요. 20% 손실은 변환 효율로 설명 가능한 수준을 넘어요. 용량 부풀리기가 의심되는 수치예요.,Actual capacity is 78% of the rating. A 22% loss goes beyond what conversion efficiency alone explains. This looks like capacity inflation.,2.0,부정
S2_NEG_T2_017,S2,성능 중시형,NEG,T2,성능/스펙,성능/스펙,무선 마우스,1000Hz 폴링레이트 맞는데 센서 정확도가 광고보다 낮아요. 고속 이동 시 트래킹 오류가 생겨요. 게이밍 용도로 산 거라 성능 오차가 치명적이에요.,Polling rate is 1000Hz as stated but sensor accuracy falls short of advertised. Tracking errors appear at high speed. Bought it for gaming so performance deviation is critical.,2.0,부정
S2_NEG_T2_018,S2,성능 중시형,NEG,T2,성능/스펙,성능/스펙,기계식 키보드,액추에이션 포스가 스펙보다 10g 높게 측정돼요. 장시간 타이핑하면 손이 피로해요. 스펙 편차가 이 정도면 품질 관리 기준을 의심하게 돼요.,Actuation force measures 10g heavier than spec. Hand fatigue sets in during long typing sessions. Deviation this wide makes me question their quality control standards.,2.0,부정
S2_NEG_T2_019,S2,성능 중시형,NEG,T2,성능/스펙,성능/스펙,태블릿,120Hz 주사율 스펙인데 실제로 60Hz 고정으로 동작해요. 설정에서 바꿀 수 없어요. 핵심 스펙이 작동 안 하는 건 불량이에요.,Spec says 120Hz but it runs locked at 60Hz in actual use. Can't change it in settings. A core spec not functioning is a defect.,1.5,부정
S2_NEG_T2_020,S2,성능 중시형,NEG,T2,성능/스펙,성능/스펙,USB 허브,USB 3.0 포트 전송 속도가 USB 2.0 수준이에요. 여러 케이블이랑 기기로 반복 측정해도 동일해요. 스펙 자체가 거짓인 걸 수치로 확인했어요.,USB 3.0 ports transfer at USB 2.0 speeds. Reproduced across multiple cables and devices. Confirmed with measurements that the spec is simply false.,1.5,부정
S2_NEG_T2_021,S2,성능 중시형,NEG,T2,성능/스펙,성능/스펙,무선 충전기,15W 스펙인데 실측하면 7W가 한계예요. 절반 이하의 출력이 나오는 건 측정 오류가 아니라 스펙 허위 기재예요. 환불 요청했어요.,Spec says 15W but measured output tops out at 7W. Under half the rated output isn't measurement error — it's a false spec. Filed for a refund.,1.0,부정
S2_NEG_T2_022,S2,성능 중시형,NEG,T2,성능/스펙,성능/스펙,스마트워치,심박 센서가 안정적인 상황에서도 ±20bpm 오차가 나와요. 이 정도 오차면 건강 데이터로 쓸 수 없어요. 측정 도구로서 기능을 못 해요.,Heart rate sensor shows ±20bpm error even in stable conditions. Margin this wide makes the health data unusable. It fails as a measurement instrument.,1.5,부정
S2_NEG_T2_023,S2,성능 중시형,NEG,T2,성능/스펙,성능/스펙,노트북 거치대,최대 하중 8kg 스펙인데 5kg 노트북 올리자마자 휘어요. 하중 스펙이 이렇게 틀리면 제품 안전성 자체가 문제예요.,"Rated for 8kg but bends under a 5kg laptop. If the load spec is this wrong, there's a fundamental safety problem with the product.",1.5,부정
S2_NEG_T3_024,S2,성능 중시형,NEG,T3,디자인/외관,디자인/외관,노트북,섀시 강성 스펙이 있어서 기대했는데 실제로 누르면 꽤 휘어요. 숫자로 표현된 강성 수치가 실사용과 다른 건 기준이 뭔지 모르겠어요.,Chassis rigidity spec looked promising but it flexes noticeably under pressure. The numeric rigidity rating doesn't translate to real-world feel — unclear what standard they used.,3.5,중립
S2_NEG_T3_025,S2,성능 중시형,NEG,T3,디자인/외관,디자인/외관,무선 이어폰,이어팁이 메모리폼이라고 했는데 일반 실리콘이에요. 소재 스펙이 다르니까 차음 성능도 광고보다 낮게 나와요. 소재 허위 기재예요.,Listed as memory foam ear tips but they're standard silicone. Wrong material spec means noise isolation also falls below the advertised level. Material misrepresentation.,2.5,부정
S2_NEG_T3_026,S2,성능 중시형,NEG,T3,디자인/외관,디자인/외관,기계식 키보드,가스켓 마운트라고 표기됐는데 실제로 타건해보니 플레이트 마운트 느낌이에요. 마운트 방식이 다르면 타건감이 완전히 달라지는데 이건 핵심 스펙 오류예요.,Listed as gasket mount but the typing feel is clearly plate mount. Mounting structure fundamentally changes the typing experience — this is a core spec error.,2.5,부정
S2_NEG_T3_027,S2,성능 중시형,NEG,T3,디자인/외관,디자인/외관,외장 SSD,알루미늄 방열판 케이스라고 했는데 내부 구조 보니까 방열판이 장식용 수준이에요. 고속 전송 중 온도가 기준치를 초과해요.,Marketed as an aluminum heatsink case but the internal structure shows the heatsink is cosmetic at best. Temperature exceeds spec limits during sustained transfers.,2.5,부정
S2_NEG_T3_028,S2,성능 중시형,NEG,T3,디자인/외관,디자인/외관,무선 마우스,버튼 내구성이 1000만 회라고 했는데 6개월 만에 더블클릭 오류가 생겼어요. 내구성 스펙 검증이 제대로 됐는지 의심스러워요.,Button durability rated at 10M clicks but double-click errors appeared after 6 months. Makes me seriously question whether the durability spec was properly validated.,2.0,부정
S2_NEG_T3_029,S2,성능 중시형,NEG,T3,디자인/외관,디자인/외관,스마트워치,사파이어 글래스 스펙인데 모래에 살짝 스쳤는데 스크래치가 났어요. 사파이어가 맞는지 경도 테스트가 필요할 것 같아요. 소재 진위가 의심돼요.,Spec says sapphire glass but light contact with sand left a scratch. Starting to think a hardness test is needed to confirm the material. Genuinely suspicious about what this is.,2.5,부정
S2_NEG_T3_030,S2,성능 중시형,NEG,T3,디자인/외관,디자인/외관,웹캠,렌즈 커버 물리 차단 스펙이 있는데 완전 밀폐가 안 돼요. 보안 목적으로 구매했는데 차단이 완벽하지 않으면 스펙 자체가 의미 없어요.,Physical lens cover is specced for full blockage but it doesn't seal completely. Bought it for privacy and if the block isn't complete the spec is meaningless.,2.0,부정
S2_NEG_T3_031,S2,성능 중시형,NEG,T3,디자인/외관,디자인/외관,USB 허브,"포트 간격 스펙이 있어서 확인하고 샀는데, 실제 간격이 달라요. 두꺼운 동글이 옆 포트를 막아요. 물리적 스펙이 다른 건 측정 오류가 아니에요.",Checked port spacing specs before buying but the actual spacing is different. Bulky dongles block adjacent ports. Physical spec deviation isn't a measurement error.,3.5,중립
S2_NEG_T3_032,S2,성능 중시형,NEG,T3,디자인/외관,디자인/외관,노트북 거치대,알루미늄 합금 스펙인데 마그넷으로 테스트했더니 반응해요. 성분 스펙이 다른 건 소재 허위 기재예요. 내구성에 직접 영향을 주는 문제예요.,Spec says aluminum alloy but a magnet test gets a response. Component spec deviation is material misrepresentation. This directly affects durability.,1.5,부정
S2_NEG_T3_033,S2,성능 중시형,NEG,T3,디자인/외관,디자인/외관,태블릿,120Hz 디스플레이 반응속도 스펙이 있는데 실제로 터치 레이턴시가 높아요. 디스플레이 스펙이랑 실사용 체감이 다른 건 소프트웨어 최적화 문제인 것 같아요. 나쁘지 않은 수준이긴 해요.,120Hz display with a latency spec but actual touch latency is noticeably high. Gap between display spec and real-world feel looks like a software optimization issue. Still acceptable though.,3.5,중립
S2_NEG_T4_034,S2,성능 중시형,NEG,T4,배송/서비스,배송/서비스,노트북,도착하자마자 벤치마크 돌렸는데 스펙 미달이 나왔어요. 교환 요청했더니 '사용 환경 문제'라고 하네요. 측정 데이터 제출했는데도 같은 답변이에요. AS 대응이 비과학적이에요.,Ran benchmarks on arrival and got below-spec results. Filed for exchange and they said 'environmental factors.' Same response even after I submitted measurement data. Unscientific after-sales process.,2.5,부정
S2_NEG_T4_035,S2,성능 중시형,NEG,T4,배송/서비스,배송/서비스,외장 SSD,성능 불량 신고하면서 CrystalDiskMark 결과를 첨부했어요. 답변이 '재부팅 후 재시도'였어요. 수치 기반 증거를 무시하는 AS는 신뢰할 수 없어요.,Filed a performance defect report and attached CrystalDiskMark results. Response was 'try rebooting.' An after-sales team that ignores data-based evidence can't be trusted.,2.0,부정
S2_NEG_T4_036,S2,성능 중시형,NEG,T4,배송/서비스,배송/서비스,기계식 키보드,스위치 액추에이션 측정값 보내면서 교환 요청했는데 2주째 답이 없어요. 데이터로 증명했는데 처리가 안 되는 건 AS 시스템이 측정값을 처리할 능력이 없는 것 같아요.,Sent measured actuation data with my exchange request — two weeks and no response. Providing proof and getting silence suggests the support system can't actually process measurement data.,3.0,중립
S2_NEG_T4_037,S2,성능 중시형,NEG,T4,배송/서비스,배송/서비스,스마트워치,센서 오차 데이터를 제출했는데 '개인차'라고 처리됐어요. ±20bpm이 개인차 범위라는 건 의학적으로 말이 안 돼요. 측정 데이터를 이해 못 하는 AS예요.,Submitted sensor error data and it was classified as 'individual variation.' ±20bpm being within individual variation range is medically inaccurate. This is an after-sales team that doesn't understand measurement data.,2.0,부정
S2_NEG_T4_038,S2,성능 중시형,NEG,T4,배송/서비스,배송/서비스,블루투스 스피커,주파수 응답 측정 결과 첨부해서 불량 신고했어요. '청취 환경 차이'로 처리됐어요. 측정 그래프가 있는데 환경 차이로 설명하려는 건 납득이 안 가요.,Attached frequency response measurements with my defect report. Classified as 'listening environment differences.' Hard to accept that explanation when I submitted a measurement graph.,3.5,중립
S2_NEG_T4_039,S2,성능 중시형,NEG,T4,배송/서비스,배송/서비스,무선 충전기,출력 전력 실측값을 보내며 스펙 허위 기재를 신고했어요. 일주일 후 '정상 제품'이라는 답변이 왔어요. 데이터로 증명한 결과가 이거라면 이 브랜드 AS는 신뢰할 수 없어요.,"Reported spec misrepresentation with measured wattage data. A week later: 'product is normal.' If this is the response to documented proof, this brand's support can't be trusted.",2.0,부정
S2_NEG_T4_040,S2,성능 중시형,NEG,T4,배송/서비스,배송/서비스,태블릿,디스플레이 색 정확도 측정 결과가 광고의 절반이에요. 교환 신청했더니 '모니터 캘리브레이션 문제'라고 해요. 교정된 측정기로 재측정해도 같은 결과예요. AS가 측정 프로세스를 이해 못 해요.,Display color accuracy measured at half the advertised value. Exchange was denied citing 'monitor calibration issues.' Same result with a calibrated instrument. Support doesn't understand measurement process.,2.0,부정
S2_NEG_T4_041,S2,성능 중시형,NEG,T4,배송/서비스,배송/서비스,웹캠,스펙 오차를 수치로 증명했는데 환불 거절당했어요. 소비자보호원에 접수하고 나서야 처리됐어요. 데이터 증거에 반응하지 않는 AS는 구조적으로 문제예요.,Proved spec deviation with measurements and refund was denied. Only got resolved after filing with the consumer protection agency. After-sales that doesn't respond to evidence has a systemic problem.,1.0,부정
S2_NEG_T4_042,S2,성능 중시형,NEG,T4,배송/서비스,배송/서비스,보조배터리,용량 측정값이랑 광고 비교 데이터 보내면서 교환 요청했는데 처리 기간이 한 달이 넘었어요. 데이터 증거가 있어도 처리 속도가 이렇게 느리면 AS 시스템이 제 기능을 못 해요.,"Sent capacity measurement vs. advertised comparison data with my exchange request — processing took over a month. Even with documented evidence, a process this slow means the support system isn't working.",2.5,부정
S2_NEG_T5_043,S2,성능 중시형,NEG,T5,사용 편의성,사용 편의성,노트북,성능 프로파일 커스텀 앱이 있다고 해서 샀는데 조정 범위가 너무 제한적이에요. 고성능 제품인데 설정 자유도가 낮으면 성능을 제대로 끌어내기 어려워요. 아쉬운 부분이에요.,Bought it partly for the performance profile customization app but the adjustment range is too limited. High-performance hardware with low configuration freedom makes it hard to extract full potential. Disappointing.,3.5,중립
S2_NEG_T5_044,S2,성능 중시형,NEG,T5,사용 편의성,사용 편의성,스마트워치,센서 데이터 앱 표시가 있는데 수치 갱신 주기가 5분이에요. 실시간 모니터링 목적으로 샀는데 5분 딜레이는 측정 도구로서 한계예요. 데이터는 정확한데 활용이 아쉬워요.,App shows sensor data but the refresh interval is 5 minutes. Bought it for real-time monitoring and a 5-minute delay is a fundamental limitation as a measurement tool. Data is accurate but hard to use effectively.,3.5,중립
S2_NEG_T5_045,S2,성능 중시형,NEG,T5,사용 편의성,사용 편의성,기계식 키보드,온보드 매크로 설정이 있는데 저장 가능한 수가 너무 적어요. 고성능 기능인데 실제로 활용하기엔 제약이 커요. 스펙에 한계가 명시됐으면 좋겠어요.,Onboard macro support exists but the number of saveable macros is too small. High-performance feature in theory but too limited to use meaningfully in practice. Would be better if spec sheet disclosed the limit.,3.0,중립
S2_NEG_T5_046,S2,성능 중시형,NEG,T5,사용 편의성,사용 편의성,무선 마우스,DPI 설정 앱이 있는데 설치하면 다른 드라이버랑 충돌해요. 고성능 센서 기능을 쓰려면 앱이 필수인데 안정적으로 작동을 못 해요.,DPI configuration app exists but conflicts with other drivers on install. App is required to access the high-performance sensor settings but it can't run stably.,3.0,중립
S2_NEG_T5_047,S2,성능 중시형,NEG,T5,사용 편의성,사용 편의성,외장 SSD,드라이브 상태 모니터링 앱이 있는데 S.M.A.R.T 항목 일부만 표시해요. 전체 데이터를 보려면 서드파티 툴이 필요해요. 성능 관리 목적으로 산 건데 반쪽짜리 앱이에요.,Drive health app shows only some S.M.A.R.T attributes. Need third-party tools to see the full data. Bought it partly for performance monitoring and the app only does half the job.,3.0,중립
S2_NEG_T5_048,S2,성능 중시형,NEG,T5,사용 편의성,사용 편의성,USB 허브,포트별 전력 모니터링 앱이 펌웨어 업데이트 후 작동을 안 해요. 고성능 장비 연결 관리 목적으로 쓰던 건데 업데이트 후 핵심 기능이 사라졌어요. 버그 수정도 안 되고 있어요.,Per-port power monitoring app stopped working after a firmware update. Was using it specifically to manage high-performance device connections and a core feature just disappeared. Bug still unfixed.,2.0,부정
S2_NEG_T5_049,S2,성능 중시형,NEG,T5,사용 편의성,사용 편의성,블루투스 스피커,이퀄라이저 앱이 있는데 주파수 대역별 조정값이 저장이 안 돼요. 앱 끄면 기본값으로 돌아가요. 성능 최적화 목적의 기능이 저장이 안 되면 의미가 없어요.,Equalizer app exists but frequency band adjustments don't save. Closes back to default when the app closes. A performance optimization feature that doesn't persist is pointless.,1.5,부정
S2_NEG_T5_050,S2,성능 중시형,NEG,T5,사용 편의성,사용 편의성,무선 충전기,충전 전력 실시간 표시 기능이 있다고 해서 샀는데 실제론 표시가 안 돼요. 측정 기능이 핵심 구매 이유였는데 작동 안 하는 기능을 스펙에 넣은 건 기만이에요.,Bought it specifically for the real-time wattage display feature but it doesn't actually work. That monitoring function was my primary reason for buying — listing a non-functional feature in the spec is deceptive.,1.0,부정
S2_NEG2_T1_001,S2,성능 중시형,NEG,T1,가격/비용,가격/비용,무선 이어폰,드라이버 스펙 대비 가격 효율 계산해서 샀는데 측정해보니 실제 임피던스가 스펙보다 20% 높아요. 스펙이 달라지면 가격 효율 계산 자체가 틀려지는 거예요.,"Bought based on driver spec-to-price efficiency calculation, but measured actual impedance 20% above spec. When the spec is wrong the whole efficiency calculation breaks.",3.0,중립
S2_NEG2_T1_002,S2,성능 중시형,NEG,T1,가격/비용,가격/비용,웹캠,렌즈 스펙 대비 가격이 합리적이라 선택했는데 동일 스펙 제품이 다른 채널에서 15% 저렴하게 판매 중이었어요. 스펙 대비 가격 비교를 더 넓은 범위로 해야 했어요.,"Selected for the rational lens spec-to-price ratio, then found the same spec product 15% cheaper through another channel. Should have done the spec-to-price comparison across a wider range.",3.0,중립
S2_NEG2_T1_003,S2,성능 중시형,NEG,T1,가격/비용,가격/비용,스마트 전구,루멘 대비 가격이 시장 평균 이하라서 샀는데 CRI 수치가 스펙보다 낮게 측정됐어요. 단일 지표로만 가격 효율 판단하면 안 된다는 걸 배웠어요.,"Bought because cost-per-lumen was below market average, but measured CRI came in below spec. Learned that judging price efficiency on a single metric isn't enough.",3.0,중립
S2_NEG2_T1_004,S2,성능 중시형,NEG,T1,가격/비용,가격/비용,블루투스 스피커,THD 대비 가격 계산해서 구매했는데 구매 후 2주 만에 동일 모델이 20% 할인됐어요. 스펙은 검증됐지만 가격 타이밍이 아쉬워서 성능 대비 지불 효율이 낮아졌어요.,"Calculated price relative to THD spec and bought, then the same model went 20% off two weeks later. Specs are validated but the timing hurt my performance-per-dollar efficiency.",2.5,부정
S2_NEG2_T1_005,S2,성능 중시형,NEG,T1,가격/비용,가격/비용,보조배터리,셀 효율 스펙 보고 가격 납득했는데 3개월 후 용량이 표기의 78%로 줄었어요. 초기 성능 대비 가격은 맞았지만 성능 유지율을 고려하면 가격 효율이 나빠져요.,"Accepted the price based on cell efficiency specs, then capacity dropped to 78% of rated at 3 months. Price-to-initial-performance was fine but factoring in retention rate breaks the efficiency calculation.",2.5,부정
S2_NEG2_T1_006,S2,성능 중시형,NEG,T1,가격/비용,가격/비용,무선 마우스,폴링레이트 대비 가격이 경쟁 우위라고 판단했는데 실측하니 800Hz가 한계예요. 1000Hz 스펙 기준으로 계산한 가격 효율이 완전히 달라져요.,"Judged it a competitive value based on polling rate-to-price, but measured max is 800Hz. The price efficiency calculation based on a 1000Hz spec changes completely.",2.5,부정
S2_NEG2_T1_007,S2,성능 중시형,NEG,T1,가격/비용,가격/비용,기계식 키보드,스위치 수명 스펙 대비 가격으로 장기 투자 계산했는데 5개월에 이미 2개 스위치에 입력 오류가 생겼어요. 수명 스펙이 틀리면 투자 수익 계산 자체가 무너져요.,"Calculated long-term investment value based on switch lifespan spec-to-price, then got input errors on 2 switches at 5 months. If the lifespan spec is wrong the whole ROI calculation collapses.",2.0,부정
S2_NEG2_T1_008,S2,성능 중시형,NEG,T1,가격/비용,가격/비용,태블릿,AP 벤치마크 대비 가격이 시장 최상위 효율이라 샀는데 써멀 스로틀링으로 지속 성능이 피크의 60%예요. 피크 성능 기준 가격 효율과 지속 성능 기준 효율이 완전히 달라요.,"Bought for market-leading benchmark-to-price efficiency, but thermal throttling drops sustained performance to 60% of peak. Price efficiency based on peak vs sustained performance are completely different numbers.",2.0,부정
S2_NEG2_T1_009,S2,성능 중시형,NEG,T1,가격/비용,가격/비용,외장 SSD,GB당 단가 계산으로 최선의 선택이었는데 실제 지속 쓰기 속도가 버스트 속도의 30%예요. 스펙에 버스트와 지속 쓰기 속도가 명확히 구분됐어야 해요. 가격 납득 기준이 달라졌어요.,"Best choice by cost-per-GB calculation, but actual sustained write speed is 30% of burst. The spec should have clearly distinguished burst from sustained write. The price justification basis has changed entirely.",1.5,부정
S2_NEG2_T1_010,S2,성능 중시형,NEG,T1,가격/비용,가격/비용,노트북,멀티코어 벤치마크 대비 가격이 시장 최선이었는데 배터리 수명이 광고의 40%예요. 성능 지표 하나만 보고 가격 납득한 게 실수였어요. 복합 지표로 계산했으면 결론이 달랐을 거예요.,"Best benchmark-to-price ratio in the market, but battery life is 40% of advertised. Mistake to justify the price on one performance metric alone. A multi-metric calculation would have led to a different conclusion.",1.5,부정
S2_NEG2_T1_011,S2,성능 중시형,NEG,T1,가격/비용,가격/비용,보조배터리,출력 효율 스펙 보고 프리미엄 가격 납득했는데 실측하니 표기 효율의 55%만 나와요. 핵심 스펙이 이렇게 틀리면 가격 프리미엄 근거가 없어져요. 환불 요청했어요.,"Accepted the premium price based on output efficiency spec, but measured efficiency is 55% of the stated figure. If the core spec is this wrong the premium has no basis. Requested a refund.",1.0,부정
S2_NEG2_T1_012,S2,성능 중시형,NEG,T1,가격/비용,가격/비용,블루투스 스피커,THD 0.05% 스펙 보고 프리미엄 오디오 가격 납득했는데 REW 측정하니 1.2%가 나왔어요. 24배 차이는 측정 오차가 아니에요. 스펙 허위 기재로 가격 정당화한 거예요.,"Accepted the premium audio price based on THD 0.05% spec, measured with REW and got 1.2%. A 24x difference isn't measurement error. The price was justified by a false spec.",1.0,부정
S2_NEG2_T2_013,S2,성능 중시형,NEG,T2,성능/스펙,성능/스펙,무선 이어폰,앱 이퀄라이저에서 주파수 응답 조정값이 저장이 안 돼요. 측정 기반으로 교정한 설정이 매번 초기화되면 최적화 작업이 의미 없어요.,Frequency response adjustment values in the app equalizer don't save. Calibration settings built from measurements resetting every time makes the whole optimization process pointless.,3.0,중립
S2_NEG2_T2_014,S2,성능 중시형,NEG,T2,성능/스펙,성능/스펙,스마트워치,GPS 추적 정확도가 개방 공간에서는 스펙 내인데 시가지에서 오차가 15m를 넘어요. 스펙에 환경 조건별 정확도 범위가 명시됐어야 해요.,GPS tracking accuracy is within spec in open areas but exceeds 15m error in urban environments. The spec should have stated accuracy range by environmental condition.,3.0,중립
S2_NEG2_T2_015,S2,성능 중시형,NEG,T2,성능/스펙,성능/스펙,노트북,싱글코어 벤치마크는 스펙대로인데 멀티코어 지속 성능이 5분 후에 40% 떨어져요. TDP 제한이 이렇게 공격적이면 스펙에 명시했어야 해요.,Single-core benchmark matches spec but multi-core sustained performance drops 40% after 5 minutes. If TDP limiting is this aggressive it should have been stated in the spec.,3.0,중립
S2_NEG2_T2_016,S2,성능 중시형,NEG,T2,성능/스펙,성능/스펙,태블릿,색 정확도 dE 스펙이 2 이하라고 했는데 ColorMunki로 측정하니 평균 3.8이에요. 광고 수치의 두 배 가까운 오차는 스펙 허위 기재에 해당해요.,"Color accuracy spec claimed dE below 2, but ColorMunki measurement came in at an average of 3.8. An error close to double the advertised figure qualifies as spec misrepresentation.",3.0,중립
S2_NEG2_T2_017,S2,성능 중시형,NEG,T2,성능/스펙,성능/스펙,외장 SSD,순차 읽기가 스펙 대비 95%로 나와서 납득했는데 순차 쓰기는 65%만 나와요. 읽기는 정확하고 쓰기는 부풀린 건 선택적 스펙 정확성이에요.,"Sequential read at 95% of spec was acceptable, but sequential write is only 65%. Accurate on read and inflated on write is selective spec honesty.",2.5,부정
S2_NEG2_T2_018,S2,성능 중시형,NEG,T2,성능/스펙,성능/스펙,웹캠,"30fps 스펙인데 실제 프레임레이트를 측정하니 고조도에서 28fps, 저조도에서 18fps예요. 조도별 실측 프레임레이트 스펙이 있었어야 해요.",Spec says 30fps but measuring actual frame rate gives 28fps in bright light and 18fps in low light. There should have been measured frame rate specs by lighting condition.,2.5,부정
S2_NEG2_T2_019,S2,성능 중시형,NEG,T2,성능/스펙,성능/스펙,무선 마우스,16000 DPI 스펙인데 고DPI에서 각도 스내핑이 심해요. 실측 가능 해상도와 표기 DPI가 다른 건 스펙 정직성의 문제예요.,Spec says 16000 DPI but angle snapping is severe at high DPI. Actual usable resolution and stated DPI being different is a spec honesty issue.,2.5,부정
S2_NEG2_T2_020,S2,성능 중시형,NEG,T2,성능/스펙,성능/스펙,기계식 키보드,45g 액추에이션 스펙인데 직접 측정하니 평균 52g이에요. ±1g 오차가 표준인데 7g 차이는 품질 관리 기준 미달이에요.,Spec says 45g actuation but direct measurement averages 52g. ±1g tolerance is standard but a 7g difference is below quality control standards.,2.0,부정
S2_NEG2_T2_021,S2,성능 중시형,NEG,T2,성능/스펙,성능/스펙,보조배터리,45W PD 출력 스펙인데 실측하니 28W가 최대예요. 45W가 필요한 장비 충전 목적으로 샀는데 이 출력으로는 대상 기기 충전이 안 돼요.,Spec says 45W PD output but measured maximum is 28W. Bought specifically to charge a device requiring 45W and this output can't charge the target device.,2.0,부정
S2_NEG2_T2_022,S2,성능 중시형,NEG,T2,성능/스펙,성능/스펙,블루투스 스피커,20W 출력 스펙인데 실측하니 1kHz 정현파 기준 11W가 한계예요. 거의 절반 수준의 출력이면 스펙 허위 기재가 아닌 다른 설명이 없어요.,Spec says 20W output but measured at 1kHz sine wave the limit is 11W. Nearly half the rated output — there's no explanation other than spec misrepresentation.,1.5,부정
S2_NEG2_T2_023,S2,성능 중시형,NEG,T2,성능/스펙,성능/스펙,무선 이어폰,노이즈캔슬링 -35dB 스펙인데 음향 분석 앱으로 실측하니 -18dB이에요. 17dB 차이는 성능 등급 자체가 달라지는 수준의 허위 기재예요.,Noise cancelling spec says -35dB but acoustic analysis app measured -18dB. A 17dB difference is spec misrepresentation at a level that changes the performance category entirely.,1.5,부정
S2_NEG2_T2_024,S2,성능 중시형,NEG,T2,성능/스펙,성능/스펙,외장 SSD,1GB/s 읽기 스펙인데 벤치마크 실측하니 380MB/s예요. 스펙의 38% 수준은 측정 환경 차이로 설명할 수 있는 범위를 완전히 벗어났어요. 환불하고 다른 제품 샀어요.,1GB/s read spec but benchmark measured 380MB/s. 38% of spec is completely outside what measurement environment differences can explain. Refunded and bought a different product.,1.0,부정
S2_NEG2_T2_025,S2,성능 중시형,NEG,T2,성능/스펙,성능/스펙,노트북,8시간 배터리 스펙인데 동일 조건으로 측정하니 3.2시간이에요. 이동 중 사용 목적으로 성능 검증하고 구매했는데 핵심 사용 목적이 스펙 허위로 무너졌어요. 교환 처리 중이에요.,8-hour battery spec but measured under equivalent conditions gives 3.2 hours. Bought after verifying performance specifically for mobile use and the core use case collapsed due to false spec. Exchange in progress.,1.0,부정
S2_NEG2_T3_026,S2,성능 중시형,NEG,T3,디자인/외관,디자인/외관,노트북,섀시 강성 스펙이 있어서 기대했는데 실제로 누르면 패널 중앙이 눈에 띄게 휘어요. 강성 수치 측정 기준이 어디인지 명확히 안 나와서 검증이 어렵네요.,"There's a chassis rigidity spec so I had expectations, but pressing the panel center shows noticeable flex. Measurement standard for the rigidity figure isn't stated clearly, making it hard to verify.",3.0,중립
S2_NEG2_T3_027,S2,성능 중시형,NEG,T3,디자인/외관,디자인/외관,기계식 키보드,가스켓 마운트라고 했는데 타건 시 진동이 케이스를 통해 그대로 전달돼요. 마운팅 구조를 분해해봤는데 가스켓 두께가 너무 얇아서 실질적인 분리 효과가 없어요.,Listed as gasket mount but vibration transmits straight through the case on every keystroke. Disassembled the mount structure and the gasket is too thin to provide any real isolation effect.,3.0,중립
S2_NEG2_T3_028,S2,성능 중시형,NEG,T3,디자인/외관,디자인/외관,무선 이어폰,메모리폼 이어팁이라고 했는데 경도계로 측정하니 일반 실리콘과 유사한 반발력이에요. 소재가 다르면 차음 성능이 달라지는데 소재 표기가 틀리면 스펙 연쇄 오류가 돼요.,Listed as memory foam ear tips but durometer measurement shows similar rebound to standard silicone. Different material means different isolation performance — wrong material spec creates a cascade of spec errors.,3.0,중립
S2_NEG2_T3_029,S2,성능 중시형,NEG,T3,디자인/외관,디자인/외관,외장 SSD,알루미늄 방열판 케이스라고 했는데 자석 테스트하니 반응해요. 철 성분이 포함된 소재는 알루미늄 합금이 아니에요. 소재 표기가 틀리면 방열 성능 신뢰가 무너져요.,Listed as aluminum heatsink case but magnet test shows a response. A material containing iron isn't aluminum alloy. Wrong material spec undermines trust in thermal performance.,2.5,부정
S2_NEG2_T3_030,S2,성능 중시형,NEG,T3,디자인/외관,디자인/외관,스마트워치,사파이어 글래스 스펙인데 연필 경도 테스트하니 9H 수준이 아니에요. 사파이어 경도 9에서 스크래치가 생기면 소재 스펙 자체가 의심돼요.,Spec says sapphire glass but pencil hardness test shows it's not at the 9H level. If sapphire hardness 9 shows scratches the material spec itself is in question.,2.5,부정
S2_NEG2_T3_031,S2,성능 중시형,NEG,T3,디자인/외관,디자인/외관,태블릿,6.5mm 두께 스펙인데 캘리퍼스로 측정하니 7.4mm예요. 0.9mm 차이는 체감 수준이고 스펙 표기 정확성의 문제예요. 물리 스펙이 틀리면 다른 수치들도 믿기 어려워요.,Spec says 6.5mm thickness but caliper measurement gives 7.4mm. A 0.9mm difference is perceptible and a spec accuracy issue. If physical specs are wrong other figures are hard to trust.,2.5,부정
S2_NEG2_T3_032,S2,성능 중시형,NEG,T3,디자인/외관,디자인/외관,무선 마우스,1000만 회 클릭 내구성 스펙인데 4개월 만에 더블클릭 오류가 생겼어요. 사용 빈도 기준으로 역산하면 스펙의 10% 수명밖에 안 돼요. 내구성 스펙 검증 방법이 의심스러워요.,Spec says 10M click durability but double-click errors appeared at 4 months. Back-calculating from usage frequency gives 10% of spec lifespan. The durability spec verification method is questionable.,2.0,부정
S2_NEG2_T3_033,S2,성능 중시형,NEG,T3,디자인/외관,디자인/외관,블루투스 스피커,패시브 라디에이터 배치가 저음 최적화라고 했는데 REW로 측정하니 80Hz 이하 응답이 이 배치 방식 평균보다 낮아요. 설계 주장이 실측으로 검증이 안 돼요.,"Passive radiator placement claimed as low-frequency optimized, but REW measurement shows sub-80Hz response below average for this configuration type. The design claim isn't supported by measurement.",2.0,부정
S2_NEG2_T3_034,S2,성능 중시형,NEG,T3,디자인/외관,디자인/외관,보조배터리,케이스 충격 등급 스펙이 있는데 1m 낙하 테스트에서 케이스에 균열이 생겼어요. 스펙에 명시된 등급 조건과 실제 내구성이 다른 건 스펙 검증 기준의 문제예요.,There's a case impact rating spec but a 1m drop test produced cracks in the casing. Real durability differing from the stated rating condition is a spec verification standards issue.,1.5,부정
S2_NEG2_T3_035,S2,성능 중시형,NEG,T3,디자인/외관,디자인/외관,노트북,방수 IPX4 스펙인데 표준 조건 물 흡수 테스트에서 키보드 측면으로 수분이 유입됐어요. IPX4 등급 기준에 미달하는 방수 성능이에요. 스펙 인증 과정이 의심스러워요.,IPX4 waterproofing spec but standard condition water absorption test showed moisture entering through the keyboard side. This is below IPX4 rating standard. The spec certification process is questionable.,1.5,부정
S2_NEG2_T3_036,S2,성능 중시형,NEG,T3,디자인/외관,디자인/외관,외장 SSD,케이스 열전도율 스펙이 있었는데 열화상 측정하니 방열이 케이스 중앙에만 집중되고 엣지는 거의 전달이 안 돼요. 방열판으로서 기능을 실측으로 검증할 수 없는 스펙이에요.,"There was a case thermal conductivity spec, but thermal imaging shows heat concentrated only at the case center with almost no transfer to the edges. A heatsink spec that can't be validated by measurement.",1.0,부정
S2_NEG2_T4_037,S2,성능 중시형,NEG,T4,배송/서비스,배송/서비스,노트북,도착 즉시 벤치마크 돌렸는데 스펙 대비 12% 낮게 나왔어요. 교환 요청했더니 '허용 오차 범위'라고 했는데 12%가 허용 오차면 스펙 표기 방식이 문제예요.,Ran benchmarks on arrival and got 12% below spec. Requested exchange and was told it's 'within tolerance.' If 12% qualifies as tolerance the spec notation method is the problem.,3.0,중립
S2_NEG2_T4_038,S2,성능 중시형,NEG,T4,배송/서비스,배송/서비스,외장 SSD,운송 후 4K 랜덤 속도가 초기 측정값 대비 15% 낮아요. 진동 충격으로 인한 플래시 셀 손상 가능성을 문의했는데 '정상 제품'이라는 답변만 왔어요.,4K random speed after transit is 15% below initial measurement. Asked about possible flash cell damage from vibration impact and got only a 'normal product' response.,3.0,중립
S2_NEG2_T4_039,S2,성능 중시형,NEG,T4,배송/서비스,배송/서비스,기계식 키보드,액추에이션 측정값 제출해서 교환 요청했는데 담당자마다 다른 판단 기준을 적용해요. AS 판단이 수치 기준이 아니라 담당자 재량이면 일관성이 없어요.,Submitted actuation measurement data with an exchange request but each agent applies different judgment criteria. If service decisions are based on agent discretion rather than numerical standards there's no consistency.,3.0,중립
S2_NEG2_T4_040,S2,성능 중시형,NEG,T4,배송/서비스,배송/서비스,무선 이어폰,주파수 응답 측정 결과를 불량 증거로 제출했는데 '청취 환경 차이'로 반려됐어요. 측정 데이터를 수용하지 않는 AS는 성능 중심 구매자한테 신뢰를 줄 수 없어요.,Submitted frequency response measurement as defect evidence and it was dismissed as 'listening environment difference.' After-sales that won't accept measurement data can't earn trust from performance-focused buyers.,2.5,부정
S2_NEG2_T4_041,S2,성능 중시형,NEG,T4,배송/서비스,배송/서비스,태블릿,디스플레이 dE 측정값 제출했는데 AS에서 '측정 도구 오류'라고 했어요. 교정된 장비로 재측정해도 같은 결과인데 측정 도구 탓으로 돌리는 건 납득하기 어려워요.,Submitted display dE measurements and service said 'measurement tool error.' Same result with a calibrated instrument — attributing it to tool error is hard to accept.,2.5,부정
S2_NEG2_T4_042,S2,성능 중시형,NEG,T4,배송/서비스,배송/서비스,스마트워치,심박 센서 오차 데이터를 3회 제출했는데 매번 다른 이유로 반려됐어요. 동일 데이터에 매번 다른 기준을 적용하는 건 AS 시스템에 수치 처리 능력이 없다는 거예요.,Submitted heart rate error data three times and got rejected each time for a different reason. Applying different standards to the same data each time means the service system lacks the ability to process measurement figures.,2.5,부정
S2_NEG2_T4_043,S2,성능 중시형,NEG,T4,배송/서비스,배송/서비스,블루투스 스피커,THD 측정값이 스펙의 8배로 나왔는데 AS에서 '주관적 청취 기준으로는 정상'이라고 했어요. 수치로 스펙 미달을 증명했는데 주관적 기준으로 덮으면 스펙의 의미가 없어요.,"THD measurement came in at 8x the spec value and service said 'normal by subjective listening standards.' When spec non-compliance is proven by figures and covered by subjective criteria, specs become meaningless.",2.0,부정
S2_NEG2_T4_044,S2,성능 중시형,NEG,T4,배송/서비스,배송/서비스,무선 마우스,폴링레이트 실측 결과 제출하고 교환 요청했는데 2주째 처리가 안 돼요. 수치 증거를 제출했는데 처리가 지연되는 건 AS 처리 큐에 기술적 검토 능력이 없는 거예요.,Submitted polling rate measurement results with exchange request — two weeks and still no processing. Evidence submitted in numbers with no action means the service queue lacks technical review capacity.,2.0,부정
S2_NEG2_T4_045,S2,성능 중시형,NEG,T4,배송/서비스,배송/서비스,보조배터리,용량 측정값을 불량 증거로 제출했는데 환불 거부당했어요. 소비자보호원 신고 후에야 처리됐어요. 측정 데이터가 있는데 거부부터 하는 AS는 구조적으로 잘못된 거예요.,Submitted capacity measurement as defect evidence and refund was denied. Only processed after filing with the consumer protection agency. An after-sales system that refuses first when measurement data is present is structurally broken.,1.5,부정
S2_NEG2_T4_046,S2,성능 중시형,NEG,T4,배송/서비스,배송/서비스,웹캠,해상도 실측 결과 스펙 허위 기재 증거와 함께 환불을 요청했는데 처음에는 거부됐어요. 소비자원 신고 예정이라고 하자 처리됐어요. 증거가 있어도 싸워야 하는 AS는 문제예요.,Filed a refund with measured resolution evidence of spec misrepresentation — initially denied. Processed only after I mentioned filing with consumer protection. Having to fight for a refund despite evidence is a systemic problem.,1.5,부정
S2_NEG2_T4_047,S2,성능 중시형,NEG,T4,배송/서비스,배송/서비스,외장 SSD,4K 랜덤 속도가 광고의 30%로 측정됐어요. 벤치마크 결과 첨부해서 환불 요청했는데 거부당했어요. 공인 기관 검증 요청했더니 그제서야 환불 처리됐어요. 측정 데이터를 무시하는 AS는 신뢰할 수 없어요.,4K random speed measured at 30% of advertised. Refund request with benchmark results attached was denied. Only processed after I requested certified agency verification. After-sales that ignores measurement data can't be trusted.,1.0,부정
S2_NEG2_T5_048,S2,성능 중시형,NEG,T5,사용 편의성,사용 편의성,노트북,성능 프로파일 앱에서 CPU TDP 조정이 5W 단위로만 가능해요. 세밀한 성능 최적화를 위해서는 1W 단위 조정이 필요한데 설정 해상도가 너무 낮아요.,Performance profile app only allows CPU TDP adjustment in 5W increments. Fine-grained performance optimization requires 1W adjustment granularity — the setting resolution is too low.,3.0,중립
S2_NEG2_T5_049,S2,성능 중시형,NEG,T5,사용 편의성,사용 편의성,스마트워치,심박 변동성 데이터가 앱에 있는데 원시 데이터(ms 단위)가 아닌 정규화된 점수로만 표시돼요. 훈련 계획을 정밀하게 세우려면 실측값이 필요한데 가공된 수치만 주면 활용이 제한돼요.,"Heart rate variability data is in the app but displayed only as a normalized score, not raw data in ms. Precise training planning requires the actual measured value — only processed figures limits the utility.",3.0,중립
S2_NEG2_T5_050,S2,성능 중시형,NEG,T5,사용 편의성,사용 편의성,외장 SSD,S.M.A.R.T 데이터가 앱에서 일부 항목만 표시돼요. 특히 미디어 오류 횟수랑 재배치된 섹터 수 같은 핵심 항목이 숨겨져 있어서 드라이브 상태를 완전히 파악할 수 없어요.,"S.M.A.R.T data in the app only shows partial attributes. Key items like media error count and reallocated sector count are hidden, making it impossible to fully assess drive health.",3.0,중립
S2_NEG2_T5_051,S2,성능 중시형,NEG,T5,사용 편의성,사용 편의성,기계식 키보드,매크로 편집기에서 키 입력 간격 설정이 밀리초 단위가 아니라 '느림/보통/빠름' 세 단계예요. 정밀한 매크로 타이밍이 필요한 작업에서 수치 단위 설정이 필요해요.,Macro editor timing interval setting is 'slow/medium/fast' rather than millisecond values. Tasks requiring precise macro timing need numerical unit settings.,3.0,중립
S2_NEG2_T5_052,S2,성능 중시형,NEG,T5,사용 편의성,사용 편의성,블루투스 스피커,이퀄라이저 조정이 주파수 대역 슬라이더 방식인데 실제 dB 수치가 표시 안 돼요. 수치 없이 감각으로 조정하는 방식은 재현 가능한 음향 설정을 만들 수 없어요.,Equalizer adjustment uses frequency band sliders but actual dB values aren't displayed. Adjusting by feel without numbers makes it impossible to create reproducible audio settings.,3.0,중립
S2_NEG2_T5_053,S2,성능 중시형,NEG,T5,사용 편의성,사용 편의성,태블릿,색온도 조정이 '따뜻함/차가움' 슬라이더로만 되고 켈빈 값이 안 나와요. 정확한 색온도 기반으로 작업 환경을 설정하려면 수치 단위 조정이 있어야 해요.,Color temperature adjustment is slider-only with no Kelvin value display. Setting a work environment based on precise color temperature requires numerical unit control.,2.5,부정
S2_NEG2_T5_054,S2,성능 중시형,NEG,T5,사용 편의성,사용 편의성,무선 마우스,DPI 설정 앱에서 실제 측정 DPI와 설정값 간 차이가 얼마인지 피드백이 없어요. 설정대로 작동하는지 검증할 방법이 앱 내에 없으면 고성능 센서를 제대로 활용하기 어려워요.,"The DPI settings app provides no feedback on the difference between actual measured DPI and the set value. Without a way to verify operation within the app, it's hard to properly utilize the high-performance sensor.",2.5,부정
S2_NEG2_T5_055,S2,성능 중시형,NEG,T5,사용 편의성,사용 편의성,웹캠,수동 노출 설정이 있는데 실제 적용된 셔터 스피드와 ISO 값이 화면에 표시 안 돼요. 설정값과 실제 동작값이 일치하는지 확인할 수 없으면 수동 제어의 의미가 없어요.,"Manual exposure settings exist but the actually applied shutter speed and ISO values aren't displayed. If you can't verify that settings match actual behavior, manual control has no value.",2.5,부정
S2_NEG2_T5_056,S2,성능 중시형,NEG,T5,사용 편의성,사용 편의성,무선 충전기,충전 전력 표시 기능이 있는데 0.5W 단위로 갱신돼요. 고속충전 프로토콜 협상 과정을 추적하려면 더 세밀한 해상도가 필요해요. 모니터링 기능이 반쪽짜리예요.,Power display feature exists but updates in 0.5W increments. Tracking fast-charge protocol negotiation requires finer resolution. The monitoring function is only half useful.,2.0,부정
S2_NEG2_T5_057,S2,성능 중시형,NEG,T5,사용 편의성,사용 편의성,스마트 전구,루멘 출력 수치가 앱에 표시되는데 설정값이지 실제 출력값이 아니에요. 루멘 드리프트가 발생해도 앱은 설정값만 보여주니까 실제 조명 성능 저하를 앱으로 파악할 수 없어요.,"Lumen output figure is displayed in the app but it's the set value, not the actual output. Even when lumen drift occurs the app only shows the set value — actual lighting performance degradation can't be detected through the app.",2.0,부정
S2_NEG2_T5_058,S2,성능 중시형,NEG,T5,사용 편의성,사용 편의성,보조배터리,배터리 건강도 수치가 앱에 있는데 측정 방법이 공개되지 않았어요. 자체 알고리즘으로 산출한 건강도 수치는 외부 검증이 불가능해서 신뢰 기반이 없어요.,Battery health figure is in the app but the measurement method isn't disclosed. A health figure calculated by a proprietary algorithm can't be externally verified — there's no basis for trusting it.,1.5,부정
S2_NEG2_T2_059,S2,성능 중시형,NEG,T2,성능/스펙,성능/스펙,무선 충전기,충전 중 전압 리플을 측정했더니 허용 기준을 초과해요. 고정밀 장비 충전 목적으로 산 건데 전원 품질이 이 수준이면 연결 기기에 악영향을 줄 수 있어요.,Measured voltage ripple during charging and it exceeds the acceptable threshold. Bought specifically to charge precision equipment and power quality at this level can adversely affect connected devices.,2.0,부정
S2_NEG2_T3_060,S2,성능 중시형,NEG,T3,디자인/외관,디자인/외관,웹캠,물리적 렌즈 커버 차단율을 광 측정기로 확인했더니 완전 차단이 아니에요. 완전 차폐 스펙으로 프라이버시 목적 구매였는데 이 수준이면 스펙 기준을 충족하지 않아요.,Checked physical lens cover blockage rate with a light meter and it's not a complete block. Bought for privacy purposes based on full-blockage spec and this level doesn't meet the spec standard.,2.0,부정
S2_NEG2_T4_061,S2,성능 중시형,NEG,T4,배송/서비스,배송/서비스,기계식 키보드,수리 후 돌아온 제품의 액추에이션 포스를 다시 측정했더니 수리 전보다 편차가 더 커졌어요. 수리 품질을 수치로 검증하면 이렇게 나오면 안 되는 거예요.,"Re-measured actuation force on the product after repair and variance was larger than before the repair. If you verify repair quality with measurements, this is not an acceptable result.",2.0,부정
S2_NEG2_T4_062,S2,성능 중시형,NEG,T4,배송/서비스,배송/서비스,무선 이어폰,교환품 받고 나서 주파수 응답 측정했는데 교환 전 불량 제품보다 오히려 수치가 더 나빠요. AS 처리 후 성능이 저하됐다는 걸 측정값이 증명하고 있어요.,Measured frequency response on the replacement and the figures are worse than the original defective unit. The measurements prove that performance degraded after the service process.,1.5,부정
S2_NEG2_T5_063,S2,성능 중시형,NEG,T5,사용 편의성,사용 편의성,노트북,온도 모니터링 앱에서 코어별 온도가 표시되는데 갱신 주기가 5초예요. 써멀 스로틀링 진입 시점을 정확히 파악하려면 1초 이하 갱신이 필요해요.,The thermal monitoring app displays per-core temperatures but the refresh interval is 5 seconds. Identifying the exact moment of thermal throttling entry requires sub-1-second refresh rates.,2.5,부정
S2_NEG2_T5_064,S2,성능 중시형,NEG,T5,사용 편의성,사용 편의성,태블릿,색 정확도 보정 기능이 있는데 목표 화이트포인트를 D65로 설정해도 실측하면 D60 수준으로 나와요. 교정 기능이 설정값과 실제 출력값이 다르면 교정 도구로서 의미가 없어요.,Color accuracy calibration feature exists but setting target white point to D65 measures at D60 level in practice. A calibration tool where settings and actual output differ has no value as a calibration instrument.,2.5,부정
S2_NEG2_T4_065,S2,성능 중시형,NEG,T4,배송/서비스,배송/서비스,태블릿,디스플레이 색 정확도 실측 결과를 첨부해서 교환 요청했는데 AS 담당자가 '색은 주관적'이라고 했어요. dE 수치가 있는데 주관적이라고 하면 측정값의 객관성을 부정하는 거예요.,"Filed an exchange with measured display color accuracy data attached and the service agent said 'color is subjective.' When there's a dE figure, calling it subjective is denying the objectivity of the measurement.",1.5,부정
S3_T1_001,S3,디자인 중시형,POS,T1,가격/비용,가격/비용,무선 이어폰,이 디자인이 이 가격에 나온다는 게 믿기지 않아요. 색상도 예쁘고 케이스 마감도 고급스러워서 더 비싸 보여요.,Can't believe this design comes at this price. The color is beautiful and the case finish looks way more premium than what you're paying.,4.0,긍정
S3_T1_002,S3,디자인 중시형,POS,T1,가격/비용,가격/비용,블루투스 스피커,인테리어 소품으로 사도 될 만큼 예쁜데 가격도 부담 없어요. 디자인 보고 샀다가 가격까지 마음에 들었어요.,"Pretty enough to double as a decor piece, and the price doesn't hurt either. Bought it for the looks and the price turned out to be a pleasant surprise.",4.0,긍정
S3_T1_003,S3,디자인 중시형,POS,T1,가격/비용,가격/비용,스마트워치,"손목에 찼을 때 예뻐 보이는 게 제일 중요했는데, 이 외관에 이 가격이면 충분히 납득이 가요.","Looking good on my wrist was the priority, and at this price for this design it absolutely makes sense.",4.0,긍정
S3_T1_004,S3,디자인 중시형,POS,T1,가격/비용,가격/비용,무선 마우스,색상 조합이 데스크 셋업이랑 딱 맞아서 골랐는데 가격도 합리적이에요. 예쁜 제품이 꼭 비쌀 필요는 없다는 걸 알았어요.,"Picked it because the color matched my desk setup perfectly, and the price turned out to be fair too. Learned that pretty doesn't have to mean expensive.",4.0,긍정
S3_T1_005,S3,디자인 중시형,POS,T1,가격/비용,가격/비용,노트북 거치대,알루미늄 소재에 심플한 디자인이 마음에 들어서 샀는데 가격까지 합리적이에요. 예쁜 거 사려면 비싸야 한다는 편견이 깨졌어요.,"Fell for the aluminum build and clean design, and the price turned out to be reasonable too. Broke my assumption that good-looking always means expensive.",4.0,긍정
S3_T1_006,S3,디자인 중시형,POS,T1,가격/비용,가격/비용,스마트 전구,조명 색상이 공간 분위기를 바꿔주는 게 신기해요. 인테리어 효과 이 정도면 이 가격도 충분히 낼 만해요.,"Fascinating how much the light color changes the feel of a room. For this level of ambiance effect, the price is absolutely worth it.",4.0,긍정
S3_T2_007,S3,디자인 중시형,POS,T2,성능/스펙,성능/스펙,무선 이어폰,디자인 보고 샀는데 음질도 생각보다 좋아요. 예쁜 제품이 소리까지 잘 나오니까 더 만족스러워요.,"Bought it for the looks, but the sound quality is better than I expected. When something this pretty also sounds this good, satisfaction doubles.",4.0,긍정
S3_T2_008,S3,디자인 중시형,POS,T2,성능/스펙,성능/스펙,스마트워치,디자인에 끌려서 샀는데 운동 기록 기능도 꽤 정확하네요. 예쁘기만 한 게 아니라 실용적이기까지 해서 잘 샀어요.,"Got drawn in by the design, but the fitness tracking is surprisingly accurate. Not just pretty but actually useful — definitely a good buy.",4.0,긍정
S3_T2_009,S3,디자인 중시형,POS,T2,성능/스펙,성능/스펙,블루투스 스피커,외형이 예뻐서 인테리어 소품으로 놔두려고 샀는데 음질도 나쁘지 않아요. 디자인이랑 소리 둘 다 잡은 제품이에요.,Originally bought it as a decor piece but the sound is genuinely decent. This one manages to nail both the aesthetics and the audio.,4.0,긍정
S3_T2_010,S3,디자인 중시형,POS,T2,성능/스펙,성능/스펙,웹캠,색상이 귀여워서 골랐는데 화질이 선명해서 놀랐어요. 예쁜 외형에 성능까지 받쳐주니까 재택 환경이 한층 업그레이드됐어요.,Chose it for the cute color and was genuinely surprised by the image clarity. Pretty looks backed up by real performance — my WFH setup leveled up.,4.5,긍정
S3_T2_011,S3,디자인 중시형,POS,T2,성능/스펙,성능/스펙,보조배터리,슬림한 디자인이 마음에 들어서 샀는데 충전 속도도 빠르네요. 얇고 예쁜데 성능까지 좋으면 더 바랄 게 없죠.,"Picked it for the slim design and was happy to find the charging speed is fast too. Thin, good-looking, and high-performing — what more could you ask for.",4.5,긍정
S3_T2_012,S3,디자인 중시형,POS,T2,성능/스펙,성능/스펙,무선 충전기,패드 디자인이 미니멀해서 데스크에 두기 좋아요. 충전 효율도 괜찮아서 예쁘면서 쓸모 있는 제품이에요.,The minimal pad design sits beautifully on a desk. Charging efficiency is solid too — this is one of those rare products that's both attractive and practical.,4.0,긍정
S3_T2_013,S3,디자인 중시형,POS,T2,성능/스펙,성능/스펙,스마트 전구,조명 색상 연출이 다양해서 공간 무드를 자유롭게 바꿀 수 있어요. 인테리어 도구로 쓰기에 기능이 충분히 좋아요.,The range of color options lets you freely shift the mood of any space. Functionality is more than enough to use it as a proper interior design tool.,4.0,긍정
S3_T3_014,S3,디자인 중시형,POS,T3,디자인/외관,디자인/외관,무선 이어폰,케이스 색상이 사진보다 실물이 훨씬 예뻐요. 가방에서 꺼낼 때마다 기분이 좋아지는 제품이에요.,The case color is even prettier in person than in the photos. I genuinely smile every time I pull it out of my bag.,4.5,긍정
S3_T3_015,S3,디자인 중시형,POS,T3,디자인/외관,디자인/외관,스마트워치,스트랩 색상이 다양해서 옷이랑 코디하기 좋아요. 손목에 찼을 때 액세서리처럼 보여서 완전히 만족해요.,So many strap colors to match with outfits. Wearing it feels like an accessory more than a gadget — completely satisfied.,4.5,긍정
S3_T3_016,S3,디자인 중시형,POS,T3,디자인/외관,디자인/외관,블루투스 스피커,패브릭 소재 외관이 방 인테리어랑 너무 잘 어울려요. 전자제품 같지 않고 인테리어 소품 같은 느낌이에요.,The fabric exterior fits my room's interior perfectly. It doesn't feel like electronics at all — more like a decorative piece.,4.5,긍정
S3_T3_017,S3,디자인 중시형,POS,T3,디자인/외관,디자인/외관,기계식 키보드,파스텔 색상 키캡이 데스크 분위기를 완전히 바꿔줬어요. 타이핑할 때마다 예쁜 키보드 보는 게 즐거워요.,The pastel keycaps completely transformed the vibe of my desk. Typing is genuinely more enjoyable just from looking at how pretty it is.,4.5,긍정
S3_T3_018,S3,디자인 중시형,POS,T3,디자인/외관,디자인/외관,무선 마우스,화이트 컬러에 곡선 디자인이 데스크 셋업에 딱 맞아요. 주변 기기랑 색상 통일감이 생겨서 전체적으로 깔끔해 보여요.,The white color and curved design fit my desk setup exactly. It brought color consistency to my peripherals and the whole setup looks so much cleaner now.,4.5,긍정
S3_T3_019,S3,디자인 중시형,POS,T3,디자인/외관,디자인/외관,노트북 거치대,알루미늄 실버 컬러가 맥북이랑 너무 잘 어울려요. 비싼 거치대 부럽지 않은 디자인이에요.,The aluminum silver color matches my MacBook so well. Doesn't make me envy the expensive stands at all — the design is that good.,4.5,긍정
S3_T3_020,S3,디자인 중시형,POS,T3,디자인/외관,디자인/외관,보조배터리,매트 텍스처가 손에 잡히는 느낌도 좋고 지문도 안 묻어요. 가방에 넣어도 예쁘고 꺼내 써도 예뻐요.,The matte texture feels great in hand and doesn't pick up fingerprints. Looks good in the bag and looks good out of it.,4.0,긍정
S3_T3_021,S3,디자인 중시형,POS,T3,디자인/외관,디자인/외관,웹캠,모니터 위에 올려놓으니까 전체 셋업이 통일감 있어 보여요. 투박한 웹캠 대신 이거 선택하길 잘했어요.,"Sitting on top of my monitor, it brings the whole setup together visually. So glad I chose this over the bulkier options.",4.0,긍정
S3_T3_022,S3,디자인 중시형,POS,T3,디자인/외관,디자인/외관,무선 충전기,원형 패드 디자인이 심플해서 어떤 공간에도 잘 어울려요. 침대 옆에 두니까 인테리어 포인트가 됐어요.,The circular pad design is so minimal it fits anywhere. Put it on my nightstand and it actually became a design accent point.,4.0,긍정
S3_T3_023,S3,디자인 중시형,POS,T3,디자인/외관,디자인/외관,스마트 전구,조명 켜면 공간 전체가 분위기 있어 보여요. 색온도 바꾸는 것만으로 방 느낌이 완전히 달라지는 게 신기해요.,The whole room becomes atmospheric the moment you turn it on. It's amazing how just changing the color temperature completely transforms the feel of a space.,4.5,긍정
S3_T3_024,S3,디자인 중시형,POS,T3,디자인/외관,디자인/외관,이어폰 케이스,투명 케이스라 이어폰 색상이 그대로 보여요. 케이스 끼워도 예쁜 디자인이 살아있어서 마음에 들어요.,The transparent case lets the earphone color show through. Love that the pretty design still shines even with the case on.,4.0,긍정
S3_T3_025,S3,디자인 중시형,POS,T3,디자인/외관,디자인/외관,USB 허브,포트가 많은데도 디자인이 깔끔해요. 책상 위에 놔도 지저분해 보이지 않고 오히려 셋업 완성도를 높여줘요.,"Lots of ports but the design stays clean. Doesn't clutter the desk visually — if anything, it makes the whole setup look more polished.",4.0,긍정
S3_T3_026,S3,디자인 중시형,POS,T3,디자인/외관,디자인/외관,태블릿,베젤이 얇고 색상이 예뻐서 들고 다니기만 해도 기분이 좋아요. 카페에서 꺼냈을 때 주변 시선을 많이 받았어요.,The thin bezel and beautiful color make me happy just carrying it around. Got a lot of looks when I took it out at a café.,4.5,긍정
S3_T3_027,S3,디자인 중시형,POS,T3,디자인/외관,디자인/외관,외장 SSD,외장 SSD 중에 이렇게 예쁜 디자인은 처음 봤어요. 책상에 그냥 올려놔도 인테리어 소품처럼 보여요.,First time seeing an external SSD with design this good. Just leaving it on the desk makes it look like a decorative object.,4.0,긍정
S3_T3_028,S3,디자인 중시형,POS,T3,디자인/외관,디자인/외관,노트북,색상이 독특해서 카페에서 노트북 펴면 눈에 띄어요. 무게도 가벼워서 들고 다니기 부담 없고 외관도 예뻐서 자주 들고 나가게 돼요.,The unique color turns heads at cafés when I open it. Light enough to carry anywhere and pretty enough that I actually want to.,4.5,긍정
S3_T3_029,S3,디자인 중시형,POS,T3,디자인/외관,디자인/외관,보조배터리,민트 색상이 너무 예뻐서 샀어요. 폰이랑 색상 맞춰서 들고 다니니까 코디가 완성되는 느낌이에요.,The mint color is just gorgeous — that's why I bought it. Carrying it color-matched with my phone feels like a complete look.,4.5,긍정
S3_T4_030,S3,디자인 중시형,POS,T4,배송/서비스,배송/서비스,무선 이어폰,박스 디자인도 예쁘게 포장돼서 왔어요. 언박싱 자체가 즐거운 경험이었어요.,Even the box packaging was beautifully done. The unboxing itself was a genuinely enjoyable experience.,4.0,긍정
S3_T4_031,S3,디자인 중시형,POS,T4,배송/서비스,배송/서비스,스마트워치,색상 선택이 다양해서 원하는 걸 바로 고를 수 있었어요. 주문한 색상 그대로 빠르게 왔고 실물도 기대 이상이에요.,Great range of colors available so I could choose exactly what I wanted. The right color arrived quickly and the real thing exceeded my expectations.,4.5,긍정
S3_T4_032,S3,디자인 중시형,POS,T4,배송/서비스,배송/서비스,기계식 키보드,한정 색상 제품인데 재고 있을 때 바로 주문했더니 다음 날 왔어요. 원하는 컬러 놓치지 않게 재고 알림 서비스도 있어요.,Limited color edition so I ordered as soon as I saw stock — arrived next day. They even have a stock notification service so you don't miss the color you want.,4.5,긍정
S3_T4_033,S3,디자인 중시형,POS,T4,배송/서비스,배송/서비스,블루투스 스피커,색상이 사진이랑 다를까봐 걱정했는데 실물이랑 완전히 일치했어요. 색상 표현에 신경 쓴 판매처인 것 같아요.,Was worried the color might not match the photos but it was a perfect match. Clearly a seller who takes accurate color representation seriously.,4.0,긍정
S3_T4_034,S3,디자인 중시형,POS,T4,배송/서비스,배송/서비스,무선 마우스,색상 불량으로 교환 요청했더니 군말 없이 처리해줬어요. 디자인 제품은 색상 품질이 중요한데 그 부분에서 기준이 확실한 판매처예요.,Requested an exchange for a color defect and it was handled without any fuss. Color quality matters with design products and this seller clearly understands that.,4.5,긍정
S3_T4_035,S3,디자인 중시형,POS,T4,배송/서비스,배송/서비스,태블릿,한정 컬러라 품절될까봐 걱정했는데 재고 확인하고 바로 주문하니까 안전하게 받았어요. 외관 스크래치 없이 완벽한 상태로 왔어요.,"Was worried the limited color would sell out, but confirmed stock and ordered immediately. Arrived in perfect condition with no cosmetic scratches whatsoever.",4.5,긍정
S3_T5_036,S3,디자인 중시형,POS,T5,사용 편의성,사용 편의성,무선 이어폰,케이스에서 꺼내면 자동으로 연결돼서 편해요. 예쁜 제품이 쓰기도 쉬우니까 매일 들고 다니게 돼요.,"Auto-connects the moment you take them out of the case. When something this pretty is also this easy to use, you end up carrying it everywhere.",4.0,긍정
S3_T5_037,S3,디자인 중시형,POS,T5,사용 편의성,사용 편의성,스마트워치,스트랩 교체가 공구 없이 돼서 매일 다른 색상으로 코디할 수 있어요. 패션 아이템처럼 활용하기 좋아요.,"Strap swaps without any tools, so I can color-coordinate it daily. It works perfectly as a fashion accessory.",4.5,긍정
S3_T5_038,S3,디자인 중시형,POS,T5,사용 편의성,사용 편의성,스마트 전구,앱으로 색온도 조절이 직관적이에요. 분위기 바꾸고 싶을 때 바로 조작할 수 있어서 인테리어 활용도가 높아요.,Color temperature adjustment in the app is completely intuitive. Being able to change the mood instantly makes this a highly versatile interior tool.,4.5,긍정
S3_T5_039,S3,디자인 중시형,POS,T5,사용 편의성,사용 편의성,무선 충전기,패드 위에 올려만 놓으면 돼서 선 정리 고민이 없어져요. 인테리어를 깔끔하게 유지하면서 편하게 충전할 수 있어요.,Just set it down and it charges — no more cable clutter to worry about. Keeps the space looking clean while being effortlessly convenient.,4.0,긍정
S3_T5_040,S3,디자인 중시형,POS,T5,사용 편의성,사용 편의성,기계식 키보드,무선이라 케이블 없이 데스크가 깔끔하게 정리돼요. 예쁜 키보드가 선 없이 놓이니까 셋업 완성도가 훨씬 높아졌어요.,Wireless means no cables and a clean desk. A pretty keyboard without wires makes the whole setup look so much more finished.,4.5,긍정
S3_T5_041,S3,디자인 중시형,POS,T5,사용 편의성,사용 편의성,블루투스 스피커,터치 방식 볼륨 조절이 직관적이에요. 인테리어 소품으로 올려둔 상태에서 손쉽게 조작할 수 있어서 좋아요.,Touch-based volume control is completely intuitive. Easy to operate even when it's sitting there as a decor piece — no need to move it.,4.0,긍정
S3_T5_042,S3,디자인 중시형,POS,T5,사용 편의성,사용 편의성,노트북,가볍고 얇아서 들고 다니기 편해요. 예쁜 노트북을 자주 꺼내 쓰게 되는 게 이상하지만 디자인이 사용 습관까지 바꿨어요.,"Light and slim enough to carry anywhere comfortably. It sounds odd, but having a laptop this pretty has actually changed how often I take it out — the design changed my habits.",4.5,긍정
S3_T5_043,S3,디자인 중시형,POS,T5,사용 편의성,사용 편의성,보조배터리,크기가 작아서 파우치에 넣어도 자리를 안 차지해요. 예쁘고 가벼우니까 가방 정리할 때 빼놓게 되지 않아요.,Small enough to sit in a pouch without taking up space. Pretty and light enough that it never gets left out when packing my bag.,4.0,긍정
S3_T5_044,S3,디자인 중시형,POS,T5,사용 편의성,사용 편의성,태블릿,커버가 다양한 색상으로 나와서 기분에 따라 바꿔 끼울 수 있어요. 패션 아이템처럼 코디하는 재미가 있어요.,Covers come in so many colors that I can swap based on my mood. There's a real joy in coordinating it like a fashion accessory.,4.5,긍정
S3_T5_045,S3,디자인 중시형,POS,T5,사용 편의성,사용 편의성,USB 허브,케이블 연결 방향이 뒤쪽이라 책상 앞에서 허브가 안 보여요. 디자인을 해치지 않으면서 기능을 쓸 수 있는 구조가 맘에 들어요.,Cables connect from the back so the hub itself stays hidden from the front of the desk. Love that the design isn't compromised while the functionality is all there.,4.0,긍정
S3_T1_046,S3,디자인 중시형,POS,T1,가격/비용,가격/비용,기계식 키보드,RGB 조명이랑 화이트 색상 조합이 너무 예뻐서 고민 없이 질렀어요. 데스크 분위기가 완전히 바뀌었는데 이 가격이면 충분히 낼 만해요.,The RGB lighting and white color combination was so beautiful I bought it without hesitation. My desk vibe completely transformed and the price is well worth it.,3.5,중립
S3_T2_046,S3,디자인 중시형,POS,T2,성능/스펙,성능/스펙,스마트워치,디자인 때문에 샀는데 수면 분석 정확도도 꽤 높더라고요. 예쁜 제품이 기능까지 잘 되니까 매일 차고 다니는 게 즐거워요.,"Bought it purely for the looks but the sleep tracking accuracy is surprisingly solid. When something this beautiful also works this well, wearing it every day becomes a pleasure.",4.5,긍정
S3_T3_046,S3,디자인 중시형,POS,T3,디자인/외관,디자인/외관,노트북,라벤더 색상이 실물로 보면 사진보다 훨씬 더 예뻐요. 카페에서 열면 주변에서 자꾸 쳐다봐요. 이 색상 하나만으로 다른 선택지는 없었어요.,The lavender color is even more stunning in person than in photos. People keep looking over at cafés when I open it. This color alone made every other option irrelevant.,5.0,긍정
S3_T4_046,S3,디자인 중시형,POS,T4,배송/서비스,배송/서비스,무선 이어폰,한정 색상이라 재고 없어질까봐 걱정했는데 다음 날 바로 왔어요. 박스 개봉하는 순간부터 색상이랑 마감이 너무 예뻐서 기분이 올라갔어요.,Was worried the limited color would sell out but it arrived the next day. The moment I opened the box the color and finish were so beautiful my mood instantly lifted.,4.5,긍정
S3_T5_046,S3,디자인 중시형,POS,T5,사용 편의성,사용 편의성,스마트 전구,앱에서 색온도랑 밝기 조절이 직관적이에요. 인테리어 분위기 바꾸고 싶을 때 바로 조작할 수 있어서 공간 연출하는 재미가 있어요.,Color temperature and brightness control in the app is completely intuitive. Being able to instantly shift the room's ambiance whenever I want makes interior styling genuinely fun.,4.0,긍정
S3_POS2_T1_001,S3,디자인 중시형,POS,T1,가격/비용,가격/비용,블루투스 스피커,인테리어 소품으로 딱 맞는 디자인인데 가격도 부담 없어요. 방에 두고 보기만 해도 기분 좋아지는 소품이 이 가격이면 충분히 낼 만해요.,Perfect design to use as a room accent piece and the price is manageable. An object this pleasing to look at is absolutely worth this price.,4.0,긍정
S3_POS2_T1_002,S3,디자인 중시형,POS,T1,가격/비용,가격/비용,무선 마우스,데스크 셋업 색상 맞추려고 고르다 여기서 찾았어요. 이 색상 조합이 이 가격에 나오다니 운 좋게 발견한 것 같아요.,Was looking for the right color to complete my desk setup and found it here. This color combination at this price feels like a lucky find.,4.5,긍정
S3_POS2_T1_003,S3,디자인 중시형,POS,T1,가격/비용,가격/비용,스마트 전구,조명으로 공간 분위기 바꾸고 싶었는데 이 가격에 이렇게 다양한 색온도 조절이 되다니 만족해요. 인테리어 효과 대비 가격이 합리적이에요.,Wanted to change the room atmosphere with lighting and this delivers such a wide range of color temperature control at this price. Excellent value for the interior effect.,3.5,중립
S3_POS2_T1_004,S3,디자인 중시형,POS,T1,가격/비용,가격/비용,노트북 거치대,알루미늄 소재에 깔끔한 디자인인데 비슷한 외관의 비싼 제품들과 비교해서 이게 제일 합리적이었어요. 예쁜 거 찾다가 가격까지 마음에 든 케이스예요.,Aluminum build with a clean design and the most reasonable price I found compared to visually similar expensive options. One of those rare cases where you find something pretty and the price works too.,4.0,긍정
S3_POS2_T1_005,S3,디자인 중시형,POS,T1,가격/비용,가격/비용,태블릿,색상 때문에 고른 건데 가격까지 납득이 가요. 예쁜 제품이 꼭 비싸야 한다는 편견을 깨주는 구매였어요.,Chose it for the color and the price makes sense too. This purchase broke my assumption that pretty products always have to be expensive.,4.5,긍정
S3_POS2_T1_006,S3,디자인 중시형,POS,T1,가격/비용,가격/비용,무선 이어폰,케이스 색상이 너무 예뻐서 샀는데 가격도 예상보다 훨씬 저렴했어요. 디자인 보고 비쌀 것 같다고 지레 겁먹었는데 실제로는 합리적이에요.,Fell for the case color and the price was much lower than I expected. The design made me assume it would be expensive but it turned out to be very reasonable.,4.5,긍정
S3_POS2_T1_007,S3,디자인 중시형,POS,T1,가격/비용,가격/비용,기계식 키보드,파스텔 색상 키보드 찾다가 여기서 가격 보고 바로 결제했어요. 인테리어용으로 이 색상이 이 가격이면 두 번 생각할 필요 없어요.,Was searching for a pastel keyboard and bought immediately when I saw the price. For this color as a desk aesthetic piece at this price there was no need to think twice.,5.0,긍정
S3_POS2_T1_008,S3,디자인 중시형,POS,T1,가격/비용,가격/비용,보조배터리,파우치에 넣어도 예쁘고 꺼내도 예쁜 색상인데 가격이 생각보다 부담 없어요. 들고 다니는 소품 하나도 예쁘게 맞추고 싶은데 이 가격이면 충분히 낼 수 있어요.,"Beautiful color both in a pouch and out, and the price is lighter than expected. I want every carry item to look coordinated and this price makes that easy to justify.",4.0,긍정
S3_POS2_T1_009,S3,디자인 중시형,POS,T1,가격/비용,가격/비용,스마트워치,패션 아이템처럼 차고 다니고 싶었는데 이 디자인이 이 가격이면 기꺼이 낼 수 있어요. 비싼 시계 부럽지 않은 외관에 부담 없는 가격이에요.,Wanted to wear it as a fashion accessory and this design at this price is something I'm happy to pay for. The appearance doesn't make me envy expensive watches and the price is easy to bear.,4.5,긍정
S3_POS2_T1_010,S3,디자인 중시형,POS,T1,가격/비용,가격/비용,USB 허브,깔끔한 디자인 허브를 찾다 보면 대부분 비싼데 여기는 달랐어요. 책상 위에 놔도 인테리어를 해치지 않는 디자인이 이 가격에 나온다는 게 좋아요.,Clean design hubs are usually expensive but this one was different. Getting a design that doesn't disrupt the desk aesthetic at this price is great.,3.5,중립
S3_POS2_T1_011,S3,디자인 중시형,POS,T1,가격/비용,가격/비용,외장 SSD,외장 SSD는 보통 디자인에 별로 신경 안 쓰는데 여기는 달랐어요. 인테리어 소품처럼 책상에 둘 수 있는 디자인이 이 가격에 나오다니 뜻밖이에요.,External SSDs usually don't care about design but this one is different. Unexpectedly finding a design you can display on a desk like a decor piece at this price.,3.5,중립
S3_POS2_T1_012,S3,디자인 중시형,POS,T1,가격/비용,가격/비용,웹캠,재택 셋업에 어울리는 귀여운 색상 웹캠을 찾고 있었어요. 이 색상이 이 가격에 나올 줄 몰랐어요. 디자인 프리미엄 없이 예쁜 걸 찾은 케이스예요.,Was looking for a webcam in a cute color that would suit my home setup. Didn't expect this color at this price. A case of finding something pretty with no design premium attached.,4.0,긍정
S3_POS2_T1_013,S3,디자인 중시형,POS,T1,가격/비용,가격/비용,무선 충전기,침대 옆 인테리어 소품으로 올려두고 싶었는데 예쁜 충전기들은 보통 비싸더라고요. 여기서 원하는 디자인을 합리적인 가격에 찾았어요.,Wanted to display it as a decor piece by the bed but pretty chargers tend to be expensive. Found the design I wanted here at a reasonable price.,4.5,긍정
S3_POS2_T1_014,S3,디자인 중시형,POS,T1,가격/비용,가격/비용,이어폰 케이스,정품 케이스 대신 예쁜 걸 찾다가 발견했어요. 이 투명 케이스 디자인이 이 가격이면 여러 개 사도 부담이 없을 것 같아요.,Found this while searching for something prettier than the official case. This transparent case design at this price makes me think I could buy multiple without stress.,5.0,긍정
S3_POS2_T2_015,S3,디자인 중시형,POS,T2,성능/스펙,성능/스펙,무선 이어폰,색상 보고 샀는데 음질이 예상보다 훨씬 좋아요. 예쁜 이어폰인데 소리까지 좋으면 매일 끼고 싶어지죠.,Bought it for the color and the sound quality is much better than expected. When earbuds are this pretty and sound this good you want to wear them every single day.,4.5,긍정
S3_POS2_T2_016,S3,디자인 중시형,POS,T2,성능/스펙,성능/스펙,스마트워치,디자인이 예뻐서 매일 차고 싶었는데 배터리도 충분히 오래가요. 예쁜 시계인데 매일 충전 안 해도 되니까 패션 아이템으로 완벽해요.,The design is so pretty I want to wear it every day and the battery lasts long enough to support that. It's beautiful and I don't have to charge daily — perfect as a fashion item.,4.5,긍정
S3_POS2_T2_017,S3,디자인 중시형,POS,T2,성능/스펙,성능/스펙,블루투스 스피커,인테리어 소품으로 뒀는데 음질이 진짜 좋아요. 예쁘기만 할 줄 알았는데 소리까지 만족스러우니 완벽한 선택이었어요.,Set it out as a decor piece and the sound quality is genuinely great. Expected it to just look good but being satisfied with the audio too makes it a perfect choice.,5.0,긍정
S3_POS2_T2_018,S3,디자인 중시형,POS,T2,성능/스펙,성능/스펙,웹캠,귀여운 색상이 마음에 들어서 샀는데 화질이 선명해요. 예쁜 웹캠으로 화상통화하면 기분도 좋고 화질도 좋으니 두 가지를 다 잡았어요.,Bought it for the cute color and the image quality is crisp. Making video calls with a pretty webcam that also has good image quality — getting both at once.,4.5,긍정
S3_POS2_T2_019,S3,디자인 중시형,POS,T2,성능/스펙,성능/스펙,무선 충전기,디자인 때문에 골랐는데 충전 속도도 빠른 편이에요. 예쁜 거 사면서 성능까지 챙기니까 구매 만족도가 높아요.,Chose it for the design and charging speed is also on the faster side. Buying something beautiful while also getting solid performance — that combination leads to high satisfaction.,4.0,긍정
S3_POS2_T2_020,S3,디자인 중시형,POS,T2,성능/스펙,성능/스펙,보조배터리,슬림하고 예쁜 보조배터리인데 충전 속도가 생각보다 빠르네요. 예쁜 거 사면서 성능도 챙길 수 있어서 만족해요.,Slim and pretty power bank and the charging speed is faster than I thought. Satisfied to get both good looks and solid performance in one purchase.,4.0,긍정
S3_POS2_T2_021,S3,디자인 중시형,POS,T2,성능/스펙,성능/스펙,기계식 키보드,파스텔 키캡이 예뻐서 샀는데 타건감도 좋아요. 예쁜 키보드 치면 타이핑이 즐거워지는 게 실제로 있는 것 같아요.,Bought it for the pastel keycaps and the typing feel is great too. There's something real about how typing on a beautiful keyboard actually makes it more enjoyable.,5.0,긍정
S3_POS2_T2_022,S3,디자인 중시형,POS,T2,성능/스펙,성능/스펙,스마트 전구,조명 색감이 공간 분위기를 이렇게 바꿔줄지 몰랐어요. 인테리어 포인트 주려고 샀는데 기능적으로도 완전히 만족스러워요.,Didn't know lighting color could change a space's atmosphere this much. Bought it as an interior accent and I'm completely satisfied functionally too.,4.5,긍정
S3_POS2_T2_023,S3,디자인 중시형,POS,T2,성능/스펙,성능/스펙,태블릿,"색상이 예뻐서 골랐는데 화면 선명도가 높아요. 예쁜 기기로 영상 보면 더 즐겁고, 화질까지 좋으니까 더 자주 꺼내 쓰게 돼요.","Chose it for the color and the screen clarity is high. Watching content on a beautiful device is more enjoyable, and the sharp display makes me take it out more often.",3.5,중립
S3_POS2_T2_024,S3,디자인 중시형,POS,T2,성능/스펙,성능/스펙,노트북,색상 때문에 선택했는데 가볍고 얇아서 들고 다니기 편해요. 예쁜 노트북을 자주 들고 나가게 되는데 가볍기까지 하니 완벽이에요.,Chose it for the color and it's light and slim to carry. Already want to take a pretty laptop out often — being lightweight on top of that is perfect.,3.5,중립
S3_POS2_T3_025,S3,디자인 중시형,POS,T3,디자인/외관,디자인/외관,무선 이어폰,케이스 색상이 사진보다 실물이 훨씬 예뻐요. 이런 색상은 직접 봐야 진가를 알 수 있어요. 매일 가방에서 꺼낼 때마다 기분이 좋아요.,The case color is even more beautiful in person than in photos. This kind of color only shows its true beauty when you see it directly. My mood lifts every time I take it out of my bag.,5.0,긍정
S3_POS2_T3_026,S3,디자인 중시형,POS,T3,디자인/외관,디자인/외관,스마트워치,스트랩이 다양해서 그날 옷에 맞춰 바꿔 차는 재미가 있어요. 시계 하나로 여러 가지 코디가 된다는 게 이 제품만의 매력이에요.,With so many strap options there's real joy in switching them to match the day's outfit. Being able to create multiple looks with one watch is what makes this product special.,5.0,긍정
S3_POS2_T3_027,S3,디자인 중시형,POS,T3,디자인/외관,디자인/외관,기계식 키보드,RGB 조명이 예쁘게 들어와서 야간에 작업할 때 분위기가 달라요. 데스크 셋업의 완성이라고 느껴지는 키보드예요.,The RGB lighting is beautiful and completely changes the atmosphere for late-night work. This is the keyboard that makes a desk setup feel complete.,5.0,긍정
S3_POS2_T3_028,S3,디자인 중시형,POS,T3,디자인/외관,디자인/외관,블루투스 스피커,패브릭 소재가 방 분위기랑 너무 잘 어울려요. 전자제품인데도 인테리어 소품처럼 보여서 친구들이 올 때마다 칭찬을 들어요.,The fabric material matches the room atmosphere so well. Even though it's electronics it looks like a decor piece and friends always compliment it when they visit.,5.0,긍정
S3_POS2_T3_029,S3,디자인 중시형,POS,T3,디자인/외관,디자인/외관,노트북,특이한 색상이라 카페에서 열면 눈길을 받아요. 같은 공간에서 비슷비슷한 실버 노트북들 사이에서 혼자 돋보이는 게 기분 좋아요.,The unique color draws looks at cafés when I open it. Standing out among the sea of silver laptops in the same space feels genuinely good.,4.5,긍정
S3_POS2_T3_030,S3,디자인 중시형,POS,T3,디자인/외관,디자인/외관,보조배터리,민트 색상이 폰 케이스랑 색 맞춰서 들고 다니니까 전체적인 코디가 완성되는 느낌이에요. 소품 하나하나 색 맞추는 재미가 있어요.,The mint color matches my phone case so carrying them together completes the overall coordination. There's real enjoyment in color-matching accessories one by one.,4.5,긍정
S3_POS2_T3_031,S3,디자인 중시형,POS,T3,디자인/외관,디자인/외관,무선 마우스,화이트 컬러가 책상 전체를 밝게 만들어줘요. 주변 기기 색상이 통일되니까 셋업이 훨씬 깔끔하고 정돈된 느낌이에요.,The white color brightens the entire desk. Color-coordinating all the peripherals makes the whole setup look much cleaner and more organized.,4.5,긍정
S3_POS2_T3_032,S3,디자인 중시형,POS,T3,디자인/외관,디자인/외관,태블릿,얇은 베젤에 예쁜 색상 조합이 들고 다닐 때 패션 아이템처럼 느껴져요. 가방에서 꺼낼 때마다 스스로 만족스러워요.,The thin bezel and beautiful color combination makes it feel like a fashion accessory when you carry it. I feel satisfied with myself every time I take it out of my bag.,4.5,긍정
S3_POS2_T3_033,S3,디자인 중시형,POS,T3,디자인/외관,디자인/외관,이어폰 케이스,투명 케이스라 이어폰 색상이 그대로 보여서 더 예뻐요. 케이스 끼워도 예쁜 디자인이 살아있는 게 이 케이스의 최고 장점이에요.,The transparent case lets the earphone color show through which makes it even prettier. The greatest advantage of this case is that the beautiful design stays visible even with it on.,4.0,긍정
S3_POS2_T3_034,S3,디자인 중시형,POS,T3,디자인/외관,디자인/외관,USB 허브,포트가 많은데도 디자인이 깔끔해요. 책상 위에 놔도 셋업 완성도를 오히려 높여주는 허브예요. 기능형 소품처럼 쓸 수 있어요.,Lots of ports but the design stays clean. This is a hub that actually raises the quality of the setup rather than cluttering it. Usable as a functional decor piece.,4.0,긍정
S3_POS2_T3_035,S3,디자인 중시형,POS,T3,디자인/외관,디자인/외관,스마트 전구,조명 색상이 바뀌면 방 분위기가 완전히 달라져요. 같은 방인데 색온도 하나로 낮과 밤이 구분되는 느낌이 신기하고 좋아요.,Changing the light color completely transforms the room atmosphere. It's fascinating and wonderful how a single color temperature change makes the same room feel distinctly different between day and night.,4.0,긍정
S3_POS2_T3_036,S3,디자인 중시형,POS,T3,디자인/외관,디자인/외관,노트북 거치대,알루미늄 실버가 맥북이랑 색감이 너무 잘 맞아요. 거치대 올려놓으니까 셋업이 애플 공식 악세서리처럼 보여서 만족해요.,The aluminum silver matches the MacBook color tone perfectly. Setting the laptop on it makes the whole setup look like an Apple official accessory arrangement.,3.5,중립
S3_POS2_T4_037,S3,디자인 중시형,POS,T4,배송/서비스,배송/서비스,무선 이어폰,한정 색상이라 품절 걱정했는데 당일 출고로 빠르게 받았어요. 원하는 색상을 제때 받을 수 있었던 것만으로도 이 판매처가 마음에 들어요.,Was worried about the limited color selling out but it shipped same day and arrived fast. Just being able to receive the exact color I wanted on time makes me like this seller.,4.0,긍정
S3_POS2_T4_038,S3,디자인 중시형,POS,T4,배송/서비스,배송/서비스,기계식 키보드,한정 색상 재입고 알림 서비스가 있어서 원하는 컬러를 놓치지 않을 수 있었어요. 색상 때문에 구매하는 사람들을 위한 세심한 서비스예요.,The limited color restock notification service meant I didn't miss the color I wanted. A thoughtful service for people who buy based on color.,4.5,긍정
S3_POS2_T4_039,S3,디자인 중시형,POS,T4,배송/서비스,배송/서비스,스마트워치,색상 선택지가 많아서 원하는 걸 고를 수 있었고 배송도 빨랐어요. 색상 중시하는 구매자 입장에서 다양한 선택지가 있다는 것 자체가 좋아요.,"Plenty of color options to choose from and fast delivery too. As someone who buys based on color, just having a wide range of options available is appreciated.",4.5,긍정
S3_POS2_T4_040,S3,디자인 중시형,POS,T4,배송/서비스,배송/서비스,블루투스 스피커,색상이 사진이랑 실물이 정확히 일치했어요. 색상 보고 사는 건데 실물 색상이 달라오면 의미가 없잖아요. 정확한 색상 표현을 해주는 판매처예요.,Color matched the photos exactly in person. When you buy based on color it defeats the purpose if the real thing is different. A seller that represents colors accurately.,5.0,긍정
S3_POS2_T4_041,S3,디자인 중시형,POS,T4,배송/서비스,배송/서비스,보조배터리,박스 개봉부터 언박싱이 즐거웠어요. 색상 예쁜 제품인데 포장까지 깔끔하게 와서 선물 받는 느낌이었어요.,Unboxing was enjoyable from the moment I opened the box. A product this pretty in color arriving in such neat packaging felt like receiving a gift.,4.5,긍정
S3_POS2_T4_042,S3,디자인 중시형,POS,T4,배송/서비스,배송/서비스,태블릿,한정 색상 재고 걱정하면서 주문했는데 다음 날 바로 왔어요. 원하는 색상을 안전하게 받은 것만으로도 이 배송 경험은 만족스러워요.,Ordered while worried about limited color stock and it arrived the very next day. The delivery experience is satisfying just from safely receiving the color I wanted.,4.0,긍정
S3_POS2_T4_043,S3,디자인 중시형,POS,T4,배송/서비스,배송/서비스,무선 마우스,색상 불량으로 교환 요청했더니 군말 없이 처리해줬어요. 색상 때문에 고른 제품인데 색상 품질에 기준이 있는 판매처라서 안심이에요.,Requested an exchange for a color defect and it was handled without question. Reassuring to have a seller with standards for color quality when that's why you chose the product.,4.5,긍정
S3_POS2_T4_044,S3,디자인 중시형,POS,T4,배송/서비스,배송/서비스,노트북,외관 스크래치 없이 완벽한 상태로 도착했어요. 색상이랑 마감 때문에 산 건데 외관이 완벽하게 오는 것만으로도 이 구매는 성공이에요.,Arrived in perfect condition with no cosmetic scratches. Bought it for the color and finish and the product arriving in perfect cosmetic condition alone makes this purchase a success.,5.0,긍정
S3_POS2_T4_045,S3,디자인 중시형,POS,T4,배송/서비스,배송/서비스,이어폰 케이스,색상 선택이 사진처럼 정확하게 와서 만족해요. 색상 중심으로 사는 사람한테 색상 정확도가 제일 중요한데 이 판매처는 믿을 수 있어요.,Color arrived accurately matching the photos and I'm satisfied. Color accuracy is the most important thing for someone who buys by color and this seller can be trusted.,4.0,긍정
S3_POS2_T4_046,S3,디자인 중시형,POS,T4,배송/서비스,배송/서비스,스마트 전구,묶음으로 주문했는데 모두 같은 색감으로 와서 공간 조명이 통일감 있어요. 색온도가 제품마다 달랐다면 인테리어 효과가 반감됐을 거예요.,"Ordered a bundle pack and all came with the same color tone, giving the room lighting a unified feel. If color temperature varied between units the interior effect would have been halved.",3.5,중립
S3_POS2_T4_047,S3,디자인 중시형,POS,T4,배송/서비스,배송/서비스,USB 허브,셋업 통일감 맞추려고 고른 색상이 실물과 정확히 일치했어요. 색상 통일이 목적인 구매에서 이 정확도는 정말 중요해요.,"The color I chose to unify my setup matched the real product exactly. When the whole point of a purchase is color consistency, this level of accuracy really matters.",3.5,중립
S3_POS2_T4_048,S3,디자인 중시형,POS,T4,배송/서비스,배송/서비스,외장 SSD,디자인 소품으로 책상에 두려고 샀는데 스크래치 없이 완벽하게 왔어요. 외관 상태가 중요한 제품인데 포장이 믿을 만했어요.,Bought to display as a desk decor piece and it arrived scratch-free in perfect condition. Packaging was trustworthy for a product where cosmetic condition matters.,4.0,긍정
S3_POS2_T5_049,S3,디자인 중시형,POS,T5,사용 편의성,사용 편의성,스마트워치,스트랩 교체가 공구 없이 쉽게 돼서 매일 다른 색상으로 코디할 수 있어요. 패션 아이템처럼 쓰기 위한 최고의 조건이에요.,Strap swaps without any tools so I can coordinate a different color every day. The best possible condition for using it as a fashion accessory.,5.0,긍정
S3_POS2_T5_050,S3,디자인 중시형,POS,T5,사용 편의성,사용 편의성,스마트 전구,앱으로 색온도 조절이 직관적이에요. 분위기 바꾸고 싶을 때 바로 조작할 수 있어서 공간 연출을 마음대로 할 수 있어요.,Color temperature control through the app is intuitive. Being able to adjust instantly whenever I want to change the mood gives me full creative control over the space.,4.5,긍정
S3_POS2_T5_051,S3,디자인 중시형,POS,T5,사용 편의성,사용 편의성,무선 충전기,올려놓기만 하면 충전되니까 선 정리 걱정이 없어요. 인테리어 깔끔하게 유지하면서 편하게 충전할 수 있어서 이 제품이 맞는 선택이에요.,Just set it down and it charges — no cable clutter to worry about. Keeping the interior clean while charging effortlessly makes this the right choice.,4.5,긍정
S3_POS2_T5_052,S3,디자인 중시형,POS,T5,사용 편의성,사용 편의성,블루투스 스피커,터치 방식 볼륨 조절이 직관적이에요. 인테리어 소품처럼 올려둔 상태에서 손쉽게 조작할 수 있어서 예쁘게 두면서 편하게 쓸 수 있어요.,Touch-based volume control is intuitive. Easy to operate while keeping it displayed as a decor piece — beautiful to look at and convenient to use.,4.0,긍정
S3_POS2_T5_053,S3,디자인 중시형,POS,T5,사용 편의성,사용 편의성,기계식 키보드,무선이라 케이블 없이 쓸 수 있어서 데스크가 더 깔끔해 보여요. 예쁜 키보드가 선 없이 놓이니까 셋업 완성도가 훨씬 높아졌어요.,Wireless means no cables and a noticeably cleaner desk. A beautiful keyboard sitting without any wires raises the overall quality of the setup significantly.,4.5,긍정
S3_POS2_T5_054,S3,디자인 중시형,POS,T5,사용 편의성,사용 편의성,무선 이어폰,케이스에서 꺼내면 자동 연결되는 게 너무 편해요. 예쁜 케이스 열 때마다 자동으로 연결되면 쓰는 경험 자체가 즐거워져요.,Auto-connecting when you open the case is so convenient. The experience becomes genuinely enjoyable when opening the pretty case automatically means it's ready to use.,4.5,긍정
S3_POS2_T5_055,S3,디자인 중시형,POS,T5,사용 편의성,사용 편의성,태블릿,커버 색상이 다양해서 기분에 따라 바꿔 끼울 수 있어요. 패션 아이템처럼 코디하는 재미가 있어서 자주 꺼내 쓰게 돼요.,Cover colors come in such variety I can swap based on my mood. The fun of coordinating it like a fashion accessory makes me take it out and use it more often.,4.5,긍정
S3_POS2_T5_056,S3,디자인 중시형,POS,T5,사용 편의성,사용 편의성,노트북,가볍고 얇아서 예쁜 노트북을 매일 들고 다니게 돼요. 예쁜 것 자주 꺼내 쓰고 싶은데 무거우면 집에 두게 되는데 이건 항상 같이 다니게 돼요.,Light and slim enough that I carry this pretty laptop everywhere every day. You want to use beautiful things often but heavy ones end up staying home — this one always comes with me.,5.0,긍정
S3_POS2_T5_057,S3,디자인 중시형,POS,T5,사용 편의성,사용 편의성,USB 허브,케이블이 뒤로 나와서 앞에서 보면 선이 안 보여요. 깔끔한 셋업 유지가 목적인데 이 구조 덕분에 인테리어 훼손 없이 쓸 수 있어요.,Cables exit from the back so no wires are visible from the front. My goal is maintaining a clean setup and this structure lets me use it without disrupting the aesthetic.,4.0,긍정
S3_POS2_T5_058,S3,디자인 중시형,POS,T5,사용 편의성,사용 편의성,무선 마우스,수신기가 마우스 안에 수납돼서 들고 다닐 때 분실 걱정이 없어요. 예쁜 마우스를 자주 들고 다니는데 수납 구조가 실용적이에요.,The receiver stores inside the mouse so there's no worry of losing it when carrying it around. I take this pretty mouse with me often and the storage design is practical.,3.5,중립
S3_POS2_T5_059,S3,디자인 중시형,POS,T5,사용 편의성,사용 편의성,보조배터리,작고 가벼워서 파우치에 넣어도 티가 안 나요. 예쁘고 가벼우니까 가방 꾸밀 때 빠뜨리게 되지 않아요.,Small and light enough to sit in a pouch without being noticeable. Pretty and lightweight so it never gets left out when packing my bag.,3.5,중립
S3_POS2_T5_060,S3,디자인 중시형,POS,T5,사용 편의성,사용 편의성,외장 SSD,크기가 작아서 책상 위 소품처럼 두기 좋아요. 기능적으로 편리한 것도 있지만 인테리어 소품으로 활용하기 위해 크기도 중요한데 딱 맞아요.,The compact size is perfect for displaying as a desk accent. Functionality matters too but for use as a decor piece size is just as important — and this is exactly right.,4.0,긍정
S3_NEG_T1_001,S3,디자인 중시형,NEG,T1,가격/비용,가격/비용,무선 이어폰,디자인이 예뻐서 샀는데 이 마감 품질이면 가격이 너무 아까워요. 예쁜 외형을 기대하고 낸 돈인데 실물 마감이 너무 조잡해요.,Bought it for the design but the finish quality makes the price feel like a waste. Paid specifically for pretty looks and the real-world finish is just cheap.,3.0,중립
S3_NEG_T1_002,S3,디자인 중시형,NEG,T1,가격/비용,가격/비용,블루투스 스피커,인테리어 소품으로 쓰려고 샀는데 실물이 사진보다 훨씬 플라스틱 티가 나요. 이 비주얼이면 이 가격은 과한 것 같아요.,Bought it to use as a decor piece but it looks way more plastic in person than in photos. This visual quality doesn't justify the price.,3.0,중립
S3_NEG_T1_003,S3,디자인 중시형,NEG,T1,가격/비용,가격/비용,스마트워치,손목에 찼을 때 예쁠 것 같아서 샀는데 베젤 마감이 너무 저렴해 보여요. 디자인에 돈 낸 건데 이 외관이면 납득이 안 가요.,Bought it imagining how pretty it would look on my wrist but the bezel finish looks incredibly cheap. Paid for design and this appearance doesn't justify it.,1.5,부정
S3_NEG_T1_004,S3,디자인 중시형,NEG,T1,가격/비용,가격/비용,기계식 키보드,색상이 예뻐서 샀는데 키캡이 석 달 만에 벗겨지고 있어요. 데스크 분위기 연출하려고 돈 낸 건데 이렇게 빨리 망가지면 가격이 아까워요.,Bought it for the color but the keycaps are already fading after three months. Paid to set a desk aesthetic and it deteriorating this fast makes the price feel wasted.,2.0,부정
S3_NEG_T1_005,S3,디자인 중시형,NEG,T1,가격/비용,가격/비용,무선 마우스,색상 코디 맞추려고 골랐는데 코팅이 한 달 만에 벗겨지기 시작했어요. 예쁜 셋업 유지하려고 산 건데 금방 흉해지면 돈이 아깝죠.,Chose it specifically for color coordination but the coating started peeling after a month. Bought it to maintain a pretty setup and it turning ugly this fast is a waste of money.,1.5,부정
S3_NEG_T1_006,S3,디자인 중시형,NEG,T1,가격/비용,가격/비용,보조배터리,색상이랑 마감이 예뻐서 샀는데 이음새가 갈라지기 시작했어요. 들고 다닐 때 예뻐야 의미 있는데 이렇게 빨리 망가지면 이 가격이 아까워요.,Bought it for the color and finish but the seams are starting to crack. The whole point is looking good while carrying it — deteriorating this fast makes the price feel like a loss.,1.0,부정
S3_NEG_T1_007,S3,디자인 중시형,NEG,T1,가격/비용,가격/비용,노트북 거치대,맥북이랑 색 맞추려고 비싸게 주고 샀는데 실제로 놓고 보면 색감이 달라요. 색상 코디 목적으로 산 건데 맞지 않으면 그냥 돈 낭비예요.,Paid a premium to match my MacBook color but side by side the tones are clearly different. Bought specifically for color coordination and if it doesn't match it's just wasted money.,2.0,부정
S3_NEG_T2_008,S3,디자인 중시형,NEG,T2,성능/스펙,성능/스펙,무선 이어폰,디자인 보고 샀는데 음질이 너무 나빠요. 예쁜 이어폰 끼고 싶었는데 소리가 이러면 결국 못 쓰게 되더라고요.,Bought it for the design but the sound quality is really bad. Wanted pretty earbuds I'd actually wear but sound this poor means I just can't use them.,1.5,부정
S3_NEG_T2_009,S3,디자인 중시형,NEG,T2,성능/스펙,성능/스펙,블루투스 스피커,인테리어용으로 올려뒀는데 음질이 너무 들쭉날쭉해요. 예쁜 소품으로 두기엔 좋은데 실제로 음악 틀면 실망스러워요.,Set it out as a decor piece but the sound quality is really inconsistent. Great as a pretty object but actually playing music through it is disappointing.,3.5,중립
S3_NEG_T2_010,S3,디자인 중시형,NEG,T2,성능/스펙,성능/스펙,스마트워치,디자인이 예뻐서 매일 차고 싶었는데 배터리가 하루도 못 가요. 예쁜 시계인데 매일 충전해야 하니까 결국 자꾸 빼게 돼요.,Design is pretty enough to want to wear every day but the battery doesn't last even a full day. Beautiful watch but needing to charge it daily means I keep taking it off.,3.5,중립
S3_NEG_T2_011,S3,디자인 중시형,NEG,T2,성능/스펙,성능/스펙,웹캠,색상이 귀여워서 셋업에 맞춰 샀는데 화질이 너무 낮아요. 예쁜 웹캠이 있으면 화상통화도 즐거울 것 같았는데 이 화질이면 민망해요.,Bought it to match my setup for the cute color but image quality is way too low. Thought a pretty webcam would make video calls more enjoyable but this quality is embarrassing.,1.5,부정
S3_NEG_T2_012,S3,디자인 중시형,NEG,T2,성능/스펙,성능/스펙,무선 충전기,패드 디자인이 예뻐서 인테리어 포인트로 뒀는데 충전이 자꾸 끊겨요. 예쁘게 올려뒀는데 충전이 제대로 안 되면 소품이 돼버려요.,Put it out as an interior accent for the pretty pad design but charging keeps disconnecting. It's sitting there looking beautiful but if it can't charge reliably it's just decoration.,2.0,부정
S3_NEG_T2_013,S3,디자인 중시형,NEG,T2,성능/스펙,성능/스펙,스마트 전구,조명 색감이 인테리어 분위기 잡는 데 좋을 것 같았는데 실제 색온도가 앱 표시랑 달라요. 원하는 분위기를 못 내니까 인테리어용으로 쓰기 아쉬워요.,Thought the light color would be great for setting an interior mood but actual color temperature doesn't match what the app shows. Can't create the ambiance I wanted — disappointing as an interior tool.,3.0,중립
S3_NEG_T2_014,S3,디자인 중시형,NEG,T2,성능/스펙,성능/스펙,기계식 키보드,키보드 색상이 너무 예뻐서 샀는데 무선 연결이 자꾸 끊겨요. 예쁜 키보드 케이블 없이 쓰려고 했는데 연결이 불안정하면 오히려 더 신경 쓰여요.,Bought it because the color is gorgeous but wireless keeps disconnecting. Wanted to use the pretty keyboard cable-free and unstable connection is somehow more frustrating than cables.,3.0,중립
S3_NEG_T3_015,S3,디자인 중시형,NEG,T3,디자인/외관,디자인/외관,무선 이어폰,사진에서 봤던 파스텔 색상이랑 실물이 완전히 달라요. 사진은 연핑크였는데 실물은 형광에 가까워요. 색상 보고 샀는데 이건 아니에요.,The pastel color in photos looks completely different in person. Photos showed a soft pink but the real thing is close to fluorescent. Bought it for the color and this isn't it.,3.0,중립
S3_NEG_T3_016,S3,디자인 중시형,NEG,T3,디자인/외관,디자인/외관,블루투스 스피커,패브릭 소재가 고급스러워 보였는데 실물은 싸구려 느낌이에요. 인테리어 소품으로 두기엔 너무 조잡해서 결국 눈에 안 띄는 곳에 뒀어요.,The fabric looked premium in photos but feels cheap in person. Too rough to display as a decor piece — ended up hiding it out of sight.,2.5,부정
S3_NEG_T3_017,S3,디자인 중시형,NEG,T3,디자인/외관,디자인/외관,스마트워치,사진보다 실물이 훨씬 두꺼워요. 손목에 찼더니 투박해 보여서 실망이에요. 액세서리처럼 예쁘게 차려고 했는데 이 두께는 좀 아쉬워요.,Much thicker in person than in photos. Looks bulky on my wrist which is a real disappointment. Wanted to wear it like a pretty accessory but this thickness just doesn't work.,3.5,중립
S3_NEG_T3_018,S3,디자인 중시형,NEG,T3,디자인/외관,디자인/외관,기계식 키보드,키캡 색상이 균일하지 않아요. 어떤 키는 더 밝고 어떤 키는 더 어두워요. 예쁜 색상 균형이 셋업의 포인트였는데 이런 색 불균일은 눈에 계속 거슬려요.,"Keycap color is inconsistent — some keys are lighter, some darker. Color uniformity was supposed to be the focal point of my setup and this inconsistency keeps catching my eye.",2.5,부정
S3_NEG_T3_019,S3,디자인 중시형,NEG,T3,디자인/외관,디자인/외관,무선 마우스,화이트 색상이 예뻐 보였는데 손때가 너무 잘 타요. 일주일 만에 지저분해 보여서 계속 닦게 되는데 이러면 셋업이 깔끔해 보이질 않아요.,The white looked beautiful but it picks up grime so easily. Looked dirty within a week and I'm constantly wiping it down — the setup never looks clean anymore.,3.5,중립
S3_NEG_T3_020,S3,디자인 중시형,NEG,T3,디자인/외관,디자인/외관,노트북,색상은 예쁜데 재질이 지문이 너무 잘 묻어요. 카페에서 꺼낼 때마다 지문 가득한 노트북을 꺼내게 돼요. 예쁘게 들고 다니려고 샀는데 역효과예요.,Color is beautiful but the material shows fingerprints terribly. Every time I take it out at a café it's covered in prints. Bought it to look good carrying it around and it's backfiring.,3.5,중립
S3_NEG_T3_021,S3,디자인 중시형,NEG,T3,디자인/외관,디자인/외관,보조배터리,민트 색상이 예뻐서 골랐는데 투명 코팅이 벗겨지면서 색이 얼룩덜룩해졌어요. 폰이랑 색 맞춰 들고 다니려 했는데 이제 꺼내기가 창피해요.,Chose it for the mint color but the clear coat is peeling and the color has become patchy. Wanted to carry it color-matched with my phone and now I'm embarrassed to take it out.,2.5,부정
S3_NEG_T3_022,S3,디자인 중시형,NEG,T3,디자인/외관,디자인/외관,노트북 거치대,알루미늄 소재처럼 보였는데 실물은 플라스틱이에요. 맥북 옆에 뒀더니 색감이랑 소재감이 전혀 어울리지 않아요. 셋업 완성도가 오히려 떨어졌어요.,Looked like aluminum in photos but it's plastic in person. Sitting next to my MacBook the color and material clash completely. My setup actually looks worse now.,2.5,부정
S3_NEG_T3_023,S3,디자인 중시형,NEG,T3,디자인/외관,디자인/외관,USB 허브,디자인이 깔끔해 보였는데 로고가 너무 크고 눈에 거슬려요. 책상에 올려뒀을 때 로고 때문에 깔끔한 셋업 분위기가 망가지는 느낌이에요.,Design looked clean but the logo is huge and distracting. Having it on the desk feels like the logo disrupts the clean setup aesthetic I was going for.,3.5,중립
S3_NEG_T3_024,S3,디자인 중시형,NEG,T3,디자인/외관,디자인/외관,웹캠,색상이 귀엽긴 한데 모니터 위에 올리면 너무 튀어요. 셋업 통일감을 원했는데 오히려 이질감이 생겨서 빼버렸어요. 색상 단독으로는 예뻐요.,Color is cute on its own but it sticks out too much on top of the monitor. Wanted a unified setup look but it creates visual friction instead — ended up removing it. The color is pretty in isolation though.,3.5,중립
S3_NEG_T3_025,S3,디자인 중시형,NEG,T3,디자인/외관,디자인/외관,이어폰 케이스,투명 케이스가 6개월 만에 황변이 시작됐어요. 이어폰 색상이 잘 보이게 하려고 투명으로 골랐는데 누렇게 변하니까 오히려 더 지저분해 보여요.,Transparent case started yellowing after 6 months. Chose transparent specifically to show off the earphone color but the yellowing makes everything look dirtier than before.,2.0,부정
S3_NEG_T3_026,S3,디자인 중시형,NEG,T3,디자인/외관,디자인/외관,스마트 전구,전구 자체 외형이 평범해요. 켜져 있을 때는 색감이 예쁜데 꺼져 있으면 그냥 일반 전구라 인테리어 포인트가 안 돼요. 항상 켜둘 수는 없잖아요.,The bulb itself looks completely ordinary. Color is pretty when it's on but when it's off it's just a regular bulb — no longer an interior accent. Can't keep it on all the time.,3.5,중립
S3_NEG_T3_027,S3,디자인 중시형,NEG,T3,디자인/외관,디자인/외관,태블릿,색상이 예뻐서 커버 없이 쓰려고 했는데 뒷면이 너무 미끄러워요. 잡다가 떨어뜨릴 것 같아서 결국 커버를 씌웠는데 그러면 예쁜 색상이 다 가려져요.,Color is so pretty I planned to use it without a case but the back is incredibly slippery. Nearly dropped it and had to put a cover on — which hides the beautiful color completely.,3.5,중립
S3_NEG_T3_028,S3,디자인 중시형,NEG,T3,디자인/외관,디자인/외관,외장 SSD,디자인이 세련됐다고 해서 샀는데 실물 크기가 사진보다 훨씬 커요. 책상 위 인테리어 소품처럼 두려 했는데 이 크기면 오히려 공간을 차지해요.,Bought it for the sleek design but it's much bigger in person than in photos. Wanted it to sit like a decorative accent on the desk but at this size it just takes up space.,3.5,중립
S3_NEG_T3_029,S3,디자인 중시형,NEG,T3,디자인/외관,디자인/외관,무선 충전기,원형 패드 디자인이 예뻐서 침대 옆에 뒀는데 LED가 너무 밝아요. 밤새 파란 불빛이 방 분위기를 완전히 망쳐요. 인테리어 포인트가 아니라 방해물이 됐어요.,Put the round pad design by my bed for the aesthetic but the LED is blinding. The blue light all night completely ruins the bedroom atmosphere. It became a disruption not an accent.,2.5,부정
S3_NEG_T3_030,S3,디자인 중시형,NEG,T3,디자인/외관,디자인/외관,블루투스 스피커,방 인테리어랑 잘 어울릴 것 같아서 샀는데 색상이 사진보다 훨씬 진해요. 파스텔 계열 방에 두려 했는데 색이 너무 튀어서 어울리지 않아요.,Bought it thinking it would suit my room's interior but the color is much deeper in person than in photos. Tried it in my pastel-toned room and it clashes — way too bold.,2.5,부정
S3_NEG_T3_031,S3,디자인 중시형,NEG,T3,디자인/외관,디자인/외관,스마트워치,화면 베젤이 사진에선 얇아 보였는데 실물은 생각보다 두꺼워요. 액세서리처럼 예쁘게 차려고 했는데 베젤 때문에 전자제품 느낌이 너무 강하게 나요.,Bezel looked thin in photos but it's noticeably thick in person. Wanted to wear it like a pretty accessory but the thick bezel makes it look too much like tech equipment.,3.0,중립
S3_NEG_T3_032,S3,디자인 중시형,NEG,T3,디자인/외관,디자인/외관,무선 이어폰,케이스 색상이 너무 마음에 들어서 샀는데 경첩 부분 마감이 들떠 있어요. 꺼낼 때마다 마감 불량이 눈에 들어와서 예쁜 케이스가 주는 기쁨이 반감돼요.,Fell in love with the case color and bought it but the hinge finish is lifting. The defect catches my eye every time I open it and it halves the joy of having a pretty case.,1.0,부정
S3_NEG_T4_033,S3,디자인 중시형,NEG,T4,배송/서비스,배송/서비스,무선 이어폰,색상이 사진이랑 달라서 교환 요청했는데 색 차이가 '정상 범위'라고 해요. 디자인 보고 산 건데 색이 달라도 정상이면 사진 광고 자체가 문제 아닌가요.,Requested an exchange because the color didn't match the photos and was told the difference is 'within normal range.' Bought it for the design — if a color difference is normal then the advertising photos are the problem.,2.5,부정
S3_NEG_T4_034,S3,디자인 중시형,NEG,T4,배송/서비스,배송/서비스,스마트워치,스트랩 색상을 골라서 주문했는데 다른 색상으로 왔어요. 고객센터에서 재고 없다고 환불만 해준다고 해요. 그 색상 때문에 고른 건데 환불이 무슨 해결책이에요.,Selected a specific strap color and received a different one. Customer service says there's no stock and only offers a refund. That color was the whole reason I chose it — a refund isn't a solution.,2.0,부정
S3_NEG_T4_035,S3,디자인 중시형,NEG,T4,배송/서비스,배송/서비스,기계식 키보드,한정 색상 주문했는데 배송 중 박스가 눌려서 키캡에 스크래치가 났어요. 색상이랑 마감 때문에 산 건데 스크래치 있는 제품을 받으면 기분이 망가져요.,Ordered a limited color edition but the box was crushed in transit and the keycaps arrived scratched. Bought it specifically for the color and finish — receiving it scratched ruins the whole experience.,2.0,부정
S3_NEG_T4_036,S3,디자인 중시형,NEG,T4,배송/서비스,배송/서비스,블루투스 스피커,색상이 사진이랑 다르다고 교환 신청했는데 2주째 처리가 안 돼요. 방 인테리어 맞춰서 주문한 건데 이 색깔 스피커가 공간에 계속 안 어울리는 상태예요.,Filed an exchange for color mismatch two weeks ago and still no resolution. Ordered it to match my room's interior and this mismatched speaker keeps sitting in my space.,3.0,중립
S3_NEG_T4_037,S3,디자인 중시형,NEG,T4,배송/서비스,배송/서비스,노트북,한정 색상이라 빨리 주문했는데 박스가 찌그러져서 왔어요. 뒷면에 눌린 자국이 있어요. 색상 때문에 고른 건데 외관 손상이 있으면 받는 의미가 없어요.,Ordered quickly because of the limited color and it arrived in a crushed box. There's a dent on the back. Chose it for the color and there's no point receiving it with cosmetic damage.,1.5,부정
S3_NEG_T4_038,S3,디자인 중시형,NEG,T4,배송/서비스,배송/서비스,태블릿,색상 교환 요청했더니 개봉 제품은 교환 불가라고 해요. 색이 다른지 개봉 전에 어떻게 알아요. 외관 때문에 산 건데 색상 문제로 교환도 안 된다면 너무 불합리해요.,Requested a color exchange and was told opened products aren't eligible. How would I know the color is wrong before opening it? Bought it for the appearance — not being able to exchange for a color issue is unreasonable.,1.5,부정
S3_NEG_T4_039,S3,디자인 중시형,NEG,T4,배송/서비스,배송/서비스,보조배터리,색상 불량으로 교환 신청했는데 같은 불량 제품이 또 왔어요. 두 번 연속 외관 불량 제품을 받으니까 이 판매처 품질 관리를 믿을 수가 없어요.,Filed a color defect exchange and received another defective product. Getting cosmetic defects twice in a row makes it impossible to trust this seller's quality control.,1.0,부정
S3_NEG_T4_040,S3,디자인 중시형,NEG,T4,배송/서비스,배송/서비스,무선 마우스,색상이 마음에 들어서 재구매했는데 이번엔 코팅 상태가 안 좋아요. 같은 제품인데 배치마다 품질이 달라요. 외관 때문에 고르는 건데 품질이 일관되지 않으면 믿을 수가 없어요.,Bought it again because I love the color but this time the coating condition is poor. Same product but quality varies by batch. Choosing it for appearance means nothing if quality isn't consistent.,2.5,부정
S3_NEG_T4_041,S3,디자인 중시형,NEG,T4,배송/서비스,배송/서비스,이어폰 케이스,색상이 예뻐서 선물용으로 주문했는데 포장이 너무 허술하게 왔어요. 선물하려고 산 건데 박스가 찌그러져서 오면 외관이 중요한 제품인데 실망스러워요.,Ordered it as a gift for the pretty color but it came with really poor packaging. Bought it to give as a gift — receiving it in a crushed box is disappointing for a product where appearance matters.,3.0,중립
S3_NEG_T5_042,S3,디자인 중시형,NEG,T5,사용 편의성,사용 편의성,스마트 전구,색온도 조절 앱이 자꾸 튕겨요. 분위기 바꾸고 싶을 때 앱이 안 열리면 그냥 그 분위기로 살아야 해요. 인테리어 도구로 쓰려면 앱이 안정적이어야 해요.,The color temperature app keeps crashing. When I want to change the mood and the app won't open I'm stuck with whatever setting it's on. An interior tool needs a stable app.,2.5,부정
S3_NEG_T5_043,S3,디자인 중시형,NEG,T5,사용 편의성,사용 편의성,스마트워치,스트랩 교체가 공구 없이 된다고 해서 매일 코디하려 했는데 실제로 교체가 너무 뻑뻑해요. 색상 바꾸다가 스트랩 손상될 것 같아서 결국 안 바꾸게 됐어요.,"Planned to change straps daily for outfit coordination because it said tool-free swap, but the actual swap mechanism is really stiff. Scared of damaging the strap trying to change it so I just stopped.",3.0,중립
S3_NEG_T5_044,S3,디자인 중시형,NEG,T5,사용 편의성,사용 편의성,무선 충전기,패드 위에 올려만 놓으면 된다고 해서 샀는데 충전 위치가 너무 좁아요. 조금만 어긋나면 충전이 안 돼요. 인테리어 포인트로 올려뒀는데 매번 위치 조정하는 게 불편해요.,"Bought it because just setting the phone down should charge it, but the sweet spot is too narrow. Even slight misalignment stops charging. It's sitting there as an interior piece and constantly having to reposition it is annoying.",3.0,중립
S3_NEG_T5_045,S3,디자인 중시형,NEG,T5,사용 편의성,사용 편의성,블루투스 스피커,터치 버튼이 너무 민감해서 지나가다 건드리면 노래가 바뀌어요. 인테리어 소품으로 뒀는데 지나갈 때마다 음악이 바뀌면 오히려 거슬려요.,Touch buttons are too sensitive — songs change whenever I brush past it. Set it out as a decor piece but having the music change every time I walk by is actually more annoying than anything.,3.5,중립
S3_NEG_T5_046,S3,디자인 중시형,NEG,T5,사용 편의성,사용 편의성,기계식 키보드,무선이라 케이블 없이 예쁘게 쓰려 했는데 배터리가 너무 빨리 닳아요. 충전 케이블 꽂아두면 예쁜 셋업이 망가지는데 그렇다고 배터리 방전되면 못 써요.,Wanted to use it cable-free for a clean look but battery drains too fast. Plugging in the charging cable ruins the pretty setup aesthetic but letting it die means I can't use it.,2.5,부정
S3_NEG_T5_047,S3,디자인 중시형,NEG,T5,사용 편의성,사용 편의성,스마트 전구,음성 인식 연동이 된다고 해서 샀는데 한국어 인식률이 너무 낮아요. 분위기 바꾸려고 말했는데 반응이 없어서 결국 앱을 열게 돼요. 편의성 때문에 산 건데 불편해요.,Bought it for the voice control integration but Korean recognition rate is too low. Trying to change the mood with a voice command gets no response so I end up opening the app anyway. Bought it for convenience and it's inconvenient.,2.0,부정
S3_NEG_T5_048,S3,디자인 중시형,NEG,T5,사용 편의성,사용 편의성,태블릿,커버 색상이 다양해서 자주 바꾸려 했는데 장착이 너무 타이트해서 바꿀 때마다 힘이 많이 들어요. 코디하는 재미로 산 건데 교체 자체가 번거로우면 그냥 한 개만 쓰게 돼요.,Bought it for the variety of cover colors to switch up frequently but the fit is so tight it takes real effort every time. Bought it for the styling fun and if swapping is this tedious you just end up sticking with one.,3.5,중립
S3_NEG_T5_049,S3,디자인 중시형,NEG,T5,사용 편의성,사용 편의성,무선 이어폰,케이스에서 꺼내면 자동 연결이 된다고 했는데 매번 수동 연결해야 해요. 예쁜 케이스 열 때마다 연결 안 되면 기분이 상해요. 외관은 예쁜데 편의성이 따라오지 않아요.,Supposed to auto-connect when you open the case but I have to connect manually every time. The mood lift from opening the pretty case disappears immediately when it won't connect. Beautiful to look at but convenience doesn't follow.,2.0,부정
S3_NEG_T5_050,S3,디자인 중시형,NEG,T5,사용 편의성,사용 편의성,노트북,색상이 예뻐서 자주 들고 다니게 될 것 같았는데 무게가 너무 무거워요. 예쁜 노트북 들고 카페 가는 상상을 했는데 실제로는 어깨가 아파서 못 들고 다니게 됐어요.,Thought the beautiful color would make me want to carry it everywhere but it's too heavy. Imagined myself taking this pretty laptop to cafés and in reality my shoulder hurts too much to actually do it.,1.0,부정
S3_NEG2_T1_001,S3,디자인 중시형,NEG,T1,가격/비용,가격/비용,스마트워치,디자인이 예뻐서 프리미엄 가격 납득했는데 6개월 만에 도금이 벗겨지기 시작했어요. 예쁜 외관 유지가 목적이었는데 이렇게 빨리 망가지면 낸 가격이 아까워요.,"Accepted the premium price for the beautiful design, then the plating started peeling at 6 months. Maintaining a pretty appearance was the whole point and it deteriorating this fast makes the price feel wasted.",2.0,부정
S3_NEG2_T1_002,S3,디자인 중시형,NEG,T1,가격/비용,가격/비용,블루투스 스피커,인테리어 소품으로 쓰려고 이 가격 냈는데 패브릭이 3개월 만에 보풀투성이가 됐어요. 방에 예쁘게 두려고 산 건데 이렇게 빨리 흉해지면 가격이 아깝죠.,Paid this price to use it as a room decor piece and the fabric was covered in pills within 3 months. Bought it to display beautifully in the room and it turning ugly this fast makes the price feel wrong.,2.0,부정
S3_NEG2_T1_003,S3,디자인 중시형,NEG,T1,가격/비용,가격/비용,무선 마우스,색상 코디용으로 비교적 비싸게 샀는데 코팅이 한 달 만에 벗겨지기 시작했어요. 셋업 예쁘게 유지하려고 낸 돈인데 금방 흉해지면 의미가 없어요.,Paid relatively more for the color coordination and the coating started peeling within a month. Spent that money to maintain a pretty setup and if it turns ugly quickly there's no point.,2.0,부정
S3_NEG2_T1_004,S3,디자인 중시형,NEG,T1,가격/비용,가격/비용,기계식 키보드,파스텔 색상 때문에 비싸게 샀는데 키캡이 두 달 만에 지워지고 있어요. 색상이 예뻐서 낸 돈인데 색상이 이렇게 빨리 사라지면 뭘 위해 더 준 건지 모르겠어요.,Paid more for the pastel color and the keycaps are already fading at two months. Paid extra specifically for the color and if the color disappears this quickly I don't know what I paid the premium for.,2.0,부정
S3_NEG2_T1_005,S3,디자인 중시형,NEG,T1,가격/비용,가격/비용,보조배터리,색상이랑 슬림 디자인 때문에 골랐는데 이음새가 2개월 만에 갈라지기 시작했어요. 예쁘게 들고 다니려고 선택한 건데 외관이 금방 망가지면 이 가격이 아까워요.,Chose it for the color and slim design then the seams started cracking at 2 months. Selected it specifically to carry something pretty and the appearance breaking down quickly makes this price feel wrong.,2.5,부정
S3_NEG2_T1_006,S3,디자인 중시형,NEG,T1,가격/비용,가격/비용,노트북 거치대,맥북이랑 색 맞추려고 비싼 거 골랐는데 실물 색감이 달라요. 색상 코디 목적으로 프리미엄 낸 건데 색이 맞지 않으면 가격 근거가 없어져요.,Paid more to match my MacBook color and the actual color tone is different. Paid the premium specifically for color coordination and if the colors don't match the price has no justification.,2.5,부정
S3_NEG2_T1_007,S3,디자인 중시형,NEG,T1,가격/비용,가격/비용,스마트 전구,인테리어 효과 기대하고 4개 세트 샀는데 6개월 만에 2개 고장났어요. 공간 꾸미려고 낸 돈인데 절반이 이렇게 빨리 나가면 인테리어 비용 대비 효과가 없어요.,Bought a 4-pack expecting an interior effect and 2 failed within 6 months. Spent money to decorate the space and half failing this quickly means no value for the interior investment.,2.5,부정
S3_NEG2_T1_008,S3,디자인 중시형,NEG,T1,가격/비용,가격/비용,무선 이어폰,케이스 색상이 너무 예뻐서 가격 보고도 샀는데 시간이 지나면서 황변이 시작됐어요. 이 색상 유지하려고 낸 돈인데 색상이 변하면 무엇을 위해 비싸게 산 건지 모르겠어요.,"The case color was so beautiful I bought it even after seeing the price, then yellowing started over time. Paid to keep this color and if the color changes I no longer know what I spent the premium for.",2.5,부정
S3_NEG2_T1_009,S3,디자인 중시형,NEG,T1,가격/비용,가격/비용,태블릿,색상 때문에 비교적 비싼 모델 골랐는데 뒷면이 지문이 너무 심하게 묻어요. 예쁘게 들고 다니려고 골랐는데 항상 지문 가득이면 들고 나가기가 꺼려져요.,Chose the more expensive model for the color and the back surface shows fingerprints terribly. Chose it specifically to carry something pretty but always being covered in fingerprints makes me reluctant to take it out.,3.0,중립
S3_NEG2_T1_010,S3,디자인 중시형,NEG,T1,가격/비용,가격/비용,USB 허브,인테리어용으로 디자인 예쁜 허브 찾다 비싸게 주고 샀는데 로고가 너무 커서 셋업 미관을 오히려 해쳐요. 깔끔한 셋업 위해 낸 돈인데 역효과예요.,Paid more searching for a pretty-design hub for the interior aesthetic and the logo is so large it actually harms the setup's appearance. Paid for a clean setup and it's having the opposite effect.,3.0,중립
S3_NEG2_T1_011,S3,디자인 중시형,NEG,T1,가격/비용,가격/비용,웹캠,귀여운 색상 때문에 선택했는데 재택 셋업 통일감에 어울리지 않아요. 색상 코디 목적으로 산 건데 실물이 셋업과 안 어울리면 가격 낼 이유가 없었던 거예요.,Selected for the cute color and it doesn't fit the unified home setup aesthetic. Bought for color coordination and if the real thing doesn't match the setup there was no reason to pay for it.,3.0,중립
S3_NEG2_T1_012,S3,디자인 중시형,NEG,T1,가격/비용,가격/비용,스마트워치,스트랩 색상 때문에 이 모델 골랐는데 스트랩 교체 시 걸쇠가 부서졌어요. 매일 코디 바꾸려고 프리미엄 낸 건데 구조가 이렇게 약하면 목적을 달성할 수 없어요.,Chose this model for the strap colors and the clasp broke during a strap swap. Paid premium specifically to change the coordination daily and if the mechanism is this fragile the whole purpose is defeated.,1.5,부정
S3_NEG2_T1_013,S3,디자인 중시형,NEG,T1,가격/비용,가격/비용,이어폰 케이스,예쁜 케이스 찾다가 샀는데 두 달 만에 경첩이 부러졌어요. 이어폰 예쁘게 보관하려고 낸 돈인데 케이스가 먼저 망가지면 가격이 아까워요.,Found this after searching for a pretty case and the hinge broke within two months. Paid to store my earphones in something beautiful and if the case breaks first the price is wasted.,1.5,부정
S3_NEG2_T1_014,S3,디자인 중시형,NEG,T1,가격/비용,가격/비용,블루투스 스피커,인테리어 소품으로 사용하려고 이 가격 냈는데 처음부터 색상 얼룩이 있었어요. 외관 때문에 낸 돈인데 처음부터 외관 불량이면 환불 말고 답이 없어요.,Paid this price to use it as a decor piece and there was a color blemish from the start. Paid for the appearance and if there's a cosmetic defect from day one there's no answer except a refund.,1.0,부정
S3_NEG2_T1_015,S3,디자인 중시형,NEG,T1,가격/비용,가격/비용,기계식 키보드,한정 색상이라 비싼 가격에도 샀는데 받고 보니 키캡 색상 불균일이 심해요. 이 색상 때문에 웃돈 낸 건데 색상이 균일하지 않으면 한정 색상 산 의미가 없어요.,Bought at a high price because it was a limited color and arrived with severe keycap color inconsistency. Paid a premium specifically for this color and if the color isn't uniform buying the limited edition has no meaning.,1.0,부정
S3_NEG2_T2_016,S3,디자인 중시형,NEG,T2,성능/스펙,성능/스펙,무선 이어폰,디자인 때문에 샀는데 음질이 너무 나빠요. 결국 예쁜 이어폰을 끼고 좋은 소리를 들을 수 없으니 매일 쓰게 되지 않아요.,Bought it for the design but the sound quality is too poor. In the end I can't wear beautiful earbuds and hear good sound so I don't end up using them daily.,2.5,부정
S3_NEG2_T2_017,S3,디자인 중시형,NEG,T2,성능/스펙,성능/스펙,스마트워치,액세서리처럼 매일 차고 다니고 싶었는데 배터리가 하루를 못 버텨요. 예쁜 시계 매일 차려면 충전이 되어 있어야 하는데 매일 충전하다 보면 결국 안 차게 돼요.,Wanted to wear it as an accessory every day but the battery doesn't last a full day. A pretty watch needs to be charged to wear daily and when you have to charge every day you end up not wearing it at all.,2.5,부정
S3_NEG2_T2_018,S3,디자인 중시형,NEG,T2,성능/스펙,성능/스펙,블루투스 스피커,방 인테리어용으로 올려뒀는데 최대 볼륨에서 음이 찢어져요. 예쁜 소품으로 두고 싶은데 소리가 너무 나쁘면 음악 틀 때마다 실망하게 돼요.,Set it out as a room decor piece and audio distorts at max volume. Want to keep it as a pretty accent but if the sound is this bad every time I play music it leads to disappointment.,3.0,중립
S3_NEG2_T2_019,S3,디자인 중시형,NEG,T2,성능/스펙,성능/스펙,웹캠,색상이 귀여워서 재택 셋업에 맞췄는데 저조도 화질이 너무 나빠요. 예쁜 웹캠으로 화상통화하고 싶었는데 화질이 이러면 오히려 보여주기 민망해요.,Matched it to the home setup for its cute color and the low-light image quality is really poor. Wanted to take video calls on a pretty webcam but if image quality is like this it becomes embarrassing to be seen.,2.5,부정
S3_NEG2_T2_020,S3,디자인 중시형,NEG,T2,성능/스펙,성능/스펙,무선 충전기,인테리어 포인트로 침대 옆에 뒀는데 충전이 자주 끊겨요. 예쁘게 올려두고 싶은데 충전이 안 되면 그냥 인테리어 소품이 되어버려요.,Put it by the bed as an interior accent and charging keeps disconnecting. Want to display it beautifully but if it can't charge reliably it just becomes an actual decor piece — non-functional.,2.5,부정
S3_NEG2_T2_021,S3,디자인 중시형,NEG,T2,성능/스펙,성능/스펙,스마트 전구,조명 색감으로 분위기 잡으려고 샀는데 앱이 자꾸 튕겨서 원하는 색온도로 못 맞춰요. 인테리어 도구로 쓰려는데 조작이 안 되면 조명이 아니라 그냥 전구예요.,Bought to set the mood with light color and the app keeps crashing so I can't get to the color temperature I want. Trying to use it as an interior tool and if I can't control it it's just a regular bulb.,3.0,중립
S3_NEG2_T2_022,S3,디자인 중시형,NEG,T2,성능/스펙,성능/스펙,기계식 키보드,파스텔 키캡이 예뻐서 샀는데 무선 연결이 불안정해요. 예쁜 키보드 케이블 없이 쓰고 싶어서 선택한 건데 자꾸 끊기면 결국 케이블 꽂게 돼요.,Bought for the pretty pastel keycaps and wireless connection is unstable. Chose it specifically to use the beautiful keyboard without cables and constant disconnects mean I end up plugging in anyway.,3.0,중립
S3_NEG2_T2_023,S3,디자인 중시형,NEG,T2,성능/스펙,성능/스펙,태블릿,색상이 예뻐서 자주 들고 다니게 될 것 같았는데 무거워요. 예쁜 태블릿 카페에서 꺼내 쓰고 싶은데 무거우면 결국 집에 두게 돼요.,"The color is so pretty I thought I'd carry it everywhere, but it's heavy. Wanted to take out the beautiful tablet at cafés but if it's this heavy it ends up staying home.",3.0,중립
S3_NEG2_T2_024,S3,디자인 중시형,NEG,T2,성능/스펙,성능/스펙,보조배터리,예쁘고 슬림해서 자주 들고 다니려 했는데 충전 속도가 너무 느려요. 예쁜 보조배터리를 들고 나갔다가 급할 때 충전이 안 되면 들고 다니는 의미가 없어요.,Planned to carry it often for its pretty slim design but charging speed is too slow. If I take out my pretty power bank and it can't charge fast enough in an emergency there's no point carrying it.,2.5,부정
S3_NEG2_T2_025,S3,디자인 중시형,NEG,T2,성능/스펙,성능/스펙,노트북,색상 때문에 고른 노트북인데 발열이 심해서 허벅지에 올리고 쓸 수가 없어요. 예쁜 노트북 들고 카페 가려고 샀는데 뜨거워서 무릎 위에서 못 쓰면 결국 책상에서만 써요.,Chose the laptop for its color and it runs too hot to use on my lap. Bought it to take the pretty laptop to cafés and if it's too hot to use on my knees it ends up only usable at a desk.,1.5,부정
S3_NEG2_T2_026,S3,디자인 중시형,NEG,T2,성능/스펙,성능/스펙,외장 SSD,인테리어 소품으로 책상에 두려고 디자인 예쁜 걸 골랐는데 고속 전송 중에 너무 뜨거워져요. 책상 소품으로 두기엔 발열이 신경 쓰이고 안전 문제도 생각해야 해요.,Chose the pretty design to display it on the desk as a decor piece and it gets extremely hot during high-speed transfers. As a desktop accent piece the heat is concerning and raises safety considerations.,1.5,부정
S3_NEG2_T2_027,S3,디자인 중시형,NEG,T2,성능/스펙,성능/스펙,무선 이어폰,예쁜 케이스가 좋아서 매일 쓰고 싶었는데 한쪽 음량이 줄어드는 증상이 생겼어요. 예쁜 이어폰 매일 끼고 싶은데 소리 이상이 있으면 결국 못 써요.,Loved the pretty case and wanted to use them every day but one side developed a volume reduction issue. Want to wear my beautiful earphones daily and if there's a sound problem I ultimately can't.,1.0,부정
S3_NEG2_T2_028,S3,디자인 중시형,NEG,T2,성능/스펙,성능/스펙,스마트 전구,조명으로 방 분위기 만들려고 샀는데 펌웨어 업데이트 후 두 개가 반응을 안 해요. 인테리어 포인트였던 조명이 꺼져버리니까 공간 연출이 완전히 깨져요.,Bought to create a room atmosphere with lighting and two units stopped responding after a firmware update. The lighting that was the interior focal point has gone out and the whole space composition is ruined.,1.0,부정
S3_NEG2_T3_029,S3,디자인 중시형,NEG,T3,디자인/외관,디자인/외관,무선 이어폰,사진에서 파스텔 핑크였는데 실물은 형광에 가까워요. 이 색상 때문에 고른 건데 색감이 완전히 다르면 처음부터 선택하지 않았을 거예요.,Pastel pink in the photos but the real thing is close to fluorescent. Chose it specifically for this color and if the color tone is completely different I wouldn't have chosen it to begin with.,2.5,부정
S3_NEG2_T3_030,S3,디자인 중시형,NEG,T3,디자인/외관,디자인/외관,스마트워치,사진에서 매트한 느낌이었는데 실물은 광택이 강해요. 매트 질감이 마음에 들어서 고른 건데 다른 소재감이 오면 원하는 룩이 아니에요.,Looked matte in photos but the real thing has a strong gloss. Chose it because I liked the matte texture and if a different material feel arrives it's not the look I wanted.,2.5,부정
S3_NEG2_T3_031,S3,디자인 중시형,NEG,T3,디자인/외관,디자인/외관,기계식 키보드,RGB 조명이 예쁜 사진 보고 샀는데 실제 색상이 흐리고 어두워요. 조명 때문에 셋업 분위기 만들려고 산 건데 실물 조명이 이러면 기대했던 분위기가 안 나와요.,Bought after seeing photos of beautiful RGB lighting and the actual colors are washed out and dim. Bought it to create a desk atmosphere with the lighting and if the real lighting is like this the expected mood doesn't come together.,2.5,부정
S3_NEG2_T3_032,S3,디자인 중시형,NEG,T3,디자인/외관,디자인/외관,블루투스 스피커,색상이 방 인테리어랑 잘 어울릴 것 같았는데 실물 색이 사진보다 훨씬 진해요. 이 색상이었으면 구매 안 했을 거예요. 색상 표현이 실물과 너무 달라요.,Thought the color would match the room interior well and the real color is much deeper than in photos. I wouldn't have bought it in this color. The color representation is too far from reality.,3.0,중립
S3_NEG2_T3_033,S3,디자인 중시형,NEG,T3,디자인/외관,디자인/외관,보조배터리,사진에서 밝은 민트였는데 실물은 어두운 녹색에 가까워요. 폰 케이스랑 색 맞추려고 골랐는데 색상이 이렇게 다르면 코디가 안 돼요.,Bright mint in photos but close to dark green in person. Chose it to match my phone case color and if the color is this different the coordination doesn't work.,3.0,중립
S3_NEG2_T3_034,S3,디자인 중시형,NEG,T3,디자인/외관,디자인/외관,노트북,특이한 색상이라 시선 받을 것 같아서 골랐는데 실물은 조명에 따라 칙칙해 보여요. 카페에서 꺼냈을 때 예뻐 보이길 기대했는데 형광등 아래에선 원하는 색이 안 나와요.,Chose it for the unique color expecting to turn heads and in person it looks dull under certain lighting. Expected it to look beautiful taken out at a café and under fluorescent lighting the color I wanted doesn't appear.,3.0,중립
S3_NEG2_T3_035,S3,디자인 중시형,NEG,T3,디자인/외관,디자인/외관,무선 마우스,화이트 색상이 셋업을 밝게 해줄 것 같아서 골랐는데 손때가 너무 잘 타요. 깔끔한 셋업 유지하려고 골랐는데 항상 손때 묻어있으면 오히려 더 지저분해 보여요.,Chose the white color thinking it would brighten the setup and it picks up grime so easily. Chose it to maintain a clean setup and if it's always dirty-looking it actually makes everything look messier.,3.0,중립
S3_NEG2_T3_036,S3,디자인 중시형,NEG,T3,디자인/외관,디자인/외관,스마트 전구,꺼져있을 때도 예뻐 보이는 전구 찾았는데 꺼지면 그냥 평범한 전구예요. 조명 꺼져도 인테리어 소품처럼 보이길 기대했는데 그냥 일반 전구랑 차이가 없어요.,Was looking for a bulb that looks pretty even when off and it just looks like a regular bulb when unlit. Expected it to look like a decor piece even with the light off and there's no difference from a regular bulb.,2.5,부정
S3_NEG2_T3_037,S3,디자인 중시형,NEG,T3,디자인/외관,디자인/외관,태블릿,뒷면 색상이 예쁜 태블릿인데 커버 끼우면 색상이 다 가려져요. 색상 때문에 고른 건데 보호를 위해 커버를 끼워야 하면 결국 색상을 못 보고 써요.,Beautiful back color on this tablet and putting a cover on hides it completely. Chose it for the color and if you need a cover for protection you end up using it without ever seeing the color.,2.0,부정
S3_NEG2_T3_038,S3,디자인 중시형,NEG,T3,디자인/외관,디자인/외관,이어폰 케이스,투명 케이스가 6개월도 안 돼서 누렇게 변했어요. 이어폰 색상이 잘 보이게 투명으로 골랐는데 노랗게 변하면 오히려 더 지저분해 보여요.,Transparent case yellowed in under 6 months. Chose transparent specifically to show the earphone color and when it turns yellow it actually looks dirtier than before.,2.0,부정
S3_NEG2_T3_039,S3,디자인 중시형,NEG,T3,디자인/외관,디자인/외관,USB 허브,깔끔한 디자인이라 셋업에 올렸는데 LED가 너무 밝고 파란색이라 셋업 분위기를 오히려 망쳐요. 끄는 방법이 없어서 야간 작업 때 계속 신경 쓰여요.,Clean design so I put it in the setup and the LED is so bright and blue it actually ruins the setup atmosphere. No way to turn it off so it's a constant distraction during late-night work.,1.5,부정
S3_NEG2_T3_040,S3,디자인 중시형,NEG,T3,디자인/외관,디자인/외관,무선 충전기,미니멀 디자인으로 인테리어 포인트 주려고 침대 옆에 뒀는데 야간에 LED가 너무 밝아요. 분위기 망치지 않으려고 고른 건데 파란 불빛이 밤새 켜져 있으면 오히려 해가 돼요.,Put it by the bed for the minimal design as an interior accent and the LED is blindingly bright at night. Chose it specifically not to disrupt the atmosphere and the blue light staying on all night is actually harmful.,1.5,부정
S3_NEG2_T3_041,S3,디자인 중시형,NEG,T3,디자인/외관,디자인/외관,외장 SSD,인테리어 소품처럼 책상에 두려고 골랐는데 생각보다 크기가 커요. 소품처럼 두기엔 너무 눈에 띄어서 결국 서랍에 넣어뒀어요. 소품이 되려면 크기가 중요한데 실망이에요.,Chose it to display on the desk like a decor piece and it's bigger than expected. Too visually prominent to serve as an accent piece so it ended up going in the drawer. Size matters to work as a decor piece and this is disappointing.,1.0,부정
S3_NEG2_T3_042,S3,디자인 중시형,NEG,T3,디자인/외관,디자인/외관,블루투스 스피커,방 인테리어 사진 찍을 때 소품으로 올려두려고 샀는데 로고가 너무 크고 눈에 거슬려요. 배경 소품 역할을 해야 하는데 로고가 계속 시선을 끌어서 사진에서 항상 도드라져요.,Bought to use as a prop in room interior photos and the logo is huge and distracting. Needs to play a background role and the logo keeps drawing the eye so it always stands out in photos.,1.0,부정
S3_NEG2_T4_043,S3,디자인 중시형,NEG,T4,배송/서비스,배송/서비스,무선 이어폰,색상 다르다고 교환 요청했는데 '정상 색상 범위'라고 반려됐어요. 색상 때문에 고른 제품인데 색상 차이가 정상이라는 건 받아들이기 어려워요.,Requested exchange for color mismatch and it was rejected as 'within normal color range.' Chose the product specifically for its color and being told a color difference is normal is hard to accept.,2.5,부정
S3_NEG2_T4_044,S3,디자인 중시형,NEG,T4,배송/서비스,배송/서비스,스마트워치,특정 스트랩 색상 주문했는데 다른 색상이 왔어요. 이 색상 때문에 이 모델 고른 건데 색상이 틀리면 반품하고 다른 걸 살 수밖에 없어요.,Ordered a specific strap color and a different one arrived. Chose this model specifically for this color and if the color is wrong the only option is to return it and buy something else.,2.5,부정
S3_NEG2_T4_045,S3,디자인 중시형,NEG,T4,배송/서비스,배송/서비스,기계식 키보드,한정 색상 주문했는데 배송 중 눌려서 키캡에 스크래치가 생겼어요. 색상이랑 마감 때문에 산 건데 스크래치 있는 제품을 받으면 그 목적이 처음부터 무너지는 거예요.,Ordered a limited color and the box was compressed in transit leaving scratches on the keycaps. Bought it for the color and finish and receiving a scratched product means the purpose collapses from the start.,2.5,부정
S3_NEG2_T4_046,S3,디자인 중시형,NEG,T4,배송/서비스,배송/서비스,블루투스 스피커,색상 다르다고 교환 신청했는데 2주째 처리가 안 돼요. 방 인테리어 색감 맞추려고 산 건데 교환이 안 되는 동안 어울리지 않는 제품을 방에 두는 게 계속 신경 쓰여요.,Filed for a color mismatch exchange two weeks ago and it still hasn't been processed. Bought it to match the room interior color and while exchange is pending I keep being bothered by the mismatched product sitting in my room.,2.5,부정
S3_NEG2_T4_047,S3,디자인 중시형,NEG,T4,배송/서비스,배송/서비스,태블릿,한정 색상이라 빨리 주문했는데 뒷면에 눌린 자국이 있어요. 외관 때문에 고른 건데 처음부터 외관에 손상이 있으면 무엇을 위해 한정 색상을 기다린 건지 모르겠어요.,Ordered quickly for the limited color and there's a dent on the back. Chose it for the appearance and if there's cosmetic damage from the start I don't know what I waited for the limited color for.,2.0,부정
S3_NEG2_T4_048,S3,디자인 중시형,NEG,T4,배송/서비스,배송/서비스,노트북,특이한 색상이라 빨리 주문했는데 배송 박스가 완전히 찌그러져 왔어요. 색상이랑 외관 때문에 고른 노트북인데 외관 손상 걱정하며 개봉해야 하는 경험은 최악이에요.,Ordered quickly for the unique color and the shipping box arrived completely crushed. Chose this laptop for the color and appearance and having to open it worrying about cosmetic damage is the worst experience.,2.0,부정
S3_NEG2_T4_049,S3,디자인 중시형,NEG,T4,배송/서비스,배송/서비스,보조배터리,색상 불량으로 교환 신청했는데 교환품도 같은 불량이에요. 예쁜 색상 제품 받으려고 두 번 주문한 건데 두 번 연속 색상 불량이면 품질 관리를 믿을 수 없어요.,Filed exchange for color defect and the replacement has the same defect. Ordered twice to receive a product in a beautiful color and two consecutive color defects means quality control can't be trusted.,1.5,부정
S3_NEG2_T4_050,S3,디자인 중시형,NEG,T4,배송/서비스,배송/서비스,무선 마우스,셋업 색상 통일하려고 여러 개 같이 주문했는데 제품마다 색상이 미묘하게 달라요. 색상 통일이 목적이었는데 배치마다 색차가 있으면 통일감이 없어져요.,Ordered multiple together to unify the setup color and each product's color is subtly different. The whole point was color unification and if there's color variation between batches the unified look is gone.,1.5,부정
S3_NEG2_T4_051,S3,디자인 중시형,NEG,T4,배송/서비스,배송/서비스,스마트워치,색상 교환 요청했더니 '개봉 후 반품 불가' 정책이 적용됐어요. 개봉 전에 색상이 맞는지 어떻게 확인해요. 외관 중심 구매에서 이 정책은 소비자한테 불합리해요.,Requested a color exchange and the 'no returns after opening' policy was applied. How are you supposed to verify the color before opening? This policy is unreasonable for consumers doing appearance-focused purchases.,1.0,부정
S3_NEG2_T4_052,S3,디자인 중시형,NEG,T4,배송/서비스,배송/서비스,이어폰 케이스,선물용으로 예쁜 색상 주문했는데 박스가 찌그러진 상태로 왔어요. 색상이랑 외관 때문에 선물용으로 고른 건데 이 상태로 선물할 수 없어요. 포장부터 다시 해야 했어요.,Ordered a pretty color as a gift and the box arrived crushed. Chose it as a gift specifically for the color and appearance and it can't be given as a gift in this condition. Had to repackage everything from scratch.,1.0,부정
S3_NEG2_T4_053,S3,디자인 중시형,NEG,T4,배송/서비스,배송/서비스,스마트 전구,묶음으로 샀는데 제품마다 색온도가 달라요. 같은 공간 조명 통일하려고 세트로 산 건데 색이 제각각이면 인테리어 효과가 없어요. 균일 품질 보장이 안 되는 판매처예요.,Bought as a bundle set and each unit has a different color temperature. Bought as a set to unify the lighting in one space and if colors are all different there's no interior effect. A seller that can't guarantee uniform quality.,1.5,부정
S3_NEG2_T4_054,S3,디자인 중시형,NEG,T4,배송/서비스,배송/서비스,기계식 키보드,한정 색상 교환 요청했더니 재고가 없어서 다른 색상으로만 교환 가능하다고 했어요. 이 색상 때문에 산 건데 다른 색상은 교환이 아니에요. 환불 처리를 원했지만 그것도 어렵다고 했어요.,Requested exchange for the limited color and was told no stock — only a different color available. Bought it specifically for this color and a different color isn't an exchange. Wanted a refund and was told that was difficult too.,1.0,부정
S3_NEG2_T5_055,S3,디자인 중시형,NEG,T5,사용 편의성,사용 편의성,스마트 전구,색온도 조절 앱이 자꾸 튕겨요. 분위기 바꾸고 싶을 때마다 앱 재실행해야 하면 인테리어 도구로 쓰기엔 너무 불편해요.,Color temperature adjustment app keeps crashing. Having to relaunch the app every time I want to change the mood makes it too inconvenient to use as an interior tool.,2.5,부정
S3_NEG2_T5_056,S3,디자인 중시형,NEG,T5,사용 편의성,사용 편의성,스마트워치,스트랩 교체가 공구 없이 된다고 했는데 실제로 엄청 뻑뻑해요. 매일 코디 바꾸려고 산 건데 교체할 때마다 힘이 많이 들어서 자주 바꾸기 어려워요.,Supposed to be tool-free strap swap but it's really stiff in practice. Bought it specifically to change the coordination daily and it takes so much effort each swap that frequent changes aren't practical.,3.0,중립
S3_NEG2_T5_057,S3,디자인 중시형,NEG,T5,사용 편의성,사용 편의성,무선 충전기,올려놓기만 하면 충전된다고 했는데 충전 위치가 너무 좁아요. 아침에 급하게 올려놓으면 제대로 안 충전되어 있어요. 인테리어 포인트로 두기 좋은데 기능은 불편해요.,Said to charge just by placing it down but the charging spot is too narrow. Placing it in a rush in the morning often results in no charge. Great as an interior accent but the function is inconvenient.,3.0,중립
S3_NEG2_T5_058,S3,디자인 중시형,NEG,T5,사용 편의성,사용 편의성,기계식 키보드,예쁜 무선 키보드 케이블 없이 쓰려고 샀는데 배터리가 너무 빨리 닳아요. 충전 케이블 꽂으면 예쁜 셋업이 망가지는데 방전되면 못 써요. 딜레마예요.,Bought this pretty wireless keyboard specifically to use without cables and the battery drains too fast. Plugging in a charging cable ruins the pretty setup but a dead battery means I can't use it. A real dilemma.,2.5,부정
S3_NEG2_T5_059,S3,디자인 중시형,NEG,T5,사용 편의성,사용 편의성,블루투스 스피커,인테리어 소품으로 올려뒀는데 터치 버튼이 민감해서 지나가다 건드리면 노래가 바뀌어요. 소품처럼 뒀을 때 우발적 조작이 계속 일어나면 거슬려요.,Set it out as a decor piece and touch buttons are so sensitive that brushing past changes the song. When displayed as an accent piece unintentional activation constantly happening is irritating.,2.5,부정
S3_NEG2_T5_060,S3,디자인 중시형,NEG,T5,사용 편의성,사용 편의성,태블릿,색상별 커버가 다양해서 자주 바꾸려 했는데 장착이 너무 타이트해서 바꿀 때마다 힘들어요. 코디하는 재미로 산 건데 교체 자체가 번거로우면 한 가지만 쓰게 돼요.,Planned to swap the varied color covers often but the fit is so tight every swap is a struggle. Bought it for the styling fun and if swapping is this tedious you just end up sticking with one.,3.0,중립
S3_NEG2_T5_061,S3,디자인 중시형,NEG,T5,사용 편의성,사용 편의성,무선 이어폰,예쁜 케이스 열면 자동 연결된다고 했는데 매번 수동으로 연결해야 해요. 예쁜 케이스 열 때마다 바로 연결되는 경험을 기대했는데 계속 실망해요.,Supposed to auto-connect when opening the pretty case but I have to connect manually every time. Expected the experience of instant connection every time I open the beautiful case and keep being disappointed.,2.0,부정
S3_NEG2_T5_062,S3,디자인 중시형,NEG,T5,사용 편의성,사용 편의성,노트북,예쁜 노트북 자주 들고 나가려 했는데 충전 포트 위치가 화면 열었을 때 케이블이 눈에 잘 띄는 쪽이에요. 카페에서 쓸 때 케이블이 셋업을 지저분하게 만들어요.,Planned to take the pretty laptop out often and the charging port is positioned so the cable is prominently visible when the screen is open. Using it at a café the cable makes the setup look messy.,2.0,부정
S3_NEG2_T5_063,S3,디자인 중시형,NEG,T5,사용 편의성,사용 편의성,무선 마우스,"수신기가 너무 작아서 분실했어요. 예쁜 마우스 자주 들고 다니다 생긴 일인데, 수신기 따로 구매하는 방법이 없어서 마우스 전체를 다시 사야 해요.","The receiver is so small I lost it. Happened from carrying the pretty mouse around often, and there's no way to purchase the receiver separately so I have to buy the entire mouse again.",1.5,부정
S3_NEG2_T5_064,S3,디자인 중시형,NEG,T5,사용 편의성,사용 편의성,USB 허브,케이블 정리 잘 되는 허브 찾다가 샀는데 케이블이 앞으로 나와요. 셋업 깔끔하게 유지하려고 고른 건데 케이블이 앞으로 나오면 원하는 깔끔함이 안 나와요.,Was looking for a hub with good cable management and the cables come out the front. Chose it specifically to maintain a clean setup and if cables come forward the clean look I wanted doesn't happen.,1.5,부정
S3_NEG2_T5_065,S3,디자인 중시형,NEG,T5,사용 편의성,사용 편의성,스마트 전구,음성 인식 연동으로 분위기 바꾸려 했는데 한국어 인식률이 너무 낮아요. 분위기 바꾸고 싶을 때 직접 앱 열어야 하면 인테리어 도구로서 편의성이 없어요.,Tried to use voice control integration to change the mood and Korean recognition rate is too low. Having to open the app manually every time I want to change the atmosphere means no convenience as an interior tool.,1.0,부정
S3_NEG3_T1_001,S3,디자인 중시형,NEG,T1,가격/비용,가격/비용,무선 충전기,미니멀 디자인에 프리미엄 가격 납득했는데 충전 속도가 너무 느려요. 예쁜 충전기를 인테리어 포인트로 두려고 비싸게 샀는데 느린 충전이 계속 걸려요.,Accepted the premium price for the minimal design and charging speed is too slow. Paid extra to have a beautiful charger as an interior accent and the slow charging keeps bothering me.,2.5,부정
S3_NEG3_T1_002,S3,디자인 중시형,NEG,T1,가격/비용,가격/비용,외장 SSD,디자인이 예뻐서 비싸게 샀는데 전송 속도가 일반 제품이랑 차이가 없어요. 디자인 프리미엄 낸 건 맞는데 속도 성능은 그냥 평범한 수준이에요.,Paid more for the beautiful design and transfer speeds are no different from ordinary products. Paid a design premium and that's fine but the speed performance is just average.,3.0,중립
S3_NEG3_T1_003,S3,디자인 중시형,NEG,T1,가격/비용,가격/비용,무선 이어폰,케이스 색상이 너무 예뻐서 충동구매했는데 같은 색상이 다른 브랜드에서 훨씬 저렴하게 나오더라고요. 색상에 홀려서 가격 비교를 못 했어요.,Impulse bought because the case color was so beautiful and then found the same color from another brand for much cheaper. Got so drawn in by the color that I skipped the price comparison.,3.0,중립
S3_NEG3_T1_004,S3,디자인 중시형,NEG,T1,가격/비용,가격/비용,스마트워치,액세서리처럼 차고 싶어서 디자인 예쁜 걸 골랐는데 스트랩 교체 비용이 너무 비싸요. 다양한 색상으로 코디하고 싶었는데 스트랩 하나에 이 가격이면 부담스러워요.,Chose the pretty design to wear it like an accessory and replacement straps are too expensive. Wanted to coordinate different colors but this price per strap is too much of a burden.,3.0,중립
S3_NEG3_T1_005,S3,디자인 중시형,NEG,T1,가격/비용,가격/비용,노트북 거치대,색상 맞추려고 비싼 거 골랐는데 높이 조절 메커니즘이 시간이 지나면서 풀려요. 셋업 완성도 높이려고 프리미엄 낸 건데 기구 내구성이 이러면 가격 값을 못 해요.,Paid more to match the color and the height adjustment mechanism loosens over time. Paid a premium to raise the setup quality and if the mechanical durability is like this it doesn't justify the price.,2.5,부정
S3_NEG3_T1_006,S3,디자인 중시형,NEG,T1,가격/비용,가격/비용,블루투스 스피커,인테리어 소품 느낌 나는 디자인 때문에 비싸게 샀는데 1년 후에 브랜드가 단종됐어요. 디자인 프리미엄 낸 제품이 단종되면 스트랩이나 부품 구하기도 어려워요.,Paid a premium for the decor-like design and the brand discontinued it after a year. When a product you paid a design premium for gets discontinued even finding accessories or parts becomes difficult.,2.5,부정
S3_NEG3_T1_007,S3,디자인 중시형,NEG,T1,가격/비용,가격/비용,태블릿,한정 색상이라 웃돈 주고 샀는데 반년 후에 일반 색상으로 재출시됐어요. 한정판 프리미엄 낸 건데 일반판으로 나오면 그 돈이 아까워지죠.,Paid a premium for the limited color and it was re-released as a standard color six months later. Paid the limited edition premium and when it becomes regular the extra money feels wasted.,3.0,중립
S3_NEG3_T1_008,S3,디자인 중시형,NEG,T1,가격/비용,가격/비용,무선 마우스,셋업 색상 맞추려고 특정 색상 마우스를 비싸게 주고 샀는데 한 달 후에 세일이 됐어요. 색상 맞추려다 보니 가격 비교 여유가 없었는데 세일 확인하고 허탈했어요.,Paid a premium for a specific color to match the setup and it went on sale a month later. The pressure to match the color left no room for patience on pricing and seeing the sale was deflating.,3.0,중립
S3_NEG3_T1_009,S3,디자인 중시형,NEG,T1,가격/비용,가격/비용,기계식 키보드,한정 색상 키보드 초회 출시가에 구매했는데 두 달 후 재입고 가격이 30% 저렴해요. 한정 색상이라 서둘렀는데 기다렸으면 훨씬 저렴하게 살 수 있었어요.,Bought the limited color keyboard at launch price and restock came two months later at 30% less. Rushed because of the limited color and waiting would have saved a lot more.,2.5,부정
S3_NEG3_T1_010,S3,디자인 중시형,NEG,T1,가격/비용,가격/비용,이어폰 케이스,정품 케이스 대신 예쁜 서드파티 찾다 이 가격에 샀는데 한 달 만에 힌지가 망가졌어요. 예쁜 케이스 원해서 더 주고 샀는데 수명이 이러면 낸 돈이 아까워요.,Found this pretty third-party case as an alternative to the official one at this price and the hinge broke within a month. Paid more for a pretty case and if the lifespan is this short the money is wasted.,2.0,부정
S3_NEG3_T1_011,S3,디자인 중시형,NEG,T1,가격/비용,가격/비용,스마트 전구,인테리어 효과 위해 고급 브랜드 전구 샀는데 일반 전구보다 훨씬 빨리 밝기가 줄어요. 분위기 연출하려고 비싸게 낸 건데 성능 유지가 안 되면 가격 근거가 없어요.,Bought a premium brand bulb for the interior effect and brightness fades much faster than regular bulbs. Paid more to create atmosphere and if performance doesn't hold up the price has no basis.,2.0,부정
S3_NEG3_T1_012,S3,디자인 중시형,NEG,T1,가격/비용,가격/비용,웹캠,셋업 분위기에 맞는 색상 웹캠 찾다 프리미엄 냈는데 드라이버 문제로 반만 작동해요. 예쁜 셋업 만들려고 웃돈 낸 건데 기능이 반이면 가격 가치가 없어요.,Paid a premium searching for a webcam color that fits the setup atmosphere and driver issues mean it only half-functions. Paid extra to create a beautiful setup and if functionality is at 50% the price has no value.,1.5,부정
S3_NEG3_T1_013,S3,디자인 중시형,NEG,T1,가격/비용,가격/비용,보조배터리,색상이랑 디자인 때문에 비교적 비싼 제품 선택했는데 석 달 만에 외관에 갈라짐이 생겼어요. 예쁘게 들고 다니려고 비싸게 산 건데 이렇게 빨리 외관이 나빠지면 가격이 억울해요.,Chose the more expensive product for the color and design and the exterior started cracking at three months. Paid more to carry something beautiful and if the appearance deteriorates this quickly the price feels like a loss.,1.5,부정
S3_NEG3_T2_014,S3,디자인 중시형,NEG,T2,성능/스펙,성능/스펙,블루투스 스피커,인테리어 소품으로 두고 싶어서 골랐는데 소리가 작아요. 음악 틀어도 방 전체에 잘 안 들려서 소품으로 두면서 소리까지 만족하길 기대했는데 아쉬워요.,Chose it wanting to display it as a decor piece and the sound is weak. Music doesn't carry well across the whole room so hoping to be satisfied with both the display and the sound fell short.,3.0,중립
S3_NEG3_T2_015,S3,디자인 중시형,NEG,T2,성능/스펙,성능/스펙,무선 충전기,예쁜 패드 디자인 보고 샀는데 폰 기종에 따라 충전이 안 되는 경우가 있어요. 인테리어 포인트로 두려고 고른 건데 기능이 안 되면 진짜 소품이 되어버려요.,Bought for the beautiful pad design and it doesn't charge certain phone models. Chose it to use as an interior accent and if the function doesn't work it literally becomes just a decorative object.,2.5,부정
S3_NEG3_T2_016,S3,디자인 중시형,NEG,T2,성능/스펙,성능/스펙,USB 허브,깔끔한 디자인으로 셋업에 맞게 골랐는데 4K 모니터 연결하면 해상도가 낮아져요. 예쁜 셋업 만들려고 골랐는데 중요한 기능에 제약이 있으면 셋업 완성도가 오히려 떨어져요.,Chose the clean design to match the setup and connecting a 4K monitor drops the resolution. Chose it to build a beautiful setup and if there are limitations on important functions the setup quality actually decreases.,2.5,부정
S3_NEG3_T2_017,S3,디자인 중시형,NEG,T2,성능/스펙,성능/스펙,이어폰 케이스,투명 케이스가 예뻐서 샀는데 무선 충전 코일 정렬이 안 맞아서 충전이 안 돼요. 예쁜 케이스 쓰면서 충전도 편하게 하려 했는데 핵심 기능이 안 되면 못 써요.,Bought the transparent case for how pretty it looks and wireless charging coil alignment is off so it won't charge. Wanted to use the beautiful case while charging conveniently and if the core function doesn't work it's unusable.,2.0,부정
S3_NEG3_T2_018,S3,디자인 중시형,NEG,T2,성능/스펙,성능/스펙,노트북,색상이 예뻐서 자주 들고 다니려 했는데 배터리 수명이 너무 짧아요. 예쁜 노트북 들고 카페 가려면 충전기까지 챙겨야 하는데 짐이 늘어나면 들고 나가기 싫어져요.,Wanted to carry the beautiful laptop often but battery life is too short. To take the pretty laptop to a café I have to bring a charger too and more luggage makes me reluctant to go out.,2.5,부정
S3_NEG3_T2_019,S3,디자인 중시형,NEG,T2,성능/스펙,성능/스펙,스마트워치,패션 아이템으로 차려고 샀는데 GPS 오류가 자주 나요. 디자인 때문에 산 건데 오류 메시지가 자꾸 뜨면 예쁜 시계의 좋은 느낌이 깨져요.,Bought to wear as a fashion item and GPS errors occur frequently. Bought it for the design and if error messages keep popping up the good feeling of wearing a beautiful watch is broken.,3.0,중립
S3_NEG3_T2_020,S3,디자인 중시형,NEG,T2,성능/스펙,성능/스펙,기계식 키보드,색상이 예뻐서 매일 쓰고 싶었는데 키 입력 지연이 있어요. 예쁜 키보드 앞에 앉는 게 기분 좋은데 타이핑 지연이 있으면 작업할 때마다 스트레스예요.,The color is so pretty I wanted to use it every day and there's key input lag. Sitting in front of a beautiful keyboard feels good but typing lag makes every work session stressful.,2.5,부정
S3_NEG3_T2_021,S3,디자인 중시형,NEG,T2,성능/스펙,성능/스펙,무선 이어폰,케이스 디자인이 너무 예뻐서 매일 들고 다니는데 노이즈캔슬링이 너무 약해요. 예쁜 이어폰 매일 쓰는데 카페에서 소음 차단이 안 되면 결국 다른 이어폰을 꺼내게 돼요.,The case design is so beautiful I carry it every day and noise cancellation is too weak. Wearing my pretty earphones daily and if noise isn't blocked at a café I end up reaching for different earphones.,2.5,부정
S3_NEG3_T2_022,S3,디자인 중시형,NEG,T2,성능/스펙,성능/스펙,태블릿,색상이 예뻐서 커버 없이 쓰고 싶었는데 뒷면이 미끄러워서 잡다 놓쳤어요. 예쁜 뒷면 보이게 쓰고 싶은데 미끄러운 소재는 안전 문제가 되어서 결국 커버를 씌웠어요.,The color is so pretty I wanted to use it without a cover and the slippery back caused me to drop it. Wanted to show off the pretty back but the slippery material became a safety issue so I ended up putting on a cover anyway.,2.0,부정
S3_NEG3_T2_023,S3,디자인 중시형,NEG,T2,성능/스펙,성능/스펙,스마트 전구,조명 색감으로 방 분위기 만들려고 했는데 색 재현이 일관되지 않아요. 같은 설정인데 켤 때마다 색상이 조금씩 달라서 분위기 연출 도구로 신뢰하기 어려워요.,Tried to create room atmosphere with the lighting color and color reproduction is inconsistent. Same settings but the color shifts slightly each time it turns on making it unreliable as an atmosphere tool.,1.5,부정
S3_NEG3_T2_024,S3,디자인 중시형,NEG,T2,성능/스펙,성능/스펙,보조배터리,예쁘고 슬림한데 용량이 생각보다 빨리 줄어요. 자주 들고 다니는 아이템이라 오래 쓰고 싶은데 용량 저하가 빠르면 들고 다니는 이유가 없어져요.,Pretty and slim but capacity drops faster than expected. It's something I carry often and want to use for a long time but if capacity degrades quickly there's no longer a reason to carry it.,1.5,부정
S3_NEG3_T2_025,S3,디자인 중시형,NEG,T2,성능/스펙,성능/스펙,웹캠,색상이 셋업이랑 잘 어울려서 매일 쓰는데 오토포커스가 너무 느려요. 예쁜 웹캠으로 화상통화할 때 포커스 잡히는 동안 기다려야 해서 상대방한테 민망해요.,Color matches the setup so well I use it every day and autofocus is too slow. Having to wait for focus to lock during video calls with my pretty webcam is embarrassing in front of the other person.,1.0,부정
S3_NEG3_T2_026,S3,디자인 중시형,NEG,T2,성능/스펙,성능/스펙,무선 마우스,색상이 예뻐서 셋업에 맞게 골랐는데 클릭 시 잡음이 심해요. 조용한 카페에서 쓰려고 예쁜 마우스 들고 갔는데 소음이 주변에 들리면 들고 나가는 의미가 없어요.,Chose the color to match the setup and click noise is excessive. Brought my pretty mouse to use at a quiet café and if the clicks are audible to people around me there's no point in bringing it out.,1.0,부정
S3_NEG3_T3_027,S3,디자인 중시형,NEG,T3,디자인/외관,디자인/외관,노트북,색상이 특이해서 선택했는데 오래 쓰니까 가장자리부터 색이 벗겨지기 시작해요. 이 색상 때문에 골랐는데 색이 벗겨지면 가장 중요한 이유가 사라지는 거예요.,Chose it for the unique color and after extended use the color started peeling from the edges. Chose it for this color and when the color peels the most important reason for choosing it disappears.,2.0,부정
S3_NEG3_T3_028,S3,디자인 중시형,NEG,T3,디자인/외관,디자인/외관,스마트워치,액세서리처럼 예쁜 시계를 원했는데 베젤 두께가 예상보다 두꺼워요. 사진에서는 얇아 보였는데 실물은 전자제품 느낌이 강해서 패션 아이템으로 쓰기엔 아쉬워요.,Wanted a pretty watch to use as an accessory and the bezel is thicker than expected. Looked thin in photos but in person it feels strongly like a tech device rather than a fashion item.,3.0,중립
S3_NEG3_T3_029,S3,디자인 중시형,NEG,T3,디자인/외관,디자인/외관,무선 이어폰,케이스 색상이 예쁘긴 한데 운동 후 땀 닿으면 색이 얼룩지네요. 매일 쓰고 싶은 이어폰인데 관리가 이렇게 까다로우면 예쁜 게 유지가 안 돼요.,Case color is pretty but sweat contact after exercise causes color blotching. Earphones I want to use every day and if maintenance is this demanding the pretty appearance can't be maintained.,2.5,부정
S3_NEG3_T3_030,S3,디자인 중시형,NEG,T3,디자인/외관,디자인/외관,기계식 키보드,파스텔 키캡이 예쁜데 지문이 너무 잘 묻어요. 예쁜 키보드 앞에 앉는 게 기분 좋아야 하는데 항상 지문투성이이면 작업 전에 닦는 게 습관이 돼버렸어요.,Pastel keycaps are pretty but show fingerprints terribly. Sitting in front of a pretty keyboard should feel good but if it's always covered in fingerprints wiping it before work has become a habit.,3.0,중립
S3_NEG3_T3_031,S3,디자인 중시형,NEG,T3,디자인/외관,디자인/외관,블루투스 스피커,방에 인테리어 포인트로 뒀는데 스피커 그릴 안쪽 먼지가 쌓여서 지저분해 보여요. 청소가 쉽지 않아서 예쁘게 유지하는 게 생각보다 힘들어요.,Displayed as a room interior accent and dust accumulates inside the speaker grille making it look dirty. Cleaning isn't easy and maintaining the pretty appearance is harder than expected.,3.0,중립
S3_NEG3_T3_032,S3,디자인 중시형,NEG,T3,디자인/외관,디자인/외관,보조배터리,매트 텍스처가 예뻐서 골랐는데 가방 속 마찰로 표면에 잔스크래치가 가득해요. 들고 다니는 소품이 예뻐야 하는데 들고 다닐수록 스크래치가 쌓이면 역설이에요.,Chose it for the pretty matte texture and friction inside the bag left the surface covered in fine scratches. A carry accessory needs to stay pretty and the more you carry it the more scratches accumulate — that's a paradox.,2.5,부정
S3_NEG3_T3_033,S3,디자인 중시형,NEG,T3,디자인/외관,디자인/외관,무선 마우스,화이트 색상이 처음엔 예뻤는데 두 달 만에 손이 닿는 부분이 누렇게 변했어요. 깔끔한 셋업을 위해 고른 화이트인데 누렇게 변한 마우스는 오히려 셋업을 더 지저분하게 만들어요.,White color was pretty at first and the contact area yellowed within two months. Chose white for a clean setup and a yellowed mouse actually makes the setup look dirtier.,2.0,부정
S3_NEG3_T3_034,S3,디자인 중시형,NEG,T3,디자인/외관,디자인/외관,스마트 전구,다양한 색온도로 분위기 연출하려고 샀는데 밝기 표시 LED가 너무 눈에 띄어요. 분위기 있는 조명을 원했는데 제품 자체의 LED가 분위기를 깨요.,Bought to create atmosphere with varied color temperatures and the brightness indicator LED is too visually prominent. Wanted atmospheric lighting and the product's own LED breaks the atmosphere.,2.5,부정
S3_NEG3_T3_035,S3,디자인 중시형,NEG,T3,디자인/외관,디자인/외관,태블릿,색상이 예뻐서 들고 다니고 싶었는데 뒷면 소재가 지문이 너무 잘 묻어요. 예쁜 색상이 지문 가득하면 꺼내기 꺼려지고 결국 들고 다니지 않게 됐어요.,The color is so pretty I wanted to carry it everywhere but the back material shows fingerprints terribly. A beautiful color covered in fingerprints makes me reluctant to take it out and I ended up not carrying it at all.,2.0,부정
S3_NEG3_T3_036,S3,디자인 중시형,NEG,T3,디자인/외관,디자인/외관,웹캠,셋업에 올려놨는데 케이블이 너무 굵고 눈에 띄어요. 깔끔한 셋업 위해 골랐는데 케이블 때문에 오히려 셋업이 지저분해 보여요.,Set it up in the setup and the cable is too thick and visually prominent. Chose it for a clean setup and the cable actually makes the setup look messier.,3.0,중립
S3_NEG3_T3_037,S3,디자인 중시형,NEG,T3,디자인/외관,디자인/외관,USB 허브,미니멀 디자인이라고 해서 샀는데 포트 표시 글씨가 너무 커요. 글씨가 눈에 띄어서 책상 위 깔끔한 느낌을 원했는데 오히려 복잡해 보여요.,Bought it described as minimal design and the port label text is too large. The text catches the eye and I wanted a clean desk look but it actually looks more complicated.,2.5,부정
S3_NEG3_T3_038,S3,디자인 중시형,NEG,T3,디자인/외관,디자인/외관,이어폰 케이스,색상이 예뻐서 선물용으로 골랐는데 실물은 광택이 너무 강해요. 고급스러운 느낌을 원했는데 강한 광택이 오히려 저렴해 보여서 선물하기 애매해요.,Chose it as a gift for the pretty color and the real thing has too strong a gloss. Wanted a premium feel and the strong gloss actually makes it look cheaper — awkward to give as a gift.,1.5,부정
S3_NEG3_T3_039,S3,디자인 중시형,NEG,T3,디자인/외관,디자인/외관,외장 SSD,인테리어 소품으로 책상에 두려고 골랐는데 케이블 연결하면 케이블이 앞으로 나와서 지저분해 보여요. 소품으로 두기 위해 고른 건데 케이블 때문에 소품 역할을 못 해요.,Chose it to display as a desk decor piece and plugging in a cable makes it come out the front and look messy. Chose it specifically to function as an accent piece and the cable prevents it from playing that role.,1.0,부정
S3_NEG3_T4_040,S3,디자인 중시형,NEG,T4,배송/서비스,배송/서비스,무선 이어폰,한정 색상 재입고 알림 받고 바로 주문했는데 품절 처리됐어요. 알림 받고도 품절이면 알림 시스템이 의미가 없어요. 원하는 색상을 결국 못 샀어요.,Got a limited color restock notification and ordered immediately and it was processed as out of stock. If it's sold out even after receiving a notification the notification system is meaningless. I never got the color I wanted.,2.5,부정
S3_NEG3_T4_041,S3,디자인 중시형,NEG,T4,배송/서비스,배송/서비스,스마트워치,스트랩 색상 선택지가 사이트에서 다양하게 보였는데 막상 주문하니 원하는 색상이 실제로 없었어요. 색상 중심으로 구매하는 사람한테 재고 표시 정확도가 제일 중요해요.,"Lots of strap colors looked available on the site and when I actually tried to order the one I wanted wasn't really there. For people who buy based on color, accurate stock display accuracy is the most important thing.",2.5,부정
S3_NEG3_T4_042,S3,디자인 중시형,NEG,T4,배송/서비스,배송/서비스,기계식 키보드,특별 색상 에디션 주문했는데 일반 색상으로 왔어요. 이 색상 보고 주문한 건데 다른 색상 오면 처음부터 선택 이유가 없어요.,Ordered the special color edition and the standard color arrived. Ordered because of this color and if a different one comes there's no reason for the choice from the beginning.,2.5,부정
S3_NEG3_T4_043,S3,디자인 중시형,NEG,T4,배송/서비스,배송/서비스,블루투스 스피커,방 인테리어용으로 색상 맞춰 주문했는데 배송 중 박스 파손으로 외관에 흠집이 났어요. 인테리어 소품이 흠집 있으면 올려두기가 싫어요. 교환 요청했어요.,Ordered the color to match the room interior and the box was damaged in transit leaving scratches on the exterior. A decor piece with scratches is something I don't want to display. Requested an exchange.,2.0,부정
S3_NEG3_T4_044,S3,디자인 중시형,NEG,T4,배송/서비스,배송/서비스,태블릿,색상 교환 요청했는데 '색차는 개인 모니터 차이'라고 했어요. 사진과 실물 색이 다른 건 모니터 문제가 아니라 사진 색 표현 문제예요. 납득하기 어려운 답변이에요.,Requested a color exchange and was told 'color difference is due to individual monitor settings.' The real product being different from the photos isn't a monitor issue — it's a photo color representation issue. A response that's hard to accept.,2.0,부정
S3_NEG3_T4_045,S3,디자인 중시형,NEG,T4,배송/서비스,배송/서비스,노트북,디자인 이유로 고른 노트북인데 화면 베젤 불량으로 교환 요청했더니 '심미적 결함은 반품 불가'라고 했어요. 외관 때문에 고른 제품인데 외관 불량이 반품 불가면 말이 안 돼요.,Chose the laptop for design reasons and requested exchange for a bezel defect and was told 'cosmetic defects are non-returnable.' Chose the product for its appearance and cosmetic defects being non-returnable makes no sense.,1.5,부정
S3_NEG3_T4_046,S3,디자인 중시형,NEG,T4,배송/서비스,배송/서비스,보조배터리,예쁜 색상 보고 선물용으로 주문했는데 포장이 너무 허술해서 받는 사람한테 드리기 민망해요. 색상이랑 디자인 보고 선물용으로 골랐는데 포장 상태가 선물 가치를 떨어뜨려요.,Ordered the pretty color as a gift and the packaging is so flimsy it's embarrassing to give. Chose it as a gift for the color and design and the packaging condition diminishes the gift value.,1.5,부정
S3_NEG3_T4_047,S3,디자인 중시형,NEG,T4,배송/서비스,배송/서비스,무선 마우스,데스크 셋업 색상 통일용으로 여러 개 주문했는데 배치마다 색상이 달라요. 사진으로는 같아 보여도 제품마다 미묘하게 차이가 있어서 통일감이 안 나요.,Ordered multiple for desk setup color unification and color varies by batch. Looks the same in photos but each product has subtle differences and the unified look doesn't come together.,1.5,부정
S3_NEG3_T4_048,S3,디자인 중시형,NEG,T4,배송/서비스,배송/서비스,스마트 전구,같은 색온도 묶음으로 샀는데 전구마다 색상 편차가 있어요. 공간 조명 통일하려고 세트로 산 건데 제품 간 색상 편차가 있으면 통일감 있는 공간이 안 나와요.,Bought a bundle of the same color temperature and color varies between bulbs. Bought as a set to unify the space's lighting and if there's color deviation between products a unified space doesn't come together.,2.0,부정
S3_NEG3_T4_049,S3,디자인 중시형,NEG,T4,배송/서비스,배송/서비스,이어폰 케이스,외관 색상 불량으로 교환했는데 교환품도 같은 불량이에요. 두 번 연속 같은 외관 불량이면 이 색상 자체의 품질 관리 문제예요. 색상 때문에 고른 건데 색상이 불량이면 의미가 없어요.,Exchanged for a cosmetic color defect and the replacement has the same defect. Two consecutive identical cosmetic defects means it's a quality control issue with this color specifically. Chose it for the color and if the color is defective there's no point.,1.0,부정
S3_NEG3_T4_050,S3,디자인 중시형,NEG,T4,배송/서비스,배송/서비스,기계식 키보드,"한정 색상 구매 후 키캡 불량 발견해서 신고했는데 '재고 소진으로 교환 불가, 일반 색상으로만 교환 가능'이래요. 이 색상 때문에 한정판 샀는데 다른 색상은 교환이 아니에요.",Reported keycap defects after buying the limited color and was told 'out of stock — exchange only available in standard color.' Bought the limited edition for this color and a different color isn't an exchange.,1.0,부정
S3_NEG3_T4_051,S3,디자인 중시형,NEG,T4,배송/서비스,배송/서비스,웹캠,셋업 색상에 맞춰 오래 찾다 주문했는데 생산 중단으로 취소됐어요. 색상 때문에 오래 찾은 건데 갑작스러운 취소 통보는 너무 아쉬워요. 대체 색상 안내도 없었어요.,Searched for a long time to match the setup color and the order was cancelled due to discontinuation. Searched a long time specifically for this color and a sudden cancellation notice is really disappointing. No alternative color was suggested either.,1.0,부정
S3_NEG3_T4_052,S3,디자인 중시형,NEG,T4,배송/서비스,배송/서비스,외장 SSD,인테리어용으로 산 제품인데 상자 안에 충격 보호재가 없어서 모서리에 흠집이 났어요. 책상에 소품으로 올려두려고 산 건데 모서리 손상이 있으면 보여주기 창피해요.,Bought as an interior piece and there was no impact protection inside the box so the corners got scratched. Bought specifically to display as a desk accent and corner damage makes it embarrassing to show.,1.0,부정
S3_NEG3_T5_053,S3,디자인 중시형,NEG,T5,사용 편의성,사용 편의성,스마트워치,예쁜 시계 매일 차고 싶은데 화면 자동 밝기 조절이 너무 느려요. 손목 들었을 때 바로 화면이 밝아지길 기대했는데 딜레이 때문에 시간 확인하는 게 불편해요.,Want to wear the pretty watch every day and automatic brightness adjustment is too slow. Expected the screen to brighten immediately when raising the wrist and the delay makes checking the time inconvenient.,3.0,중립
S3_NEG3_T5_054,S3,디자인 중시형,NEG,T5,사용 편의성,사용 편의성,스마트 전구,분위기 바꾸고 싶을 때마다 앱 열어야 해요. 예약 설정이 있긴 한데 너무 복잡해서 결국 매번 수동으로 조작하게 돼요. 인테리어 도구인데 조작이 번거로워요.,Have to open the app every time I want to change the mood. There are scheduling settings but they're too complicated so I end up operating manually each time. It's an interior tool and the operation is cumbersome.,3.0,중립
S3_NEG3_T5_055,S3,디자인 중시형,NEG,T5,사용 편의성,사용 편의성,기계식 키보드,예쁜 키보드 매일 쓰고 싶은데 RGB 설정 앱이 불안정해요. 색상 프리셋이 자꾸 초기화돼서 원하는 색상 조합 유지하기가 힘들어요.,Want to use the pretty keyboard every day and the RGB settings app is unstable. Color presets keep resetting and it's hard to maintain the color combination I want.,2.5,부정
S3_NEG3_T5_056,S3,디자인 중시형,NEG,T5,사용 편의성,사용 편의성,무선 충전기,인테리어 소품처럼 두고 싶어서 특정 위치에 뒀는데 충전 가능 범위가 너무 좁아요. 예쁘게 배치한 위치에서 충전이 안 되면 위치를 바꿔야 하는데 그러면 인테리어 배치가 바뀌어요.,Placed it in a specific spot wanting to display it like a decor piece and the charging range is too narrow. If it doesn't charge at the beautifully arranged position I have to move it which changes the interior arrangement.,2.5,부정
S3_NEG3_T5_057,S3,디자인 중시형,NEG,T5,사용 편의성,사용 편의성,블루투스 스피커,인테리어 소품으로 뒀는데 볼륨 조절 버튼 위치가 뒷면이에요. 소품처럼 올려둔 상태에서 볼륨 조절하려면 들어서 돌려야 하는데 배치가 흐트러져요.,Displayed as a decor piece and the volume control buttons are on the back. To adjust volume while it's displayed as an accent I have to pick it up and turn it around which disrupts the arrangement.,2.5,부정
S3_NEG3_T5_058,S3,디자인 중시형,NEG,T5,사용 편의성,사용 편의성,태블릿,예쁜 태블릿 자주 꺼내 쓰고 싶은데 Face ID 인식이 너무 느려요. 꺼낼 때마다 기다리는 시간이 길면 결국 쓰기 귀찮아져서 덜 꺼내게 돼요.,Want to take out the pretty tablet often and Face ID recognition is too slow. If waiting time every time I take it out is long I eventually get annoyed and take it out less.,2.0,부정
S3_NEG3_T5_059,S3,디자인 중시형,NEG,T5,사용 편의성,사용 편의성,노트북,예쁜 노트북 카페에서 꺼내 쓰려는데 전원 버튼 위치가 키보드 안에 있어서 키보드 칠 때 실수로 눌려요. 예쁜 외관 뒤에 불편한 레이아웃이 숨어있어요.,Want to take the pretty laptop out to cafés and the power button is embedded in the keyboard so it gets accidentally pressed while typing. An inconvenient layout is hiding behind the pretty exterior.,2.0,부정
S3_NEG3_T5_060,S3,디자인 중시형,NEG,T5,사용 편의성,사용 편의성,무선 이어폰,케이스 디자인이 예뻐서 매일 들고 다니는데 케이스 충전 잔량 표시가 없어요. 외출 전에 충전 상태 확인이 안 되니까 나가서 방전되는 경우가 생겨요.,The case design is so pretty I carry it every day and there's no case charge level indicator. Can't check charge status before going out so I end up running out of battery after leaving.,2.0,부정
S3_NEG3_T5_061,S3,디자인 중시형,NEG,T5,사용 편의성,사용 편의성,USB 허브,깔끔한 셋업 위해 골랐는데 케이블이 분리가 안 되는 일체형이에요. 케이블 길이가 짧아서 위치 조정이 안 되고 셋업 배치에 제약이 생겨요.,Chose it for a clean setup and the cable is permanently attached non-detachable. Cable is too short to adjust positioning and it creates constraints in the setup arrangement.,1.5,부정
S3_NEG3_T5_062,S3,디자인 중시형,NEG,T5,사용 편의성,사용 편의성,보조배터리,예쁘게 들고 다니려고 골랐는데 충전 포트 캡이 너무 작아서 매번 분실 위험이 있어요. 들고 다니다 캡을 잃어버렸는데 교체 캡을 따로 구하기가 어려워요.,Chose it to carry beautifully and the charging port cap is so small there's constant risk of losing it. Lost the cap while carrying it and finding a replacement cap separately is difficult.,1.5,부정
S3_NEG3_T5_063,S3,디자인 중시형,NEG,T5,사용 편의성,사용 편의성,스마트 전구,여러 개 구매해서 공간 조명 통일했는데 앱에서 개별 제어가 복잡해요. 분위기 연출하려고 색온도 맞추려면 각각 설정해야 해서 번거로워요.,Bought multiple to unify the space's lighting and individual control in the app is complicated. To match color temperatures for atmosphere I have to set each one separately which is tedious.,1.0,부정
S3_NEG3_T5_064,S3,디자인 중시형,NEG,T5,사용 편의성,사용 편의성,무선 마우스,색상 코디 맞추려고 매일 들고 다니는데 수신기가 너무 작아서 결국 잃어버렸어요. 예쁜 마우스 들고 다니다 수신기 잃으면 마우스 전체를 다시 사야 해서 손해예요.,Carry it daily to coordinate colors and the receiver is so small I eventually lost it. Lose the receiver while carrying the pretty mouse and you have to buy the entire mouse again — a real loss.,1.0,부정
S3_NEG3_T5_065,S3,디자인 중시형,NEG,T5,사용 편의성,사용 편의성,웹캠,셋업에 맞게 올려뒀는데 오토프레이밍 기능이 너무 공격적이에요. 화상통화 중 조금만 움직여도 카메라가 따라다니면서 화면이 흔들려서 상대방이 어지럽다고 했어요.,Set it up to match the setup and auto-framing is too aggressive. If I move even slightly during a video call the camera follows and the screen shakes — the other person said it made them dizzy.,1.0,부정
S4_T1_001,S4,AS·신뢰형,POS,T1,가격/비용,가격/비용,노트북,가격이 좀 있는 편이지만 이 브랜드 AS가 확실하다고 소문나 있어서 믿고 샀어요. 비싸더라도 사후 관리가 되는 제품을 택하는 주의예요.,"It's on the pricier side, but this brand has a solid reputation for after-sales support so I bought with confidence. I always choose products with reliable post-purchase care, even if they cost more.",4.0,긍정
S4_T1_002,S4,AS·신뢰형,POS,T1,가격/비용,가격/비용,스마트워치,같은 가격대 제품 중에서 AS 정책이 제일 좋은 걸 골랐어요. 고장 났을 때 제대로 처리해주는지가 가격보다 더 중요해요.,"Among products in the same price range, I chose the one with the best warranty policy. How they handle problems matters more to me than the price tag.",3.5,중립
S4_T1_003,S4,AS·신뢰형,POS,T1,가격/비용,가격/비용,무선 이어폰,처음에는 가격이 비싸다고 생각했는데 1년 무상 AS 받고 나서 생각이 바뀌었어요. 처음부터 신뢰할 수 있는 브랜드를 선택하는 게 결국 이득이에요.,"Thought the price was steep at first, but after getting a year of free warranty service my view completely changed. Choosing a trustworthy brand from the start is the better deal in the end.",4.0,긍정
S4_T1_004,S4,AS·신뢰형,POS,T1,가격/비용,가격/비용,태블릿,가격이 저렴해서 AS 정책이 없을 줄 알았는데 1:1 문의에 당일 답변이 오네요. 가격 대비 신뢰도가 높은 판매처예요.,"Assumed the low price meant no real support, but 1:1 inquiries get same-day responses. Surprisingly high trustworthiness for the price point.",3.5,중립
S4_T1_005,S4,AS·신뢰형,POS,T1,가격/비용,가격/비용,블루투스 스피커,환불 처리 때문에 연락했는데 전화를 안 받아서 너무 답답했어요. 저렴하게 산 건데 사후 처리가 이렇게 힘들면 다음엔 조금 더 비싸도 믿을 수 있는 브랜드로 살 것 같아요.,"Called for a refund and couldn't get through — incredibly frustrating. Bought it cheap but if after-sales is this difficult, next time I'll spend a bit more for a brand I can actually trust.",2.5,부정
S4_T2_006,S4,AS·신뢰형,POS,T2,성능/스펙,성능/스펙,외장 SSD,"6개월 만에 속도가 절반으로 떨어졌어요. AS 센터에 맡겼더니 무상 교체해줬는데, 이런 대응 때문에 이 브랜드를 계속 쓰게 되는 것 같아요.",Speed dropped to half after six months. Sent it to the service center and they replaced it for free — this kind of response is exactly why I keep coming back to this brand.,3.5,중립
S4_T2_007,S4,AS·신뢰형,POS,T2,성능/스펙,성능/스펙,보조배터리,구매 3개월 만에 용량이 눈에 띄게 줄었어요. 고객센터 문의했더니 제품 교환 쿠폰을 바로 발급해줬어요. 불량이어도 이렇게 처리해주면 재구매할 수 있죠.,"Noticeable capacity drop after just three months. Contacted support and they immediately issued a product exchange coupon. Even with defects, a response like this makes me willing to buy again.",3.0,중립
S4_T2_008,S4,AS·신뢰형,POS,T2,성능/스펙,성능/스펙,무선 이어폰,한쪽 이어폰 음량이 줄어드는 증상이 생겼어요. 증상 사진 보내니까 바로 새 제품으로 교환해줬어요. 성능 문제에 신속하게 대응하는 브랜드라 다음에도 구매할 거예요.,One earbud started losing volume. Sent a photo of the issue and they swapped it for a new one immediately. A brand that responds this quickly to performance problems earns my repeat business.,3.5,중립
S4_T2_009,S4,AS·신뢰형,POS,T2,성능/스펙,성능/스펙,웹캠,화질이 광고와 달리 많이 떨어져서 환불 요청했어요. 처리까지 일주일이나 걸려서 불만이에요. 스펙 허위 기재에 환불도 늦으면 신뢰를 쌓을 수가 없어요.,Image quality was far below what was advertised so I requested a refund. Took a whole week to process — very disappointing. False spec claims plus slow refunds make it impossible to build any trust.,2.5,부정
S4_T2_010,S4,AS·신뢰형,POS,T2,성능/스펙,성능/스펙,기계식 키보드,스위치 하나가 오입력되는 문제가 생겼어요. 구매 후 2년이 지났는데도 유상 수리 비용을 합리적으로 안내해줬어요. 오래된 제품도 챙겨주는 브랜드예요.,"One switch started double-registering. Even two years after purchase, they gave me a fair quote for paid repair. A brand that still takes care of older products is worth sticking with.",3.5,중립
S4_T3_011,S4,AS·신뢰형,POS,T3,디자인/외관,디자인/외관,스마트워치,외관 스크래치가 생겨서 문의했더니 무상 교체 기준이 아니라고 하네요. 마감 내구성이 좀 더 강했으면 좋겠어요.,Got a scratch on the exterior and was told it doesn't qualify for free replacement. Wish the finish durability was a bit stronger.,3.0,중립
S4_T3_012,S4,AS·신뢰형,POS,T3,디자인/외관,디자인/외관,노트북,케이스 마감이 튼튼해서 1년 넘게 들고 다녔는데 외관 손상이 없어요. 내구성 좋은 제품은 AS 맡길 일도 줄어드니까 결국 신뢰가 쌓여요.,"The case is built so solidly that after over a year of daily use there's no visible wear. Durable products need less service, and that builds trust over time.",4.0,긍정
S4_T3_013,S4,AS·신뢰형,POS,T3,디자인/외관,디자인/외관,보조배터리,케이스가 6개월도 안 돼서 갈라졌어요. 고객센터에 사진 보냈더니 자재 불량으로 인정해서 교체해줬어요. 내구성은 아쉽지만 대응은 합격이에요.,The case cracked in under six months. Sent photos to support and they acknowledged a material defect and replaced it. Durability is disappointing but the response gets a pass.,3.0,중립
S4_T3_014,S4,AS·신뢰형,POS,T3,디자인/외관,디자인/외관,무선 이어폰,이어폰 케이스 힌지가 헐거워져서 문의했는데 소모품이라 AS가 안 된다고 해요. 내구성 문제인데 소모품으로 처리하는 건 좀 납득이 안 가요.,"The case hinge got loose and when I asked, they said it's a consumable part and not covered. It's clearly a durability issue — calling it a consumable doesn't really hold up.",2.5,부정
S4_T4_015,S4,AS·신뢰형,POS,T4,배송/서비스,배송/서비스,노트북,초기 불량 발견해서 교환 요청했는데 24시간 내에 수거 후 새 제품 발송해줬어요. 이런 대응이 브랜드 신뢰를 만드는 거죠.,Found a defect on arrival and requested an exchange — they picked it up and shipped a replacement within 24 hours. This kind of response is exactly what builds brand trust.,4.0,긍정
S4_T4_016,S4,AS·신뢰형,POS,T4,배송/서비스,배송/서비스,스마트워치,배송 중 파손으로 왔는데 사진 한 장 보냈더니 즉시 재발송해줬어요. 파손 책임을 군말 없이 인정하는 판매처는 다시 이용하게 돼요.,Arrived damaged in transit. Sent one photo and they reshipped immediately without any argument. A seller who takes responsibility for shipping damage without a fuss earns my return business.,4.0,긍정
S4_T4_017,S4,AS·신뢰형,POS,T4,배송/서비스,배송/서비스,무선 이어폰,고객센터 전화 연결이 너무 오래 걸려요. 30분 이상 대기했는데 연결이 안 돼서 결국 채팅으로 처리했어요. 제품은 좋은데 AS 접근성이 아쉬워요.,Customer service phone wait times are way too long. Waited over 30 minutes without getting through and ended up using chat instead. Product is good but the service accessibility is a real weak point.,3.0,중립
S4_T4_018,S4,AS·신뢰형,POS,T4,배송/서비스,배송/서비스,태블릿,AS 센터가 집에서 멀어서 택배 수거 서비스 신청했어요. 집에서 접수하고 3일 만에 수리 완료해서 돌아왔어요. 편리한 AS 시스템 덕분에 재구매 의향이 높아졌어요.,The service center is far from home so I used their mail-in service. Filed from home and it came back repaired within 3 days. The convenient service system has me seriously considering buying from them again.,4.0,긍정
S4_T4_019,S4,AS·신뢰형,POS,T4,배송/서비스,배송/서비스,외장 SSD,데이터가 날아간 줄 알고 AS 맡겼는데 무상으로 데이터 복구까지 해줬어요. 이 정도 대응이면 평생 이 브랜드만 쓸 것 같아요.,Thought I'd lost all my data and brought it in for service — they recovered everything at no charge. A response this good and I'll probably stick with this brand for life.,4.0,긍정
S4_T4_020,S4,AS·신뢰형,POS,T4,배송/서비스,배송/서비스,기계식 키보드,구매 후 일주일 만에 불량 발생했는데 환불을 거부하고 교환만 해준다고 해요. 소비자 권리상 환불 가능한 기간인데 정책을 강요하는 느낌이라 불만이에요.,"Defect appeared a week after purchase and they refused a refund, offering only an exchange. I'm well within the consumer rights period — feels like they're forcing their own policy over the law.",2.5,부정
S4_T4_021,S4,AS·신뢰형,POS,T4,배송/서비스,배송/서비스,보조배터리,같은 제품 세 번째 구매예요. 처음 두 번 모두 불량이 생겼을 때 신속하게 교환해줘서 브랜드 신뢰가 생겼어요. 사후 처리가 확실하면 불량도 용납이 돼요.,"This is my third purchase of the same product. The first two times I had defects they handled the exchange quickly, which built my trust in the brand. Reliable after-sales makes defects forgivable.",4.0,긍정
S4_T4_022,S4,AS·신뢰형,POS,T4,배송/서비스,배송/서비스,블루투스 스피커,AS 기간이 지났는데도 유상 수리 견적을 친절하게 안내해줬어요. 보증 기간 끝났다고 나 몰라라 하는 브랜드가 많은데 이 브랜드는 달라요.,"Even after the warranty expired, they gave me a detailed and friendly estimate for paid repair. So many brands wash their hands of you after the warranty — this one is different.",4.0,긍정
S4_T4_023,S4,AS·신뢰형,POS,T4,배송/서비스,배송/서비스,무선 마우스,채팅 상담원이 불친절해서 불쾌했어요. 문제는 해결됐지만 응대 태도가 브랜드 이미지를 떨어뜨리는 것 같아요.,The chat agent was unfriendly and left a bad impression. The issue got resolved but the attitude definitely drags down the brand image.,2.5,부정
S4_T4_024,S4,AS·신뢰형,POS,T4,배송/서비스,배송/서비스,웹캠,드라이버 문제로 작동이 안 돼서 고객센터에 문의했더니 원격 지원으로 바로 해결해줬어요. 기술 지원까지 해주는 판매처는 흔치 않아서 인상적이었어요.,Had a driver issue that stopped it working — support connected remotely and fixed it on the spot. Technical support this hands-on is rare and genuinely impressive.,4.0,긍정
S4_T4_025,S4,AS·신뢰형,POS,T4,배송/서비스,배송/서비스,스마트 전구,앱 연동 문제로 이틀 동안 고객센터랑 연락했어요. 결국 해결은 됐지만 같은 내용을 담당자마다 반복 설명해야 해서 지쳤어요. 인계 시스템이 개선됐으면 해요.,"Spent two days going back and forth with support over an app connectivity issue. Got resolved eventually, but had to explain the same thing to each new agent. Really need a better handoff system.",2.5,부정
S4_T4_026,S4,AS·신뢰형,POS,T4,배송/서비스,배송/서비스,무선 충전기,불량품을 받았는데 반품 택배비를 제가 부담하라고 해서 황당했어요. 판매처 과실인데 소비자한테 비용을 전가하는 건 신뢰를 완전히 깨는 행동이에요.,Received a defective unit and they told me to cover the return shipping cost. It's their fault — passing the cost to the customer completely destroys any trust.,2.5,부정
S4_T4_027,S4,AS·신뢰형,POS,T4,배송/서비스,배송/서비스,USB 허브,구매 후 2년이 지났는데 포트 하나가 인식이 안 돼서 문의했어요. 보증 기간 지났지만 부품 무상 지원해줬어요. 장기적으로 고객을 대하는 태도가 느껴져요.,"Two years after purchase, one port stopped recognizing devices so I reached out. Warranty had expired but they sent the part for free. You can tell this brand takes the long view with customers.",4.0,긍정
S4_T4_028,S4,AS·신뢰형,POS,T4,배송/서비스,배송/서비스,노트북,AS 센터 예약 시스템이 잘 돼있어서 대기 없이 방문할 수 있었어요. 수리 진행 상황을 문자로 실시간 알려줘서 기다리는 동안 답답하지 않았어요.,The service center reservation system is excellent — walked in with no wait. They sent real-time text updates on the repair progress so there was no frustration during the wait.,4.0,긍정
S4_T4_029,S4,AS·신뢰형,POS,T4,배송/서비스,배송/서비스,태블릿,액정 파손으로 유상 수리 맡겼는데 견적보다 비용이 더 나왔어요. 사전 안내 없이 추가 비용 청구하는 건 신뢰를 깨는 일이에요.,Paid for screen repair and the final bill came in higher than the quote. Charging extra without prior notice breaks trust — plain and simple.,2.5,부정
S4_T4_030,S4,AS·신뢰형,POS,T4,배송/서비스,배송/서비스,외장 SSD,"같은 브랜드 제품을 5년째 쓰고 있어요. 불량 발생할 때마다 군말 없이 처리해줬고, 그 신뢰가 쌓여서 이번에도 같은 브랜드로 샀어요.","Been using this brand's products for five years. Every time something went wrong they handled it without question, and that accumulated trust is why I bought from them again.",4.0,긍정
S4_T4_031,S4,AS·신뢰형,POS,T4,배송/서비스,배송/서비스,스마트워치,해외 직구 제품이라 AS가 걱정됐는데 국내 공식 수입사에서 처리해줬어요. 직구에도 AS가 된다는 걸 알고 브랜드에 대한 신뢰가 더 높아졌어요.,"Worried about service support for a directly imported product, but the official domestic importer handled it. Learning that direct imports are covered too raised my confidence in the brand significantly.",4.0,긍정
S4_T4_032,S4,AS·신뢰형,POS,T4,배송/서비스,배송/서비스,무선 이어폰,문의 후 답변이 3일이 지나도 안 와서 재문의했어요. 바쁜 건 이해하지만 고객 문의 응답 속도가 이렇게 느리면 신뢰하기 어려워요.,"No response three days after my inquiry so I followed up again. I understand they're busy, but response times this slow make it hard to trust them.",2.5,부정
S4_T5_033,S4,AS·신뢰형,POS,T5,사용 편의성,사용 편의성,노트북,AS 신청 앱이 직관적이에요. 증상 선택부터 수거 예약까지 앱에서 다 돼서 고객센터 전화할 필요가 없어요.,"The service request app is intuitive. From selecting symptoms to scheduling pickup, everything's in the app — no need to call support at all.",4.0,긍정
S4_T5_034,S4,AS·신뢰형,POS,T5,사용 편의성,사용 편의성,스마트워치,제품 등록을 해두니까 AS 접수가 훨씬 빠르네요. 구매 이력이 자동으로 연동돼서 매번 서류 준비할 필요가 없어요.,Registering the product upfront makes service requests so much faster. Purchase history syncs automatically so I never have to dig up paperwork again.,4.0,긍정
S4_T5_035,S4,AS·신뢰형,POS,T5,사용 편의성,사용 편의성,태블릿,고장 진단 챗봇이 꽤 정확해요. 간단한 문제는 AS 방문 없이 챗봇 안내만으로 해결됐어요. 편리한 셀프 진단 시스템이 인상적이에요.,The fault-diagnosis chatbot is surprisingly accurate. Simple issues got resolved through the bot alone without a service visit. The self-diagnosis system is genuinely impressive.,4.0,긍정
S4_T5_036,S4,AS·신뢰형,POS,T5,사용 편의성,사용 편의성,무선 이어폰,펌웨어 업데이트가 자동으로 돼서 따로 신경 쓸 필요가 없어요. 업데이트 후 버그가 생기면 롤백도 지원돼서 믿고 쓸 수 있어요.,Firmware updates happen automatically so I never have to think about it. Rollback support in case an update introduces bugs means I can trust the product long-term.,4.0,긍정
S4_T5_037,S4,AS·신뢰형,POS,T5,사용 편의성,사용 편의성,외장 SSD,드라이브 상태 모니터링 앱이 포함돼 있어요. 이상 징후를 미리 알려줘서 데이터 손실 전에 조치할 수 있어요. 사전 예방 차원에서 신뢰도를 높여주는 기능이에요.,Comes with a drive health monitoring app included. Early warning signs give me time to act before any data loss. It's a proactive feature that builds confidence in the product.,4.0,긍정
S4_T1_006,S4,AS·신뢰형,POS,T1,가격/비용,가격/비용,무선 마우스,공식 AS 센터 운영 비용이 제품 가격에 반영된 거라 생각해요. 조금 비싸더라도 사후 관리가 확실한 브랜드를 택하는 게 장기적으로 이득이에요.,I think the cost of running official service centers is baked into the price. Paying a bit more for reliable after-sales support is the better long-term decision.,3.5,중립
S4_T2_011,S4,AS·신뢰형,POS,T2,성능/스펙,성능/스펙,스마트 전구,앱 업데이트 후 연결이 자꾸 끊겨서 고객센터 문의했어요. 펌웨어 버그로 인정하고 핫픽스를 48시간 내에 배포해줬어요. 소프트웨어 문제도 빠르게 대응하는 브랜드예요.,Connection kept dropping after an app update so I contacted support. They acknowledged a firmware bug and pushed a hotfix within 48 hours. A brand that responds this fast to software issues too.,3.5,중립
S4_T2_012,S4,AS·신뢰형,POS,T2,성능/스펙,성능/스펙,무선 충전기,충전 중 발열이 심해서 안전 문제 신고했어요. 제품 전량 회수 안내와 함께 신제품으로 교체해줬어요. 안전 문제에 즉각 대응하는 브랜드 태도가 신뢰를 높여줬어요.,Reported excessive heat during charging as a safety concern. They initiated a full product recall and replaced mine with a new unit. Immediate response to safety issues is exactly what builds brand trust.,4.0,긍정
S4_T3_015,S4,AS·신뢰형,POS,T3,디자인/외관,디자인/외관,태블릿,베젤 들뜸 현상이 생겨서 접수했어요. 제조 불량으로 판정받아서 무상 교체됐어요. 외관 품질 문제도 기준 없이 처리하지 않아서 믿을 수 있어요.,Noticed the bezel starting to lift and filed a claim. Judged as a manufacturing defect and replaced for free. Knowing they handle cosmetic quality issues by clear standards makes them trustworthy.,3.5,중립
S4_T5_038,S4,AS·신뢰형,POS,T5,사용 편의성,사용 편의성,블루투스 스피커,AS 접수 후 진행 상황을 앱에서 실시간으로 볼 수 있어요. 수리가 어느 단계인지 알 수 있어서 불필요한 문의를 안 해도 돼요.,Real-time repair status is visible in the app after filing a service request. Knowing exactly which stage the repair is at means no unnecessary follow-up calls.,4.0,긍정
S4_T5_039,S4,AS·신뢰형,POS,T5,사용 편의성,사용 편의성,노트북,보증 기간이 앱에서 바로 확인돼요. 영수증 챙길 필요 없이 구매 이력이 자동 등록돼 있어서 AS 접수가 훨씬 간편해요.,Warranty period is visible directly in the app. Purchase history is registered automatically so there's no need to keep receipts — service requests are so much simpler.,4.0,긍정
S4_T5_040,S4,AS·신뢰형,POS,T5,사용 편의성,사용 편의성,스마트워치,자가 진단 기능이 있어서 AS 방문 전에 간단한 문제는 직접 해결할 수 있어요. 불필요한 서비스 센터 방문을 줄여줘서 시간을 아낄 수 있어요.,The self-diagnosis feature lets you solve simple issues before visiting a service center. Saves a real amount of time by eliminating unnecessary trips.,4.0,긍정
S4_T5_041,S4,AS·신뢰형,POS,T5,사용 편의성,사용 편의성,무선 이어폰,AS 기록이 앱에 누적돼서 이전에 어떤 수리를 받았는지 확인할 수 있어요. 반복 증상 발생 시 히스토리 기반으로 빠르게 접수할 수 있어서 편리해요.,"Service history accumulates in the app so I can see exactly what's been repaired before. When a recurring issue comes up, the history makes filing a new request much faster.",4.0,긍정
S4_T1_046,S4,AS·신뢰형,POS,T1,가격/비용,가격/비용,노트북,가격이 좀 있는 편인데 이 브랜드 AS 이력을 보고 납득했어요. 다만 같은 AS 정책을 더 저렴하게 제공하는 브랜드도 생기고 있어서 가격 경쟁력은 조금 아쉬워요.,"Price is on the higher side but the brand's service track record made it acceptable. That said, other brands are starting to offer comparable warranty policies cheaper — the price competitiveness is a bit lacking.",3.5,중립
S4_T2_046,S4,AS·신뢰형,POS,T2,성능/스펙,성능/스펙,스마트워치,센서 정확도가 살짝 아쉬운 수준이에요. 그래도 측정값 이상 있으면 AS 처리를 확실히 해준다는 걸 알기 때문에 믿고 쓰고 있어요. 성능보다 신뢰가 우선인 브랜드예요.,Sensor accuracy is slightly disappointing. But knowing this brand handles measurement issues through service reliably means I still trust it. For me this is a brand where reliability matters more than raw performance.,3.5,중립
S4_T3_046,S4,AS·신뢰형,POS,T3,디자인/외관,디자인/외관,보조배터리,케이스 마감이 기대보다 조금 아쉬워요. 그래도 내구성 문제 생기면 확실히 처리해준다는 걸 경험으로 알기 때문에 믿고 쓸 수 있어요.,"Case finish is slightly below expectations. But experience tells me they handle durability issues reliably when they come up, so I can still use it with confidence.",3.5,중립
S4_T4_046,S4,AS·신뢰형,POS,T4,배송/서비스,배송/서비스,기계식 키보드,"AS 처리는 됐는데 처리 기간이 예상보다 길었어요. 결국 해결해줬으니 신뢰는 유지되는데, 대응 속도가 조금 더 빨랐으면 재구매 의향이 더 높아졌을 거예요.","Service came through but the processing time was longer than expected. Trust is intact because it got resolved, but faster response would have made me much more likely to buy again.",3.5,중립
S4_T5_046,S4,AS·신뢰형,POS,T5,사용 편의성,사용 편의성,외장 SSD,AS 신청 앱이 있긴 한데 인터페이스가 조금 복잡해요. 기능 자체는 충실한데 접근이 불편하면 급할 때 당황할 것 같아요. 익숙해지면 괜찮을 것 같긴 해요.,There is a service request app but the interface is a bit complex. The functionality is solid but if it's hard to navigate you'll be flustered when something urgent comes up. Probably fine once you get used to it.,3.5,중립
S4_POS2_T1_001,S4,AS·신뢰형,POS,T1,가격/비용,가격/비용,스마트워치,공식 AS 센터가 전국에 있다는 걸 확인하고 샀어요. 비슷한 스펙의 다른 브랜드보다 비싸지만 AS 접근성 때문에 이 가격이 납득돼요.,Confirmed there are official service centers nationwide before buying. More expensive than competing brands with similar specs but the service accessibility justifies the price.,4.0,긍정
S4_POS2_T1_002,S4,AS·신뢰형,POS,T1,가격/비용,가격/비용,노트북,3년 무상 AS 정책이 포함된 가격이에요. 초기 비용이 높아 보이지만 3년 동안 수리비 걱정 없이 쓸 수 있다면 결국 합리적인 투자예요.,The price includes a 3-year free warranty policy. The upfront cost looks high but if I can use it for 3 years without worrying about repair costs it's ultimately a rational investment.,4.5,긍정
S4_POS2_T1_003,S4,AS·신뢰형,POS,T1,가격/비용,가격/비용,외장 SSD,데이터 복구 서비스가 포함된 브랜드 제품이에요. 이 서비스 하나만으로도 일반 브랜드보다 비싼 가격이 정당화돼요. 데이터 잃는 것보다 처음부터 믿을 수 있는 브랜드를 선택하는 게 나아요.,Brand product that includes data recovery service. That one service alone justifies the higher price over generic brands. Choosing a trustworthy brand upfront is better than losing data.,5.0,긍정
S4_POS2_T1_004,S4,AS·신뢰형,POS,T1,가격/비용,가격/비용,무선 이어폰,동일 스펙 제품이 더 저렴하게 있었는데 이 브랜드 교환 정책이 확실해서 선택했어요. AS 정책 차이만으로 가격 차이를 감수할 수 있어요.,There were cheaper options with the same specs but I chose this brand for its reliable exchange policy. The difference in service policy alone is worth accepting the price gap.,4.0,긍정
S4_POS2_T1_005,S4,AS·신뢰형,POS,T1,가격/비용,가격/비용,블루투스 스피커,보증 기간이 2년으로 경쟁사보다 길어요. 긴 보증 기간이 가격에 반영된 거라 생각하면 납득이 가요. 제품 수명 내내 안심하고 쓸 수 있는 가치예요.,2-year warranty is longer than competing brands. Makes sense when you think of the longer warranty being reflected in the price. The value of using it worry-free throughout the product's lifetime.,4.0,긍정
S4_POS2_T1_006,S4,AS·신뢰형,POS,T1,가격/비용,가격/비용,태블릿,방문 수리 서비스가 포함된 가격이에요. 직접 들고 가야 하는 경쟁사 대비 방문 서비스 가치만으로도 가격 프리미엄이 이해돼요.,Price includes an on-site repair service. Just the value of the visit service compared to competitors where you have to bring it in yourself explains the price premium.,4.5,긍정
S4_POS2_T1_007,S4,AS·신뢰형,POS,T1,가격/비용,가격/비용,보조배터리,배터리 성능 저하 시 무상 교체를 해주는 브랜드예요. 배터리 제품 특성상 성능 저하가 필연적인데 이걸 보장해주면 장기 사용 가성비가 달라져요.,A brand that provides free replacement when battery performance degrades. Capacity degradation is inevitable with battery products and guaranteeing this changes the long-term value calculation.,4.5,긍정
S4_POS2_T1_008,S4,AS·신뢰형,POS,T1,가격/비용,가격/비용,기계식 키보드,스위치 교체 서비스가 합리적인 비용으로 제공돼요. 키보드는 스위치가 먼저 망가지는데 이 서비스 덕분에 장기 사용이 가능하고 결국 비용 효율이 높아요.,Switch replacement service is offered at a reasonable cost. Keyboards fail at the switches first and this service makes long-term use possible — ultimately higher cost efficiency.,4.0,긍정
S4_POS2_T1_009,S4,AS·신뢰형,POS,T1,가격/비용,가격/비용,무선 마우스,단종 후에도 5년간 부품을 보유한다고 명시되어 있어요. 오래 쓰는 사람 입장에서 이 약속 하나가 구매 결정에 결정적이었어요. 가격보다 이 정책이 더 중요했어요.,Explicitly states parts will be kept for 5 years after discontinuation. For someone who uses things for a long time this one commitment was decisive in the purchase decision. This policy mattered more than the price.,5.0,긍정
S4_POS2_T1_010,S4,AS·신뢰형,POS,T1,가격/비용,가격/비용,웹캠,소프트웨어 업데이트를 단종 후 3년간 제공한다고 해요. 카메라는 드라이버가 중요한데 이 약속이 있으면 OS 업그레이드해도 걱정 없어요. 이 가격에 이 보장이면 납득이에요.,Software updates will be provided for 3 years after discontinuation. Drivers are critical for cameras and with this guarantee there's no worry when upgrading the OS. This guarantee at this price is justified.,4.5,긍정
S4_POS2_T1_011,S4,AS·신뢰형,POS,T1,가격/비용,가격/비용,스마트 전구,묶음 구매 시 브랜드 케어 플랜이 포함돼요. 개당 가격은 높지만 조명 전체를 보장해준다는 신뢰가 가격을 납득하게 만들어요.,Brand care plan is included with bundle purchases. Per-unit price is high but the trust of having all the lighting covered makes the price acceptable.,4.0,긍정
S4_POS2_T1_012,S4,AS·신뢰형,POS,T1,가격/비용,가격/비용,무선 충전기,충전 중 기기 손상 시 보상 정책이 있어요. 고가 폰을 올려두는 제품인데 이 보상 정책 하나가 가격 프리미엄을 완전히 정당화해요.,"There's a compensation policy if a device is damaged during charging. For a product where you're placing an expensive phone, this one compensation policy completely justifies the price premium.",5.0,긍정
S4_POS2_T1_013,S4,AS·신뢰형,POS,T1,가격/비용,가격/비용,노트북 거치대,제조사 직영 AS 채널이 운영돼요. 서드파티 채널만 있는 경쟁 제품 대비 직영 채널의 신뢰도가 달라요. 가격 차이보다 서비스 질 차이가 더 크게 느껴져요.,Manufacturer-direct service channel is operated. Trust level of a direct channel is different from competing products that only have third-party channels. The service quality difference feels larger than the price difference.,3.5,중립
S4_POS2_T1_014,S4,AS·신뢰형,POS,T1,가격/비용,가격/비용,USB 허브,포트 불량 시 전체 교환이 아닌 포트 단위 수리가 가능해요. 이 세분화된 수리 정책 덕분에 장기 비용이 낮아지고 결과적으로 가격 대비 가치가 올라가요.,Port-level repair is available rather than full unit replacement for port defects. This granular repair policy lowers long-term costs and ultimately raises the value for price.,3.5,중립
S4_POS2_T2_015,S4,AS·신뢰형,POS,T2,성능/스펙,성능/스펙,노트북,성능 불량 판정 기준이 공개돼 있어요. AS 기준이 명확하면 불량 여부 다툼 없이 처리가 되니까 성능 문제가 생겨도 걱정이 없어요.,Performance defect criteria are publicly disclosed. When service standards are clear there's no dispute over whether something is defective and performance issues can be handled without worry.,4.0,긍정
S4_POS2_T2_016,S4,AS·신뢰형,POS,T2,성능/스펙,성능/스펙,외장 SSD,실제 속도가 스펙과 다를 경우 교환해준다고 명시돼 있어요. 스펙 보장이 명문화된 제품은 처음 봤어요. 이런 브랜드만 믿고 살 수 있어요.,Explicitly states exchange if actual speed differs from spec. First time seeing a product with formally stated spec guarantee. A brand like this is one you can buy with confidence.,5.0,긍정
S4_POS2_T2_017,S4,AS·신뢰형,POS,T2,성능/스펙,성능/스펙,무선 이어폰,음질 저하 시 무상 점검 서비스가 있어요. 이어폰은 시간이 지나면서 음질이 떨어지는데 이걸 AS로 잡아준다는 브랜드는 흔치 않아요.,Free inspection service available when audio quality degrades. Earphone audio quality deteriorates over time and a brand that addresses this through service is uncommon.,4.5,긍정
S4_POS2_T2_018,S4,AS·신뢰형,POS,T2,성능/스펙,성능/스펙,블루투스 스피커,스피커 출력 저하를 진단해주는 서비스를 운영해요. 소리가 이상한지 확인하고 싶을 때 브랜드 공식 진단을 받을 수 있다는 게 믿음직스러워요.,Operates a diagnostic service for speaker output degradation. Being able to receive an official brand diagnosis when I'm not sure if the sound is off is reassuring.,4.0,긍정
S4_POS2_T2_019,S4,AS·신뢰형,POS,T2,성능/스펙,성능/스펙,스마트워치,센서 정확도 저하 시 무상 교정 서비스를 제공해요. 건강 데이터를 기록하는 기기인 만큼 정확도 보장이 있는 브랜드를 선택한 게 잘한 것 같아요.,Provides free calibration service when sensor accuracy degrades. Since this is a device that records health data choosing a brand that guarantees accuracy feels like the right call.,4.5,긍정
S4_POS2_T2_020,S4,AS·신뢰형,POS,T2,성능/스펙,성능/스펙,보조배터리,용량 저하 기준을 명시해서 어느 수준부터 AS가 되는지 알 수 있어요. 기준이 명확하면 AS 신청 여부를 스스로 판단할 수 있어서 훨씬 편해요.,Capacity degradation thresholds are specified so I know what level qualifies for service. When standards are clear I can judge myself whether to file a service request — much more convenient.,4.0,긍정
S4_POS2_T2_021,S4,AS·신뢰형,POS,T2,성능/스펙,성능/스펙,기계식 키보드,스위치 반응속도 저하를 공식 진단해줘요. 타건감이 변했다고 느낄 때 주관적인 판단 대신 공식 데이터로 확인할 수 있어서 신뢰가 가요.,Official diagnosis available for switch response speed degradation. When I feel the typing feel has changed being able to confirm with official data instead of subjective judgment is trustworthy.,4.5,긍정
S4_POS2_T2_022,S4,AS·신뢰형,POS,T2,성능/스펙,성능/스펙,태블릿,디스플레이 색 정확도 저하 시 재교정 서비스를 제공해요. 크리에이티브 작업용으로 구매했는데 색 정확도 유지를 AS로 보장해주는 브랜드는 처음이에요.,Re-calibration service provided when display color accuracy degrades. Bought it for creative work and a brand that guarantees color accuracy maintenance through service is a first for me.,5.0,긍정
S4_POS2_T2_023,S4,AS·신뢰형,POS,T2,성능/스펙,성능/스펙,무선 마우스,더블클릭 오류 발생 시 진단 기준이 매뉴얼에 명시돼 있어요. AS 접수 전에 직접 확인할 수 있어서 불필요한 왕복 없이 효율적으로 처리할 수 있어요.,Diagnostic criteria for double-click errors are specified in the manual. Being able to check myself before filing a service request means efficient handling without unnecessary round trips.,3.5,중립
S4_POS2_T2_024,S4,AS·신뢰형,POS,T2,성능/스펙,성능/스펙,웹캠,화질 저하 문제를 원격으로 진단해줘요. 화질이 예전 같지 않다고 느낄 때 원격 진단으로 원인을 파악할 수 있어서 직접 방문하는 번거로움이 없어요.,Remote diagnosis available for image quality degradation. When I feel the image quality isn't what it used to be remote diagnosis can identify the cause without the hassle of an in-person visit.,3.5,중립
S4_POS2_T2_025,S4,AS·신뢰형,POS,T2,성능/스펙,성능/스펙,스마트 전구,루멘 저하 기준이 스펙에 명시돼 있어요. 조명이 예전보다 어두워진 것 같을 때 스펙 기준으로 AS 해당 여부를 판단할 수 있어서 편해요.,Lumen depreciation standards are specified in the spec. When lighting seems dimmer than before being able to judge service eligibility against the stated standard is convenient.,3.5,중립
S4_POS2_T2_026,S4,AS·신뢰형,POS,T2,성능/스펙,성능/스펙,무선 충전기,충전 효율 저하 시 점검 서비스를 제공해요. 충전기가 느려진 것 같을 때 공식 점검을 받을 수 있는 브랜드는 드물어요. 이 정책 하나가 재구매를 결정했어요.,Inspection service provided when charging efficiency degrades. Brands where you can get an official inspection when charging seems to have slowed are rare. This one policy decided the repurchase.,4.0,긍정
S4_POS2_T3_027,S4,AS·신뢰형,POS,T3,디자인/외관,디자인/외관,노트북,케이스 내구성 등급이 공식 인증을 받은 제품이에요. 군용 낙하 테스트 통과 마크가 있어요. 이 인증이 있으면 내구성 관련 AS 처리도 기준이 명확해서 믿음이 가요.,Case durability rating is officially certified. Has a military drop test pass mark. When this certification exists service handling for durability issues also has clear standards which is reassuring.,4.5,긍정
S4_POS2_T3_028,S4,AS·신뢰형,POS,T3,디자인/외관,디자인/외관,스마트워치,글래스 소재 인증서가 제공돼요. 소재 스펙이 문서로 보장되면 관련 AS 분쟁이 생겼을 때 기준이 있어서 처리가 깔끔해요.,Glass material certification is provided. When material specs are document-guaranteed there's a standard to reference if service disputes arise — making handling clean.,4.0,긍정
S4_POS2_T3_029,S4,AS·신뢰형,POS,T3,디자인/외관,디자인/외관,무선 이어폰,케이스 경첩 내구성 보증이 별도로 있어요. 이 부분은 쉽게 망가지는 부위인데 별도로 보증해주는 브랜드는 흔치 않아요. 이 정책이 재구매 결정에 영향을 줬어요.,Separate durability warranty for case hinge. This part breaks easily and brands that warranty it separately are uncommon. This policy influenced the repurchase decision.,4.5,긍정
S4_POS2_T3_030,S4,AS·신뢰형,POS,T3,디자인/외관,디자인/외관,기계식 키보드,키캡 인쇄 내구성 보증 기간이 명시돼 있어요. 각인이 지워지면 보증 기준에 따라 처리받을 수 있어서 장기 사용 시 외관 유지가 걱정 없어요.,Keycap print durability warranty period is specified. If legends fade they can be handled according to warranty standards so there's no worry about maintaining appearance during long-term use.,4.0,긍정
S4_POS2_T3_031,S4,AS·신뢰형,POS,T3,디자인/외관,디자인/외관,태블릿,베젤 들뜸 현상을 제조 불량으로 명확히 분류해요. AS 처리 기준이 명확하면 분쟁 없이 처리가 돼서 소비자 입장에서 편해요.,Bezel lifting is clearly classified as a manufacturing defect. When service handling criteria are clear processing happens without disputes — convenient from the consumer's perspective.,4.5,긍정
S4_POS2_T3_032,S4,AS·신뢰형,POS,T3,디자인/외관,디자인/외관,블루투스 스피커,패브릭 소재 내구성 보증이 있어요. 패브릭 소재 제품은 마모가 필연적인데 이를 보증 범위에 포함한 브랜드 태도가 인상적이에요.,Fabric material durability warranty is included. Wear is inevitable with fabric products and the brand's attitude of including this within warranty coverage is impressive.,5.0,긍정
S4_POS2_T3_033,S4,AS·신뢰형,POS,T3,디자인/외관,디자인/외관,보조배터리,케이스 갈라짐을 제조 불량으로 인정해요. 비슷한 증상을 다른 브랜드에서는 외부 충격으로 처리했는데 여기는 제조 불량으로 바로 인정해줘서 재구매했어요.,Case cracking is acknowledged as a manufacturing defect. A similar symptom was handled as external impact by another brand but this one immediately accepted it as manufacturing defect — that's why I repurchased.,5.0,긍정
S4_POS2_T3_034,S4,AS·신뢰형,POS,T3,디자인/외관,디자인/외관,무선 마우스,코팅 벗겨짐 보증 기간이 명시돼 있어요. 마우스 코팅은 사용하다 보면 벗겨지는데 이 시기를 보증으로 커버해주는 브랜드는 드물어요.,Coating peel warranty period is specified. Mouse coating peels with use and brands that cover this period with warranty are rare.,3.5,중립
S4_POS2_T3_035,S4,AS·신뢰형,POS,T3,디자인/외관,디자인/외관,외장 SSD,케이스 소재 검증 성적서를 요청하면 제공해줘요. 소재 투명성이 이 수준인 브랜드는 AS 처리도 투명할 거라는 신뢰가 생겨요.,Material verification test report is provided upon request. A brand with this level of material transparency builds trust that their service handling will be equally transparent.,3.5,중립
S4_POS2_T3_036,S4,AS·신뢰형,POS,T3,디자인/외관,디자인/외관,노트북 거치대,도장 불량 처리 기준이 매뉴얼에 있어요. 도장 관련 AS는 기준이 모호해서 분쟁이 많은데 기준이 있으면 처리가 확실해요.,Paint defect handling standards are in the manual. Paint-related service tends to have vague standards leading to disputes but when standards exist handling is definite.,3.5,중립
S4_POS2_T3_037,S4,AS·신뢰형,POS,T3,디자인/외관,디자인/외관,무선 충전기,패드 변색 시 교환 정책이 있어요. 충전기 패드 변색은 흔한 문제인데 이걸 교환 정책으로 커버해주는 브랜드는 소비자를 진지하게 대하는 거예요.,Exchange policy for pad discoloration exists. Charger pad discoloration is a common issue and a brand that covers this with an exchange policy is taking consumers seriously.,4.0,긍정
S4_POS2_T3_038,S4,AS·신뢰형,POS,T3,디자인/외관,디자인/외관,USB 허브,포트 주변 마모를 소모품으로 처리하지 않아요. 반복 사용으로 인한 포트 주변 마모도 AS 대상이라는 게 이 브랜드 수준을 보여줘요.,Wear around ports is not treated as a consumable. The fact that port area wear from repeated use is also subject to service shows the standard of this brand.,4.0,긍정
S4_POS2_T4_039,S4,AS·신뢰형,POS,T4,배송/서비스,배송/서비스,노트북,AS 기사님이 방문해서 수리해주셨어요. 무거운 노트북을 들고 센터 가야 하는 번거로움이 없었어요. 방문 AS 자체가 이 브랜드를 선택한 이유였는데 정말 잘 왔어요.,Service technician came to the house for repair. No hassle of carrying a heavy laptop to the center. On-site service was the very reason I chose this brand and it completely delivered.,5.0,긍정
S4_POS2_T4_040,S4,AS·신뢰형,POS,T4,배송/서비스,배송/서비스,스마트워치,AS 처리 후 담당자가 직접 사후 확인 연락을 해줬어요. 수리 후에도 제대로 작동하는지 체크해주는 브랜드는 처음이에요. 이 경험이 충성 고객을 만드는 거예요.,The service agent followed up personally after the repair to check in. First brand where they check in after repair to confirm it's working properly. This kind of experience is what creates loyal customers.,5.0,긍정
S4_POS2_T4_041,S4,AS·신뢰형,POS,T4,배송/서비스,배송/서비스,외장 SSD,데이터 복구 AS를 진행했는데 결과 보고서까지 제공해줬어요. 어떤 데이터가 복구됐고 안 됐는지 명확하게 알 수 있어서 신뢰가 갔어요.,Data recovery service was handled and they even provided a results report. Knowing clearly what data was and wasn't recovered was reassuring and built trust.,5.0,긍정
S4_POS2_T4_042,S4,AS·신뢰형,POS,T4,배송/서비스,배송/서비스,태블릿,AS 예약 시스템이 잘 돼있어서 원하는 시간에 예약하고 대기 없이 바로 접수됐어요. 시간 낭비 없이 AS를 처리할 수 있다는 게 이 브랜드 신뢰도를 높여줘요.,Service reservation system is well-built — reserved the time I wanted and was processed immediately without any wait. Being able to handle service without wasting time raises trust in this brand.,4.5,긍정
S4_POS2_T4_043,S4,AS·신뢰형,POS,T4,배송/서비스,배송/서비스,블루투스 스피커,AS 센터에서 수리 중 다른 부위도 점검해서 잠재 문제를 사전에 알려줬어요. 요청 않은 부분까지 살펴보는 서비스 정신이 브랜드 신뢰를 만들어요.,Service center inspected other areas during repair and proactively informed me of potential issues. A service ethic that looks beyond what was requested is what builds brand trust.,4.5,긍정
S4_POS2_T4_044,S4,AS·신뢰형,POS,T4,배송/서비스,배송/서비스,무선 이어폰,보증 기간 만료 후에도 부품 무상 지원을 받았어요. 기간이 지났는데도 챙겨주는 브랜드 태도에 감동했어요. 앞으로도 이 브랜드 제품만 살 것 같아요.,Received free parts support even after the warranty expired. Was moved by the brand's attitude of looking after customers even past the coverage period. I'll probably only buy from this brand going forward.,5.0,긍정
S4_POS2_T4_045,S4,AS·신뢰형,POS,T4,배송/서비스,배송/서비스,기계식 키보드,교환 후 새 제품이 또 불량이어서 재교환을 요청했는데 군말 없이 처리해줬어요. 두 번 연속 교환해도 흔쾌히 처리해주는 브랜드를 신뢰하지 않을 수가 없어요.,The replacement was also defective so I requested another exchange and it was handled without any complaint. You can't help but trust a brand that handles two consecutive exchanges without issue.,4.5,긍정
S4_POS2_T4_046,S4,AS·신뢰형,POS,T4,배송/서비스,배송/서비스,보조배터리,AS 접수 후 수리 진행 상황을 문자로 실시간 알려줘요. 어디까지 진행됐는지 알 수 있어서 불안함 없이 기다릴 수 있어요.,Real-time text updates on repair progress after filing a service request. Being able to know how far along it is means waiting without any anxiety.,4.0,긍정
S4_POS2_T4_047,S4,AS·신뢰형,POS,T4,배송/서비스,배송/서비스,무선 마우스,해외 출장 중 고장났는데 현지 AS 센터에서 처리해줬어요. 글로벌 AS 네트워크가 실제로 작동한다는 걸 경험했어요. 이 경험이 브랜드 충성도를 만들었어요.,Broke down on an overseas business trip and the local service center handled it. Experienced firsthand that the global service network actually works. This experience created brand loyalty.,4.5,긍정
S4_POS2_T4_048,S4,AS·신뢰형,POS,T4,배송/서비스,배송/서비스,웹캠,유상 수리 견적을 받았는데 수리 후 실제 청구액이 견적보다 낮게 나왔어요. 견적보다 적게 내는 경험은 처음이에요. 투명한 견적 운영이 신뢰를 만들어요.,Received a paid repair estimate and the actual charge after repair came in lower than the estimate. First time being charged less than the estimate. Transparent estimate operation builds trust.,4.0,긍정
S4_POS2_T4_049,S4,AS·신뢰형,POS,T4,배송/서비스,배송/서비스,스마트 전구,앱 연동 오류로 문의했더니 기술팀이 원격으로 직접 설정을 잡아줬어요. 전화로 설명하는 게 아니라 원격으로 해결해주는 방식이 훨씬 효율적이고 신뢰가 갔어요.,Contacted about an app connectivity error and the tech team resolved the settings remotely. Rather than explaining over the phone they fixed it remotely — much more efficient and trust-building.,3.5,중립
S4_POS2_T5_050,S4,AS·신뢰형,POS,T5,사용 편의성,사용 편의성,노트북,AS 신청 앱에서 증상 사진을 바로 첨부할 수 있어요. 증거를 명확하게 제출할 수 있으니까 AS 처리 분쟁이 줄어들고 처리도 빨라요.,Symptom photos can be attached directly in the service request app. Being able to submit evidence clearly reduces service handling disputes and speeds up processing.,4.0,긍정
S4_POS2_T5_051,S4,AS·신뢰형,POS,T5,사용 편의성,사용 편의성,스마트워치,제품 등록하면 AS 이력이 자동으로 연동돼요. 이전에 어떤 AS를 받았는지 기록이 남아있어서 재방문 시 처음부터 설명할 필요가 없어요.,Service history syncs automatically when the product is registered. Records of previous service are retained so there's no need to explain from scratch on return visits.,4.5,긍정
S4_POS2_T5_052,S4,AS·신뢰형,POS,T5,사용 편의성,사용 편의성,외장 SSD,드라이브 상태 진단 앱이 이상 징후를 미리 감지해서 알림을 줘요. 고장 전에 먼저 알 수 있어서 데이터를 백업할 시간이 생겨요. 사전 예방 차원의 서비스예요.,Drive health diagnostic app detects anomalies in advance and sends alerts. Knowing before a failure gives time to back up data. Service at the level of preventive care.,5.0,긍정
S4_POS2_T5_053,S4,AS·신뢰형,POS,T5,사용 편의성,사용 편의성,태블릿,AS 접수 챗봇이 증상을 정확하게 분류해줘요. 어떤 AS가 적합한지 먼저 안내해줘서 직접 센터 방문 전에 판단할 수 있어요.,Service chatbot accurately categorizes symptoms. Guides me on what kind of service is appropriate first so I can make a judgment before visiting the center in person.,4.5,긍정
S4_POS2_T5_054,S4,AS·신뢰형,POS,T5,사용 편의성,사용 편의성,블루투스 스피커,"AS 신청 후 수거 예약까지 앱에서 한 번에 돼요. 수거일, 시간대까지 직접 선택할 수 있어서 AS 접수 자체가 불편하지 않아요.",Service request and collection scheduling all done in one place through the app. Being able to choose the collection date and time slot myself means the service filing process isn't inconvenient at all.,4.5,긍정
S4_POS2_T5_055,S4,AS·신뢰형,POS,T5,사용 편의성,사용 편의성,무선 이어폰,펌웨어 업데이트 후 이전 설정으로 롤백할 수 있어요. 업데이트 후 문제가 생겼을 때 롤백을 지원하는 브랜드는 사용자를 진지하게 배려하는 거예요.,Can roll back to previous settings after a firmware update. A brand that supports rollback when problems occur after updates is genuinely considering the user.,4.0,긍정
S4_POS2_T5_056,S4,AS·신뢰형,POS,T5,사용 편의성,사용 편의성,기계식 키보드,보증 기간이 앱에서 실시간으로 확인돼요. 보증 기간이 얼마 남았는지 수시로 확인할 수 있어서 AS 신청 타이밍을 놓치지 않아요.,Warranty period is viewable in real time through the app. Being able to check how much warranty remains at any time means I never miss the window for a service request.,4.0,긍정
S4_POS2_T5_057,S4,AS·신뢰형,POS,T5,사용 편의성,사용 편의성,보조배터리,배터리 건강도가 앱에서 퍼센트로 표시돼요. 언제 AS를 신청해야 할지 수치로 판단할 수 있어서 막연하게 기다리지 않아도 돼요.,Battery health is displayed as a percentage in the app. Being able to judge when to file a service request by numbers means I don't have to wait indefinitely without direction.,4.0,긍정
S4_POS2_T5_058,S4,AS·신뢰형,POS,T5,사용 편의성,사용 편의성,무선 마우스,AS 처리 완료 후 반환 배송 추적이 앱에서 돼요. 수리된 제품이 언제 오는지 확인할 수 있어서 기다리는 동안 불안하지 않아요.,Return shipping tracking after service completion is available in the app. Being able to see when the repaired product is coming means waiting without anxiety.,3.5,중립
S4_POS2_T5_059,S4,AS·신뢰형,POS,T5,사용 편의성,사용 편의성,웹캠,드라이버 충돌 문제를 원격으로 진단해줘요. OS 환경에 따라 드라이버 문제가 복잡한데 원격으로 해결해주면 직접 센터 가는 수고를 덜 수 있어요.,Driver conflict issues diagnosed remotely. Driver problems can be complex depending on the OS environment and remote resolution saves the effort of going to the center in person.,3.5,중립
S4_POS2_T5_060,S4,AS·신뢰형,POS,T5,사용 편의성,사용 편의성,스마트 전구,연결 불량 자가 진단 기능이 앱에 있어요. 고객센터 문의 전에 스스로 원인을 파악할 수 있어서 간단한 문제는 직접 해결할 수 있어요.,App includes a self-diagnostic function for connectivity issues. Being able to identify the cause myself before contacting support means simple problems can be resolved on my own.,3.5,중립
S4_NEG_T1_001,S4,AS·신뢰형,NEG,T1,가격/비용,가격/비용,노트북,AS 정책 보고 프리미엄 가격 납득했는데 실제로 AS 맡겨보니 유상 수리 범위가 너무 넓어요. 무상 AS 믿고 비싸게 산 건데 거의 다 유상이면 가격 근거가 없어요.,Accepted the premium price for the service policy but when I actually used it nearly everything fell under paid repair. Paid extra specifically for warranty coverage and if it's almost all chargeable the price isn't justified.,3.0,중립
S4_NEG_T1_002,S4,AS·신뢰형,NEG,T1,가격/비용,가격/비용,스마트워치,보증 기간 내에 고장났는데 '사용자 과실'로 판정받았어요. 프리미엄 가격이 신뢰할 수 있는 AS 때문이었는데 이런 식으로 처리하면 돈이 아까워요.,Failed within the warranty period and was judged as user fault. The premium price was for trustworthy service — handling it this way makes the money feel wasted.,2.0,부정
S4_NEG_T1_003,S4,AS·신뢰형,NEG,T1,가격/비용,가격/비용,태블릿,AS 센터 운영 비용이 가격에 포함됐을 텐데 센터가 너무 적어요. 가까운 센터까지 왕복 2시간이에요. 이 거리면 AS 비용이 사실상 시간 비용으로 소비자에게 전가되는 거예요.,AS center costs must be baked into the price but there are too few locations. Two hours round trip to the nearest one. At this distance the service cost is effectively transferred to consumers as time cost.,3.0,중립
S4_NEG_T1_004,S4,AS·신뢰형,NEG,T1,가격/비용,가격/비용,기계식 키보드,보증 기간 1년이라고 해서 그걸 믿고 비싸게 샀는데 11개월에 고장났더니 '보증 기간 내 과도한 사용'으로 거부당했어요. 보증이 이름뿐이면 가격 프리미엄을 낼 이유가 없어요.,Paid a premium specifically because of the 1-year warranty and it failed at 11 months — denied as 'excessive use within warranty period.' If the warranty is just a label there's no reason to pay the premium.,1.5,부정
S4_NEG_T1_005,S4,AS·신뢰형,NEG,T1,가격/비용,가격/비용,블루투스 스피커,브랜드 AS 믿고 샀는데 1년 후 브랜드가 국내 철수했어요. AS 기반으로 프리미엄 냈는데 그 AS가 사라지면 그냥 비싼 제품만 남는 거예요.,Bought trusting the brand's service and they pulled out of the domestic market a year later. Paid a premium for the service infrastructure and now that it's gone I just have an expensive product.,2.0,부정
S4_NEG_T1_006,S4,AS·신뢰형,NEG,T1,가격/비용,가격/비용,무선 이어폰,AS 수리 견적이 제품 가격의 70%가 나왔어요. 이 가격이면 새 제품 사는 게 나아요. AS를 위해 프리미엄 낸 건데 수리 비용이 이러면 AS 정책이 의미 없어요.,Repair estimate came in at 70% of the product price. At that point buying new makes more sense. Paid a premium for service access and if repair costs this much the policy is meaningless.,2.5,부정
S4_NEG_T1_007,S4,AS·신뢰형,NEG,T1,가격/비용,가격/비용,외장 SSD,데이터 복구 AS가 된다고 해서 비싼 브랜드 선택했는데 실제로 신청했더니 유료이고 비용이 엄청나요. 이 서비스 때문에 선택한 건데 사실상 무용지물이에요.,Chose the expensive brand because data recovery service was listed as available — tried to use it and it's paid and enormously expensive. Selected this brand specifically for that service and it's effectively useless.,1.5,부정
S4_NEG_T1_008,S4,AS·신뢰형,NEG,T1,가격/비용,가격/비용,보조배터리,AS 포함 가격이라고 홍보해서 샀는데 AS 신청하니까 별도 비용이 발생했어요. 광고 내용과 실제가 다른 건 소비자 기만이에요. 이 가격 낼 이유가 없었어요.,"Bought based on advertising that positioned the price as inclusive of service support, then got hit with separate charges when I filed a claim. Advertising and reality being different is consumer deception. There was no reason to pay this price.",1.5,부정
S4_NEG_T2_009,S4,AS·신뢰형,NEG,T2,성능/스펙,성능/스펙,노트북,성능 불량 신고했는데 AS 센터에서 '정상 범위'라고 처리했어요. 수치로 보면 스펙 미달인데 AS가 이걸 정상으로 보면 제품도 AS도 둘 다 신뢰 못 하겠어요.,Reported a performance defect and the service center classified it as 'within normal range.' Numbers show it's below spec and if service treats that as normal I can't trust either the product or the support.,3.0,중립
S4_NEG_T2_010,S4,AS·신뢰형,NEG,T2,성능/스펙,성능/스펙,스마트워치,심박 센서 오류가 반복돼서 세 번 AS 맡겼어요. 세 번 다 '정상 반환'이에요. 같은 문제가 반복되는데 계속 정상이라고 하면 AS 시스템 자체를 믿을 수가 없어요.,"Repeated heart rate sensor errors, sent it in three times. Returned as 'normal' all three times. The same problem keeps happening and being told it's normal every time means the service system itself can't be trusted.",2.5,부정
S4_NEG_T2_011,S4,AS·신뢰형,NEG,T2,성능/스펙,성능/스펙,외장 SSD,속도가 스펙보다 낮게 나와서 교환 요청했는데 '개인 환경 차이'로 처리됐어요. 데이터 제출해도 환경 문제로 돌리는 AS는 신뢰할 수 없어요.,Speed came in below spec and exchange was denied as 'individual environment differences.' An after-sales team that deflects to environment issues even with submitted data can't be trusted.,2.5,부정
S4_NEG_T2_012,S4,AS·신뢰형,NEG,T2,성능/스펙,성능/스펙,보조배터리,용량이 눈에 띄게 줄었는데 '정상 배터리 소모'라고 해요. 6개월 만에 이 정도면 불량인데 AS가 이걸 정상으로 처리하면 브랜드 신뢰가 무너져요.,Noticeable capacity drop and it was classified as 'normal battery wear.' This level of degradation at 6 months is a defect and brand trust collapses when service treats it as normal.,2.0,부정
S4_NEG_T2_013,S4,AS·신뢰형,NEG,T2,성능/스펙,성능/스펙,블루투스 스피커,음질 저하 문제로 AS 맡겼는데 수리 후 돌아온 제품이 오히려 더 나빠졌어요. AS가 문제를 해결하지 못하고 악화시키면 신뢰가 아니라 불신이 쌓여요.,"Sent it in for audio quality degradation and the product came back worse than before. When service doesn't fix the problem but makes it worse you accumulate distrust, not trust.",2.0,부정
S4_NEG_T2_014,S4,AS·신뢰형,NEG,T2,성능/스펙,성능/스펙,무선 마우스,더블클릭 오류 반복돼서 교환받았는데 새 제품도 3개월 만에 같은 증상이에요. 동일 불량이 반복되면 제품 설계 문제인데 교환으로만 처리하는 건 근본적인 해결이 아니에요.,Got an exchange for repeated double-click errors and the replacement had the same symptom within 3 months. Recurring identical defects point to a design issue and exchanging without addressing root cause isn't a real fix.,1.5,부정
S4_NEG_T2_015,S4,AS·신뢰형,NEG,T2,성능/스펙,성능/스펙,기계식 키보드,스위치 수명이 광고보다 훨씬 짧게 끝났어요. 내구성 스펙 믿고 산 건데 AS에 수명 보증 근거가 없다고 해요. 스펙 믿고 선택한 브랜드가 스펙 책임을 안 지면 신뢰할 수 없어요.,Switch lifespan ended far shorter than advertised. Chose this brand trusting the durability spec and service says there's no basis for lifespan warranty. A brand you chose for its spec claims not standing behind them isn't trustworthy.,1.0,부정
S4_NEG_T2_016,S4,AS·신뢰형,NEG,T2,성능/스펙,성능/스펙,웹캠,화질 불량으로 교환 요청했는데 '스펙 내 정상 제품'이라는 답변이 왔어요. 제조사 공식 스펙 이하인데도 정상이라고 하면 스펙 표기 자체가 거짓인 거예요. 이 브랜드 다시는 안 살 것 같아요.,"Requested exchange for image quality defect and got back 'normal product within spec.' If it's below the manufacturer's own published spec and still counts as normal, the spec sheet itself is false. I don't think I'll buy from this brand again.",1.0,부정
S4_NEG_T3_017,S4,AS·신뢰형,NEG,T3,디자인/외관,디자인/외관,노트북,외관 스크래치로 AS 신청했는데 '소모성 외관 손상'으로 거부됐어요. 내구성 좋다는 브랜드 믿고 샀는데 외관 불량 처리 기준이 이렇게 좁으면 신뢰가 흔들려요.,Filed a service claim for cosmetic scratches and it was denied as 'consumable cosmetic wear.' Bought this brand for its durability reputation and if the standard for cosmetic defects is this narrow my trust is shaken.,3.0,중립
S4_NEG_T3_018,S4,AS·신뢰형,NEG,T3,디자인/외관,디자인/외관,스마트워치,베젤 도금이 벗겨져서 AS 맡겼는데 도금은 소모품이라 무상 처리 안 된다고 해요. 제품 외관 유지에 대한 신뢰를 갖고 샀는데 핵심 마감이 소모품 처리되면 믿기 어려워요.,Bezel plating came off and service said plating is a consumable so it's not covered. Bought this brand expecting reliable cosmetic quality and if a core finish element is treated as consumable it's hard to trust.,2.5,부정
S4_NEG_T3_019,S4,AS·신뢰형,NEG,T3,디자인/외관,디자인/외관,무선 이어폰,케이스 경첩이 부러져서 수리 맡겼는데 단종 부품이라 수리 불가라고 해요. 출시된 지 2년도 안 됐는데 부품이 단종이면 이 브랜드 제품 오래 쓰는 게 의미가 없어요.,Case hinge broke and service said the part is discontinued so it can't be repaired. Less than two years since launch and the part is already discontinued — there's no point in trying to use this brand's products long-term.,2.0,부정
S4_NEG_T3_020,S4,AS·신뢰형,NEG,T3,디자인/외관,디자인/외관,보조배터리,케이스 갈라짐이 제조 불량인데 AS에서 '외부 충격'으로 처리했어요. 사용자 과실로 돌리는 AS 태도가 신뢰를 완전히 깨뜨려요. 재구매는 없어요.,Case cracking is clearly a manufacturing defect but service classified it as 'external impact.' An after-sales team that shifts blame to user error destroys trust completely. No reorders.,1.5,부정
S4_NEG_T3_021,S4,AS·신뢰형,NEG,T3,디자인/외관,디자인/외관,블루투스 스피커,패브릭 소재가 너무 빨리 보풀이 생겨서 AS 문의했는데 '사용 환경 문제'라고 했어요. 내구성 좋다는 브랜드인데 소재 품질 문제를 환경 탓으로 돌리면 브랜드 신뢰가 없어지죠.,Fabric started pilling too quickly and service attributed it to 'usage environment.' A brand known for durability deflecting material quality issues onto environment causes brand trust to disappear.,2.5,부정
S4_NEG_T3_022,S4,AS·신뢰형,NEG,T3,디자인/외관,디자인/외관,태블릿,디스플레이 베젤 들뜸 현상이 생겨서 신고했는데 처리까지 한 달이 걸렸어요. 결국 처리는 됐지만 외관 불량 접수 후 한 달을 기다리는 건 AS 시스템이 제대로 작동하는 건지 의문이에요.,Reported display bezel lifting and it took a month to process. Got resolved eventually but waiting a month after filing a cosmetic defect makes me question whether the service system is actually functioning properly.,2.5,부정
S4_NEG_T3_023,S4,AS·신뢰형,NEG,T3,디자인/외관,디자인/외관,기계식 키보드,케이스 도색 불량을 신고했는데 '개봉 후 반품 불가' 정책 적용됐어요. 개봉 전에 도색 불량을 어떻게 확인해요. 소비자 권리를 무시하는 AS 정책은 브랜드 신뢰를 완전히 깨요.,Reported a paint defect on the case and the 'no returns after opening' policy was applied. How are you supposed to check for paint defects before opening? An after-sales policy that ignores consumer rights completely destroys brand trust.,1.0,부정
S4_NEG_T4_024,S4,AS·신뢰형,NEG,T4,배송/서비스,배송/서비스,노트북,AS 접수했는데 처리까지 3주가 걸렸어요. 업무용 노트북인데 3주 공백은 너무 길어요. 처리는 됐지만 이 속도면 신뢰할 수 있는 AS인지 모르겠어요.,Filed a service request and it took 3 weeks to process. It's a work laptop and 3 weeks without it is too long. Got resolved but at this pace I'm not sure this qualifies as reliable support.,3.0,중립
S4_NEG_T4_025,S4,AS·신뢰형,NEG,T4,배송/서비스,배송/서비스,스마트워치,고객센터 전화 대기가 40분이에요. 문제가 생겼을 때 빠르게 연락되는 AS를 기대했는데 이 대기 시간이면 급할 때 쓸 수 없는 AS예요.,Customer service phone wait is 40 minutes. Expected quick contact when problems come up and at this wait time it's not a support system you can use when it matters.,3.0,중립
S4_NEG_T4_026,S4,AS·신뢰형,NEG,T4,배송/서비스,배송/서비스,외장 SSD,불량 교환 신청 후 2주째 아무 연락이 없어요. 데이터 중요해서 믿을 수 있는 브랜드 선택했는데 연락도 안 되면 신뢰 이유가 없어요.,Two weeks since filing an exchange request and no communication at all. Chose a trusted brand precisely because of the data involved and no contact means there's no basis for trust.,2.5,부정
S4_NEG_T4_027,S4,AS·신뢰형,NEG,T4,배송/서비스,배송/서비스,태블릿,AS 기사 방문 수리를 예약했는데 당일 취소됐어요. 재예약은 2주 후예요. 신뢰할 수 있는 AS 체계를 기대했는데 예약 신뢰도가 이 정도면 믿기 어렵죠.,Booked an on-site repair visit and it was cancelled same-day. Rescheduled for two weeks later. Expected a reliable service system and if you can't even trust a confirmed appointment it's hard to rely on them.,2.5,부정
S4_NEG_T4_028,S4,AS·신뢰형,NEG,T4,배송/서비스,배송/서비스,기계식 키보드,수리 완료됐다고 연락 받고 찾으러 갔는데 아직 수리 중이었어요. AS 진행 상황 소통이 이렇게 안 되면 AS 프로세스 전체를 신뢰하기 어려워요.,Got notified that repair was complete and went to pick it up — it was still being repaired. If communication during the service process is this unreliable it's hard to trust the whole system.,3.0,중립
S4_NEG_T4_029,S4,AS·신뢰형,NEG,T4,배송/서비스,배송/서비스,블루투스 스피커,AS 센터에 맡겼는데 수리 중 분실 사고가 났어요. 보상 처리는 해줬지만 그 과정이 너무 오래 걸리고 불쾌했어요. AS 맡기는 것 자체가 리스크가 되면 안 되죠.,Product went missing during the repair process at the service center. Compensation was provided but the process was incredibly long and unpleasant. The service itself becoming a risk is unacceptable.,1.5,부정
S4_NEG_T4_030,S4,AS·신뢰형,NEG,T4,배송/서비스,배송/서비스,무선 이어폰,보증 기간 내 불량인데 AS에서 '물에 젖은 흔적'이 있다고 유상 처리했어요. 방수 제품인데 방수 테스트 기준 내 사용인데도 유상이면 방수 스펙이 의미 없고 AS도 신뢰 못 해요.,Defect within warranty and service charged for repair citing 'signs of moisture.' It's a water-resistant product used within spec — if that still gets charged the water resistance spec is meaningless and service can't be trusted.,2.0,부정
S4_NEG_T4_031,S4,AS·신뢰형,NEG,T4,배송/서비스,배송/서비스,보조배터리,교환 제품을 받았는데 교환 제품도 불량이에요. 두 번 연속 불량 제품을 받으면 AS 시스템 전체에 대한 신뢰가 무너져요. 환불 요청했어요.,Received the exchange product and it's defective too. Two consecutive defective products from their service collapses confidence in the entire system. I requested a refund.,1.5,부정
S4_NEG_T4_032,S4,AS·신뢰형,NEG,T4,배송/서비스,배송/서비스,무선 마우스,AS 채팅 상담에서 해결 안 된다고 했는데 전화 상담에서는 처리해줬어요. 같은 문제가 채널마다 처리 기준이 다르면 AS 신뢰도가 일관성 없는 거예요.,"Chat support said the issue couldn't be resolved but phone support handled it. If the same problem gets different treatment depending on which channel you use, after-sales reliability isn't consistent.",3.0,중립
S4_NEG_T4_033,S4,AS·신뢰형,NEG,T4,배송/서비스,배송/서비스,웹캠,AS 접수 후 담당자가 세 번 바뀌었어요. 매번 처음부터 설명해야 했어요. AS 인계 시스템이 없으면 고객 신뢰를 쌓는 게 아니라 소비시키는 거예요.,Three different agents handled my case after I filed. Had to explain from scratch each time. A service system with no handoff protocol doesn't build customer trust — it drains it.,3.0,중립
S4_NEG_T4_034,S4,AS·신뢰형,NEG,T4,배송/서비스,배송/서비스,노트북,수리 후 동일 부위가 재고장 났어요. 재수리 요청했더니 '별개의 새 고장'으로 처리해서 유상이에요. 같은 부위 재고장이 새 고장이면 수리 품질을 신뢰할 수 없어요.,"Same part failed again after repair. Requested another fix and was charged, classified as 'a separate new failure.' If the same part failing again counts as a new problem the repair quality can't be trusted.",1.5,부정
S4_NEG_T4_035,S4,AS·신뢰형,NEG,T4,배송/서비스,배송/서비스,스마트워치,AS 접수 앱에서 증상 접수했는데 센터에 가니까 앱 접수 내용이 반영이 안 됐어요. 디지털 AS 시스템이 실제 센터와 연동이 안 되면 시스템 자체를 신뢰할 수 없어요.,Filed symptoms through the service app and arrived at the center to find the app submission wasn't reflected. If the digital service system isn't connected to the actual center the system itself can't be trusted.,2.0,부정
S4_NEG_T4_036,S4,AS·신뢰형,NEG,T4,배송/서비스,배송/서비스,태블릿,보증 기간 내 수리 맡겼는데 수리 중 다른 부품이 파손됐어요. 배상 요청했더니 '수리 중 발생한 손상은 책임지지 않는다'고 해요. AS에 맡긴 제품이 더 망가지면 어떻게 믿어요.,Sent in for warranty repair and a different component was damaged during the process. Requested compensation and was told 'damage during repair is not our responsibility.' How are you supposed to trust them if the product comes back worse.,1.0,부정
S4_NEG_T4_037,S4,AS·신뢰형,NEG,T4,배송/서비스,배송/서비스,기계식 키보드,수리 완료 후 발송한다고 했는데 2주 동안 배송이 안 왔어요. 확인하니 센터 내 분실이에요. AS 과정에서 제품이 분실되는 건 어떤 상황에서도 있어선 안 되는 일이에요.,Was told it would ship after repair completion and two weeks passed with no delivery. Turned out it was lost at the center. Products going missing during the service process is unacceptable under any circumstances.,1.0,부정
S4_NEG_T4_038,S4,AS·신뢰형,NEG,T4,배송/서비스,배송/서비스,블루투스 스피커,AS 직원이 불친절하고 증상을 무시했어요. 처리는 됐지만 신뢰할 수 있는 브랜드를 골랐는데 AS 직원 태도가 이러면 브랜드 이미지 전체가 망가져요.,Service staff was unfriendly and dismissive of my description. Issue got resolved but I chose a trustworthy brand and staff attitude like this damages the entire brand image.,2.5,부정
S4_NEG_T4_039,S4,AS·신뢰형,NEG,T4,배송/서비스,배송/서비스,외장 SSD,AS 문의 후 5일이 지났는데 자동 답변 외에 실제 답변이 없어요. 중요 데이터가 있는 제품인데 5일 동안 묵묵부답이면 이 브랜드 신뢰 이유가 없어요.,Five days since my service inquiry and nothing beyond an automated response. This product has important data on it and five days of silence means there's no reason to trust this brand.,2.0,부정
S4_NEG_T4_040,S4,AS·신뢰형,NEG,T4,배송/서비스,배송/서비스,보조배터리,리콜 대상 제품인데 리콜 안내를 못 받았어요. 직접 찾아봐야 알게 됐어요. 안전 관련 리콜 정보를 소비자에게 능동적으로 알리지 않는 브랜드는 신뢰할 수 없어요.,Product is subject to recall and I never received any notice. Found out by searching myself. A brand that doesn't proactively inform customers about safety-related recalls can't be trusted.,1.0,부정
S4_NEG_T4_041,S4,AS·신뢰형,NEG,T4,배송/서비스,배송/서비스,무선 마우스,해외 출장 중 고장났는데 해외 AS 된다고 해서 신청했더니 해당 국가는 미지원이에요. AS 가능 국가를 구매 전에 명확히 안내해줬으면 다른 브랜드 선택했을 거예요.,Broke down while on a business trip abroad and tried to use the international service I was told was available — that country isn't supported. If supported countries had been clearly communicated before purchase I would have chosen a different brand.,2.5,부정
S4_NEG_T5_042,S4,AS·신뢰형,NEG,T5,사용 편의성,사용 편의성,노트북,AS 신청 앱이 있는데 증상 선택 옵션이 너무 제한적이에요. 해당하는 증상이 없어서 기타로 선택하면 처리가 느려요. 앱이 있어도 제대로 활용 못 하면 의미가 없어요.,The service app exists but symptom selection options are too limited. Selecting 'other' because nothing fits slows the processing. Having an app that can't be used properly is pointless.,3.0,중립
S4_NEG_T5_043,S4,AS·신뢰형,NEG,T5,사용 편의성,사용 편의성,스마트워치,보증 기간 확인이 앱에서 안 돼요. 고객센터에 전화해야 알 수 있어요. AS 접근성을 높이려면 기본 정보부터 앱에서 확인할 수 있어야 해요.,Warranty period isn't visible in the app. Have to call customer service to find out. Basic information needs to be accessible in the app before you can call this an accessible service system.,3.0,중립
S4_NEG_T5_044,S4,AS·신뢰형,NEG,T5,사용 편의성,사용 편의성,외장 SSD,드라이브 상태 모니터링 앱 알림이 잘못된 경고를 계속 보내요. 늑대 소년 알림이 되면 정작 중요한 경고를 무시하게 돼요. 신뢰할 수 없는 알림은 없는 것만 못해요.,Drive health app keeps sending false alerts. Cry-wolf notifications mean I end up ignoring real warnings. An alert system you can't trust is worse than no alerts at all.,2.5,부정
S4_NEG_T5_045,S4,AS·신뢰형,NEG,T5,사용 편의성,사용 편의성,태블릿,AS 접수 앱이 업데이트 후 접수 이력이 사라졌어요. 진행 중인 AS 이력이 날아가면 처음부터 다시 설명해야 해요. AS 앱 업데이트가 이력을 날려버리는 건 신뢰를 깎는 행동이에요.,Service app update wiped my case history. Losing an active service record means starting over from scratch. An app update that destroys your service history is actively eroding trust.,2.0,부정
S4_NEG_T5_046,S4,AS·신뢰형,NEG,T5,사용 편의성,사용 편의성,기계식 키보드,펌웨어 업데이트 후 매크로 설정이 초기화됐어요. 브랜드 공식 업데이트가 설정을 날려버리면 업데이트 자체를 신뢰할 수 없어요.,Firmware update reset all macro settings. If an official brand update wipes your configurations the update process itself can't be trusted.,2.5,부정
S4_NEG_T5_047,S4,AS·신뢰형,NEG,T5,사용 편의성,사용 편의성,블루투스 스피커,AS 채팅 봇이 단순 답변만 반복해요. 실제 문제 해결이 안 되는 챗봇은 고객 시간만 낭비하고 신뢰를 소진시켜요. 사람 연결이 안 되면 AS 시스템이 장벽이에요.,"The service chatbot just repeats basic scripted responses. A chatbot that can't solve real problems wastes customer time and depletes trust. If it doesn't connect to a human it's a barrier, not support.",2.0,부정
S4_NEG_T5_048,S4,AS·신뢰형,NEG,T5,사용 편의성,사용 편의성,보조배터리,자가 진단 기능이 있는데 결과가 항상 '정상'이에요. 실제로 이상이 있어도 정상으로 나와요. 신뢰할 수 없는 진단 도구는 오히려 이상 발견을 방해해요.,Self-diagnosis feature always returns 'normal.' Even when there's a real problem it shows normal. An unreliable diagnostic tool actively prevents you from identifying actual issues.,1.5,부정
S4_NEG_T5_049,S4,AS·신뢰형,NEG,T5,사용 편의성,사용 편의성,무선 이어폰,AS 앱에서 수리 접수는 되는데 진행 상황이 업데이트가 안 돼요. 일주일째 '접수 완료' 단계에서 멈춰있어요. AS 진행 상황을 신뢰할 수 없으면 불안해서 계속 전화하게 돼요.,Service app accepts the filing but status never updates. Stuck on 'received' for a week. If you can't trust the service status display you end up calling constantly out of anxiety.,2.0,부정
S4_NEG_T5_050,S4,AS·신뢰형,NEG,T5,사용 편의성,사용 편의성,웹캠,제품 등록 후 AS 이력이 자동 연동된다고 했는데 센터 방문하면 등록 내용이 없대요. 디지털 시스템이 실제 센터와 연동이 안 되면 등록 자체가 의미 없어요. 브랜드 AS 체계를 믿을 수 없어요.,Was told service history links automatically after product registration but the center has no record when you visit. If the digital system isn't connected to actual centers the registration is meaningless. The brand's service infrastructure can't be trusted.,1.0,부정
S4_NEG2_T1_001,S4,AS·신뢰형,NEG,T1,가격/비용,가격/비용,스마트워치,3년 보증 때문에 프리미엄 가격 납득하고 샀는데 2년 만에 단종됐어요. 보증 기간 남았는데 단종 브랜드 AS가 제대로 될지 걱정이에요. 보증 기간이 있어도 브랜드 존속이 전제여야 해요.,Accepted the premium price for the 3-year warranty and the brand discontinued after 2 years. With warranty period remaining I'm worried about whether service from a discontinued brand will work properly. Warranty period needs brand continuity as a prerequisite.,2.5,부정
S4_NEG2_T1_002,S4,AS·신뢰형,NEG,T1,가격/비용,가격/비용,노트북,AS 센터 네트워크 때문에 비싼 브랜드 선택했는데 가까운 센터가 폐점했어요. 센터 접근성이 줄었는데 가격은 그대로예요. 프리미엄의 근거가 바뀌었으면 가격도 바뀌어야 해요.,Chose the expensive brand for its service center network and the nearest center closed. Accessibility has decreased but the price stays the same. If the basis for the premium has changed the price should change too.,2.5,부정
S4_NEG2_T1_003,S4,AS·신뢰형,NEG,T1,가격/비용,가격/비용,외장 SSD,데이터 복구 AS 때문에 비싼 브랜드 골랐는데 실제 신청하니까 복구 성공 보장이 없다고 해요. 가능성만 있고 보장이 없으면 이 가격을 낸 근거가 없어요.,Chose the expensive brand for data recovery service and when I actually applied they said there's no success guarantee. If it's only possible without guarantee there's no basis for the price I paid.,3.0,중립
S4_NEG2_T1_004,S4,AS·신뢰형,NEG,T1,가격/비용,가격/비용,블루투스 스피커,2년 보증 보고 가격 납득했는데 보증서 분실 시 보증이 무효래요. 제품 등록도 했는데 종이 한 장 없으면 보증이 없는 건 납득이 안 가요. 보증 기간을 돈 주고 산 건데요.,Accepted the price for the 2-year warranty and they say warranty is void if the warranty card is lost. Product is registered but no paper means no warranty — unacceptable. I paid money for that warranty period.,3.0,중립
S4_NEG2_T1_005,S4,AS·신뢰형,NEG,T1,가격/비용,가격/비용,태블릿,방문 AS 서비스 때문에 프리미엄 냈는데 방문 가능 지역이 서울/경기만이에요. 지방에 사는데 방문 AS 못 받으면 프리미엄 낼 이유가 없었어요. 구매 전에 지역 제한 안내가 있었어야 해요.,Paid premium for the on-site service and the available regions are only Seoul/Gyeonggi. Living in a provincial area and unable to receive on-site service there was no reason for the premium. Regional limitations should have been disclosed before purchase.,3.0,중립
S4_NEG2_T1_006,S4,AS·신뢰형,NEG,T1,가격/비용,가격/비용,무선 이어폰,"무상 AS 2년 보고 샀는데 실제로는 소모품 기준 범위가 너무 넓어요. 이어팁, 케이블, 케이스 경첩이 전부 소모품이면 거의 모든 부위가 제외예요. 무상 AS가 사실상 껍데기예요.","Bought based on 2-year free warranty and in practice the consumable classification range is too broad. If ear tips, cable, and case hinge are all consumables almost everything is excluded. The free warranty is essentially a shell.",2.0,부정
S4_NEG2_T1_007,S4,AS·신뢰형,NEG,T1,가격/비용,가격/비용,기계식 키보드,스위치 수명 보증 믿고 샀는데 사용 강도 따라 보증이 달라진다고 해요. '과도한 사용'의 기준이 뭔지 모르겠어요. 기준이 불명확한 보증은 보증이 아니에요. 가격 근거가 흔들려요.,Bought trusting the switch lifespan warranty and they say warranty varies by usage intensity. I don't know what constitutes 'excessive use.' A warranty with unclear standards isn't a warranty. The price justification is shaky.,2.0,부정
S4_NEG2_T1_008,S4,AS·신뢰형,NEG,T1,가격/비용,가격/비용,보조배터리,배터리 무상 교체 정책 보고 샀는데 교체 기준이 80% 미만이에요. 80%까지는 정상이라는 건데 체감 용량이 크게 줄어도 AS가 안 돼요. 기준이 소비자한테 너무 불리해요.,Bought based on the free battery replacement policy and the replacement threshold is below 80%. Below 80% is classified as defective which means even significant perceived capacity reduction doesn't qualify for service. The standard is too unfavorable to consumers.,2.0,부정
S4_NEG2_T1_009,S4,AS·신뢰형,NEG,T1,가격/비용,가격/비용,무선 마우스,AS 전문 브랜드라고 해서 비싸게 샀는데 유상 수리 비용이 제품 가격의 80%가 나왔어요. 이 비용이면 새로 사는 게 나아요. AS 때문에 프리미엄 낸 건데 수리비가 이러면 의미가 없어요.,Bought at a premium because it's known as a service-specialist brand and the paid repair cost came to 80% of the product price. At this cost buying new makes more sense. Paid premium for service and if repair costs this much there's no point.,2.0,부정
S4_NEG2_T1_010,S4,AS·신뢰형,NEG,T1,가격/비용,가격/비용,웹캠,드라이버 지원 3년 약속 보고 샀는데 1년 만에 지원 종료됐어요. 약속을 어긴 거잖아요. 이 약속 때문에 낸 프리미엄을 환불받을 방법이 없는 게 답답해요.,Bought based on the 3-year driver support promise and support ended after 1 year. That's a broken promise. It's frustrating that there's no way to get back the premium I paid for this promise.,1.5,부정
S4_NEG2_T1_011,S4,AS·신뢰형,NEG,T1,가격/비용,가격/비용,스마트 전구,브랜드 케어 플랜 비용을 추가로 내야 한다는 걸 구매 후에 알았어요. 케어 플랜이 당연히 포함인 줄 알았는데 별도 유료예요. 가격 구조를 명확히 안내했어야 해요.,Found out after purchase that the brand care plan requires additional payment. Assumed the care plan was naturally included and it's separately paid. The price structure should have been clearly communicated.,1.5,부정
S4_NEG2_T1_012,S4,AS·신뢰형,NEG,T1,가격/비용,가격/비용,무선 충전기,기기 손상 보상 정책 때문에 비싼 거 골랐는데 보상 한도가 너무 낮아요. 실제 폰 가격의 10%도 안 되는 한도예요. 이 한도라면 보상 정책을 이유로 프리미엄 낼 이유가 없어요.,Chose the expensive one for the device damage compensation policy and the compensation limit is too low. It's less than 10% of the actual phone price. At this limit there's no reason to pay a premium for the compensation policy.,1.5,부정
S4_NEG2_T1_013,S4,AS·신뢰형,NEG,T1,가격/비용,가격/비용,노트북 거치대,제조사 직영 AS 믿고 샀는데 직영이 아닌 위탁 운영이었어요. 직영이라고 홍보한 채널이 실제로는 위탁이면 그건 허위 광고예요. 신뢰를 판 가격인데 신뢰가 허위였어요.,Bought trusting the manufacturer-direct service channel and it turned out to be outsourced operation. A channel advertised as direct that's actually outsourced is false advertising. I paid for trust that was false.,2.5,부정
S4_NEG2_T1_014,S4,AS·신뢰형,NEG,T1,가격/비용,가격/비용,USB 허브,포트 단위 수리 정책 보고 샀는데 실제론 단위 수리를 안 해줘요. 전체 교환만 가능하다고 해요. 약속한 정책이 실제로 운영 안 되면 그 가격을 낸 근거가 없어요.,Bought based on the per-port repair policy and in practice they don't do unit repairs. Only full unit exchange is available. If a promised policy isn't actually operated there's no basis for the price paid.,2.5,부정
S4_NEG2_T1_015,S4,AS·신뢰형,NEG,T1,가격/비용,가격/비용,외장 SSD,5년 부품 보유 약속 보고 샀는데 3년 만에 부품 소진 안내가 왔어요. 5년 약속이 지켜지지 않으면 이 약속 때문에 낸 프리미엄은 반환받아야 해요. 약속 불이행에 책임이 없는 게 말이 안 돼요.,Bought based on the 5-year parts availability promise and at 3 years received notification that parts are exhausted. If the 5-year promise isn't honored the premium paid for this promise should be returned. It makes no sense that there's no accountability for breaking the promise.,1.0,부정
S4_NEG2_T2_016,S4,AS·신뢰형,NEG,T2,성능/스펙,성능/스펙,노트북,성능 불량 기준이 공개돼 있다고 해서 샀는데 실제 AS 접수하니 기준이 달리 적용됐어요. 공개된 기준과 실제 운영 기준이 다르면 기준 공개 자체가 의미 없어요.,Bought because performance defect criteria are publicly disclosed and when I actually filed for service the criteria were applied differently. If published standards and actual operating standards differ the disclosure itself is meaningless.,2.5,부정
S4_NEG2_T2_017,S4,AS·신뢰형,NEG,T2,성능/스펙,성능/스펙,외장 SSD,실제 속도 스펙 보장 정책이 있다고 해서 샀는데 AS 신청하니 측정 환경 기준이 따로 있다고 해요. 일반 환경에서 스펙이 안 나오는데 특수 환경 기준으로 정상이면 소비자 입장에선 불량이에요.,Bought because there's a real-speed spec guarantee policy and when I filed for service they said measurement is based on a specific environment standard. Spec not met in normal conditions but considered normal by special environment standards is a defect from the consumer's perspective.,2.5,부정
S4_NEG2_T2_018,S4,AS·신뢰형,NEG,T2,성능/스펙,성능/스펙,무선 이어폰,음질 저하 무상 점검 서비스가 있다고 해서 샀는데 점검 후 '정상 범위'라는 결과만 나와요. 어떤 수치로 정상인지 설명이 없어요. 블랙박스 점검은 점검이라고 할 수 없어요.,Bought because free audio quality inspection service is available and after inspection all I get is 'within normal range.' No explanation of what figures define normal. A black-box inspection can't be called an inspection.,3.0,중립
S4_NEG2_T2_019,S4,AS·신뢰형,NEG,T2,성능/스펙,성능/스펙,블루투스 스피커,출력 저하 진단 서비스 때문에 샀는데 진단 결과를 수치로 안 알려줘요. 정상인지 아닌지만 알려주는 건 진단이 아니에요. 수치 기반 진단을 기대했는데 아쉬워요.,Bought for the output degradation diagnostic service and diagnostic results aren't provided in figures. Just telling me normal or not isn't a diagnosis. Expected figure-based diagnostics and this is disappointing.,3.0,중립
S4_NEG2_T2_020,S4,AS·신뢰형,NEG,T2,성능/스펙,성능/스펙,스마트워치,센서 정확도 무상 교정 서비스가 있어서 샀는데 교정 예약이 3개월 대기예요. 교정 서비스가 있어도 현실적으로 이용 못 하면 있으나 마나예요.,Bought because free sensor calibration service is available and calibration appointment waiting time is 3 months. Service that exists but can't realistically be used is as good as not existing.,3.0,중립
S4_NEG2_T2_021,S4,AS·신뢰형,NEG,T2,성능/스펙,성능/스펙,보조배터리,배터리 성능 저하 무상 교체 보고 샀는데 교체 신청하니 원인 규명 검사를 먼저 해야 한다고 해요. 검사 비용이 별도로 들어요. 무상 교체라더니 검사비가 따로 있으면 실질적으로 유상이에요.,Bought based on free replacement for battery degradation and when I applied they said a cause determination inspection must be done first. The inspection costs extra. Calling it free replacement but charging separately for inspection makes it effectively paid.,3.0,중립
S4_NEG2_T2_022,S4,AS·신뢰형,NEG,T2,성능/스펙,성능/스펙,기계식 키보드,스위치 반응속도 공식 진단 서비스가 있어서 샀는데 진단 결과지를 주지 않아요. 구두로만 결과 안내를 해요. 공식 진단이면 문서화된 결과가 있어야 AS 이력 관리가 되는데 아쉬워요.,Bought because official switch response speed diagnostic service is available and they don't provide a diagnostic result document. Only verbal notification. Official diagnosis needs documented results for service history management — disappointing.,3.0,중립
S4_NEG2_T2_023,S4,AS·신뢰형,NEG,T2,성능/스펙,성능/스펙,태블릿,디스플레이 색 정확도 재교정 서비스 믿고 샀는데 교정 후 수치가 오히려 나빠졌어요. 교정 서비스 품질을 믿었는데 교정 후 악화되면 서비스가 역효과예요.,Bought trusting the display color accuracy re-calibration service and figures were actually worse after calibration. Trusted the quality of the calibration service and deterioration after calibration means the service is counterproductive.,2.0,부정
S4_NEG2_T2_024,S4,AS·신뢰형,NEG,T2,성능/스펙,성능/스펙,무선 마우스,더블클릭 오류 진단 기준이 매뉴얼에 있어서 샀는데 실제 AS에선 매뉴얼 기준이 아닌 내부 기준을 적용해요. 공개 기준과 내부 기준이 다르면 소비자가 AS 가능 여부를 판단할 수 없어요.,Bought because double-click error diagnostic criteria are in the manual and in actual service they apply internal standards not the manual standards. If published and internal standards differ consumers can't judge service eligibility themselves.,2.0,부정
S4_NEG2_T2_025,S4,AS·신뢰형,NEG,T2,성능/스펙,성능/스펙,웹캠,화질 저하 원격 진단이 된다고 해서 샀는데 원격 진단 후에도 결론이 '직접 방문 필요'예요. 원격 진단으로 해결이 안 되면 원격 진단 서비스가 있는 의미가 없어요.,Bought because remote image quality diagnosis is available and even after remote diagnosis the conclusion is 'in-person visit required.' If remote diagnosis can't resolve issues the existence of the remote diagnosis service has no meaning.,1.5,부정
S4_NEG2_T2_026,S4,AS·신뢰형,NEG,T2,성능/스펙,성능/스펙,스마트 전구,루멘 저하 AS 기준이 명시돼 있어서 샀는데 실제 AS에서 측정 방법이 다르다고 기준 미달인데도 정상 판정했어요. 측정 기준까지 달라지면 명시된 기준은 허구예요.,Bought because lumen degradation service criteria are specified and in actual service they said measurement method differs so even below-criteria was judged as normal. If measurement standards also differ the specified criteria are fictional.,1.5,부정
S4_NEG2_T2_027,S4,AS·신뢰형,NEG,T2,성능/스펙,성능/스펙,무선 충전기,충전 효율 저하 점검 서비스 때문에 샀는데 점검 결과 불량 판정 받았는데도 교환이 안 된대요. 점검에서 불량이 나왔는데 교환이 안 되면 점검 서비스가 무슨 의미예요.,Bought for the charging efficiency degradation inspection service and after inspection was declared defective but told exchange isn't available. If inspection shows defective but exchange isn't available what's the point of the inspection service.,1.0,부정
S4_NEG2_T2_028,S4,AS·신뢰형,NEG,T2,성능/스펙,성능/스펙,무선 이어폰,음질 저하 진단에서 불량 판정 받았는데 해당 부품이 단종이라 수리 불가래요. 불량인데 수리 못 한다는 건 AS가 작동 안 하는 거예요. 불량 판정을 받은 소비자가 뭘 할 수 있어요.,Declared defective in audio quality degradation diagnosis and told repair is unavailable because the part is discontinued. Defective but can't repair means service doesn't function. What can a consumer do after receiving a defect judgment.,1.0,부정
S4_NEG2_T3_029,S4,AS·신뢰형,NEG,T3,디자인/외관,디자인/외관,노트북,군용 낙하 테스트 통과 인증 보고 샀는데 실제로 30cm에서 떨어뜨렸더니 모서리가 깨졌어요. 인증 기준과 실제 내구성이 다르면 인증의 의미가 없어요.,Bought based on military drop test certification and it actually chipped at the corner from a 30cm drop. If certification standards and actual durability differ the certification has no meaning.,2.5,부정
S4_NEG2_T3_030,S4,AS·신뢰형,NEG,T3,디자인/외관,디자인/외관,스마트워치,글래스 소재 인증서 제공 브랜드라서 신뢰했는데 인증 기준 이하 조건에서 스크래치가 났어요. 인증 내용을 AS에 제출했는데 '사용자 과실'로 처리됐어요. 인증이 AS 처리에 연결이 안 돼요.,Trusted the brand for providing glass material certification and got scratches under conditions below the certification standard. Submitted certification documents to service and it was processed as 'user fault.' The certification isn't connected to service handling.,2.5,부정
S4_NEG2_T3_031,S4,AS·신뢰형,NEG,T3,디자인/외관,디자인/외관,무선 이어폰,케이스 경첩 별도 보증 브랜드라서 신뢰했는데 경첩 불량 신고하니 '사용 방식 문제'로 처리했어요. 별도 보증이 있는데 보증 적용 거부하면 별도 보증의 가치가 없어요.,Trusted the brand for its separate case hinge warranty and when I reported a hinge defect it was handled as 'usage method issue.' Having a separate warranty but refusing to apply it makes the separate warranty worthless.,2.5,부정
S4_NEG2_T3_032,S4,AS·신뢰형,NEG,T3,디자인/외관,디자인/외관,기계식 키보드,키캡 인쇄 내구성 보증 기간이 있는 브랜드라서 샀는데 보증 기간 내 각인이 지워졌어요. AS 신청했더니 '과도한 사용'으로 거부됐어요. 과도한 사용 기준이 뭔지 설명도 없어요.,Bought this brand for its keycap print durability warranty period and the legends wore off within the warranty period. Service was denied as 'excessive use.' No explanation of what constitutes excessive use.,3.0,중립
S4_NEG2_T3_033,S4,AS·신뢰형,NEG,T3,디자인/외관,디자인/외관,태블릿,베젤 들뜸을 제조 불량으로 분류하는 브랜드라 샀는데 제 제품 베젤이 들떴을 때 '외부 충격'으로 처리했어요. 같은 증상인데 처리 결과가 다르면 기준이 일관되지 않은 거예요.,Bought this brand because it classifies bezel lifting as a manufacturing defect and when my product's bezel lifted it was processed as 'external impact.' Same symptom with different outcome means standards aren't consistent.,3.0,중립
S4_NEG2_T3_034,S4,AS·신뢰형,NEG,T3,디자인/외관,디자인/외관,블루투스 스피커,패브릭 내구성 보증 때문에 이 브랜드 선택했는데 보증 기간 내 보풀이 생겼는데도 '일반 마모'로 처리했어요. 보증 범위에 명시된 항목인데도 배제하면 보증서가 신뢰 대상이 아니에요.,Chose this brand for fabric durability warranty and pilling occurred within the warranty period but was handled as 'normal wear.' Excluding items that are specified within warranty coverage means the warranty document isn't trustworthy.,2.5,부정
S4_NEG2_T3_035,S4,AS·신뢰형,NEG,T3,디자인/외관,디자인/외관,보조배터리,케이스 갈라짐을 제조 불량으로 인정하는 브랜드라서 신뢰했는데 갈라진 케이스를 '외부 충격'으로 처리했어요. 브랜드 명성과 실제 처리 방식이 달라요. 명성을 보고 산 건데 배신감이에요.,Trusted this brand for acknowledging case cracking as a manufacturing defect and a cracked case was processed as 'external impact.' Brand reputation and actual handling practice differ. Bought based on the reputation and it feels like a betrayal.,2.0,부정
S4_NEG2_T3_036,S4,AS·신뢰형,NEG,T3,디자인/외관,디자인/외관,무선 마우스,코팅 벗겨짐 보증 기간 명시 브랜드라서 샀는데 보증 기간 내 코팅이 벗겨졌는데 '과도한 사용 환경'으로 거부됐어요. 사용 환경 기준이 뭔지 알 수 없어요. 투명하지 않은 AS예요.,Bought this brand for its specified coating peel warranty period and the coating peeled within the warranty period but was denied as 'excessive use environment.' I don't know what the usage environment standard is. Non-transparent service.,2.0,부정
S4_NEG2_T3_037,S4,AS·신뢰형,NEG,T3,디자인/외관,디자인/외관,외장 SSD,소재 검증 성적서 제공 브랜드라서 신뢰했는데 실제 AS에서 소재 관련 불량을 처리할 때 성적서가 아무 역할을 못 했어요. 투명성을 위해 제공한 성적서가 AS에서 무의미하면 투명성이 허상이에요.,Trusted this brand for providing material verification reports and when handling material-related defects in actual service the report played no role. Transparency reports provided for transparency being meaningless in service means the transparency is illusory.,2.0,부정
S4_NEG2_T3_038,S4,AS·신뢰형,NEG,T3,디자인/외관,디자인/외관,노트북 거치대,도장 불량 처리 기준 명시 브랜드라서 샀는데 기준에 해당하는 도장 불량인데도 '자연 변색'으로 처리됐어요. 명시된 기준을 적용 안 하면 기준 명시가 장식이에요.,Bought this brand for its specified paint defect handling criteria and a paint defect matching the criteria was handled as 'natural discoloration.' Not applying stated criteria means the criteria are decorative.,1.5,부정
S4_NEG2_T3_039,S4,AS·신뢰형,NEG,T3,디자인/외관,디자인/외관,무선 충전기,패드 변색 교환 정책 브랜드라서 선택했는데 변색이 생겼을 때 '사용 방식 문제'로 거부됐어요. 어떤 사용 방식이 변색의 원인인지 설명이 없어요. 이유 없는 거부는 정책 미운용이에요.,Chose this brand for its pad discoloration exchange policy and when discoloration occurred it was denied as 'usage method issue.' No explanation of what usage method causes discoloration. Unexplained denial is policy non-operation.,1.5,부정
S4_NEG2_T3_040,S4,AS·신뢰형,NEG,T3,디자인/외관,디자인/외관,USB 허브,포트 주변 마모 AS 범위 브랜드라서 샀는데 실제로는 AS 범위 아니라고 했어요. 홍보 자료에 포함됐던 항목인데 실제 AS에서 제외하는 건 허위 광고예요.,Bought this brand because port area wear is within service coverage and in practice was told it's not within coverage. An item that was in the promotional materials being excluded in actual service is false advertising.,1.0,부정
S4_NEG2_T3_041,S4,AS·신뢰형,NEG,T3,디자인/외관,디자인/외관,블루투스 스피커,패브릭 소재 보증 있는 브랜드인데 보증 기간 내 패브릭 손상이 생겼는데 수리가 불가능하다고 해요. 보증은 있는데 실제로 수리를 못 해준다는 건 보증 이행 능력이 없는 거예요.,A brand with fabric material warranty and fabric damage occurred within warranty period but they say repair is impossible. Having a warranty but actually being unable to repair is not having the ability to fulfill the warranty.,1.0,부정
S4_NEG2_T4_042,S4,AS·신뢰형,NEG,T4,배송/서비스,배송/서비스,노트북,방문 AS 예약했는데 당일 아무 연락 없이 기사님이 안 오셨어요. 재예약하니 2주 후래요. 방문 AS를 신뢰했는데 예약 신뢰성이 이 수준이면 AS 시스템 자체를 믿기 어려워요.,Scheduled on-site service and the technician didn't come on the day with no contact. Rescheduled and was told 2 weeks later. Trusted the on-site service and if reservation reliability is at this level it's hard to trust the service system itself.,2.5,부정
S4_NEG2_T4_043,S4,AS·신뢰형,NEG,T4,배송/서비스,배송/서비스,스마트워치,AS 처리 후 사후 확인 연락을 해준다고 해서 신뢰했는데 확인 연락이 왔을 때 문제가 이미 재발한 상태였어요. 확인 연락 타이밍이 너무 늦어서 사후 관리 효과가 없었어요.,Trusted the brand because they said they'd follow up after service and when the follow-up came the problem had already recurred. Follow-up timing was too late so the aftercare had no effect.,3.0,중립
S4_NEG2_T4_044,S4,AS·신뢰형,NEG,T4,배송/서비스,배송/서비스,외장 SSD,데이터 복구 AS 맡겼는데 복구 중 추가 손상이 발생했어요. AS 맡기러 갔다가 상태가 더 나빠진 건데 이런 경우의 책임 소재가 불명확했어요. AS 과정 중 사고에 대한 정책이 있어야 해요.,Filed for data recovery service and additional damage occurred during recovery. The condition got worse from going in for service and accountability for such cases was unclear. There needs to be a policy for incidents occurring during the service process.,2.0,부정
S4_NEG2_T4_045,S4,AS·신뢰형,NEG,T4,배송/서비스,배송/서비스,태블릿,AS 예약 시스템 잘 돼있다고 해서 샀는데 예약 후 대기 시간이 4주예요. 예약 시스템이 잘 돼있어도 처리 속도가 뒷받침 안 되면 시스템이 무의미해요.,Bought based on the well-built service reservation system and wait time after reservation is 4 weeks. Even a well-built reservation system is meaningless if processing speed doesn't support it.,3.0,중립
S4_NEG2_T4_046,S4,AS·신뢰형,NEG,T4,배송/서비스,배송/서비스,블루투스 스피커,AS 센터에서 잠재 문제를 사전 안내해준다고 해서 신뢰했는데 실제 AS 후 안내받지 못했어요. 기대한 서비스가 실제로 제공이 안 되면 그 서비스 때문에 생긴 신뢰가 허구예요.,Trusted the brand because service center is supposed to proactively notify of potential issues and received no notification after actual service. If an expected service isn't actually provided the trust that came from it is false.,3.0,중립
S4_NEG2_T4_047,S4,AS·신뢰형,NEG,T4,배송/서비스,배송/서비스,무선 이어폰,보증 기간 만료 후 부품 무상 지원 사례를 보고 이 브랜드를 택했는데 제 경우엔 만료 후 부품 유상만 가능하다고 해요. 사례와 실제 운영이 다르면 사례가 선택을 왜곡한 거예요.,Chose this brand after seeing cases of free parts support after warranty expiry and in my case only paid parts are available after expiry. If examples and actual operation differ the examples distorted the choice.,3.0,중립
S4_NEG2_T4_048,S4,AS·신뢰형,NEG,T4,배송/서비스,배송/서비스,기계식 키보드,연속 교환 처리를 군말 없이 해준다고 소문나 있어서 샀는데 제 경우는 두 번째 교환 요청에서 거부됐어요. 브랜드 처리 일관성이 없으면 소문을 믿고 산 사람이 손해예요.,Bought based on the reputation for handling consecutive exchanges without complaint and my second exchange request was denied. If brand handling isn't consistent the people who bought based on reputation are at a disadvantage.,3.0,중립
S4_NEG2_T4_049,S4,AS·신뢰형,NEG,T4,배송/서비스,배송/서비스,보조배터리,수리 진행 상황 실시간 문자 서비스가 있다고 해서 샀는데 실제로는 접수 완료 문자 한 통만 와요. 진행 상황 업데이트가 없어서 언제 돌아오는지 알 수 없어요.,Bought because real-time repair progress text service is available and in practice only a single 'service received' text comes. No progress updates so it's impossible to know when it will come back.,2.0,부정
S4_NEG2_T4_050,S4,AS·신뢰형,NEG,T4,배송/서비스,배송/서비스,무선 마우스,글로벌 AS 네트워크가 있다고 해서 해외 출장 중 AS 신청했는데 해당 국가는 미포함이었어요. 글로벌 네트워크라고 하면 주요 출장 국가는 커버될 거라 기대했는데 너무 아쉬워요.,Filed for service abroad based on the global service network and that country wasn't included. Expected a global network to cover major business trip destinations and this is very disappointing.,1.5,부정
S4_NEG2_T4_051,S4,AS·신뢰형,NEG,T4,배송/서비스,배송/서비스,웹캠,원격 AS 후 사후 확인이 있다고 해서 기대했는데 사후 확인 연락이 오지 않았어요. 작은 약속 하나가 지켜지지 않으면 큰 약속도 지켜질지 의심이 돼요.,Expected follow-up after remote service and the follow-up contact never came. When a small promise isn't kept I start doubting whether bigger promises will be kept.,1.5,부정
S4_NEG2_T4_052,S4,AS·신뢰형,NEG,T4,배송/서비스,배송/서비스,스마트 전구,AS 기술팀 원격 지원 때문에 이 브랜드 선택했는데 원격 지원 연결이 안 된 채 30분 대기했어요. 연결이 안 되면 원격 지원이 있는 게 의미가 없어요.,Chose this brand for the technical team remote support and waited 30 minutes without getting connected. If it can't connect the existence of remote support has no meaning.,1.0,부정
S4_NEG2_T4_053,S4,AS·신뢰형,NEG,T4,배송/서비스,배송/서비스,무선 충전기,유상 수리 견적이 실제 청구액보다 낮게 나왔는데 추가 비용 사전 안내 없이 청구됐어요. 견적보다 많이 청구하면서 사전 안내가 없는 건 신뢰를 완전히 무너뜨리는 행동이에요.,Paid repair estimate came in lower than actual charge and was billed without advance notice of additional costs. Charging more than the estimate without prior notification is behavior that completely destroys trust.,1.0,부정
S4_NEG2_T5_054,S4,AS·신뢰형,NEG,T5,사용 편의성,사용 편의성,노트북,AS 신청 앱에서 증상 사진 첨부가 된다고 해서 샀는데 실제로 파일 크기 제한이 너무 낮아요. 명확한 사진 제출이 안 되니까 AS 처리 분쟁이 오히려 생겨요.,Bought because symptom photos can be attached in the service app and in practice the file size limit is too low. Not being able to submit clear photos actually causes more service handling disputes.,3.0,중립
S4_NEG2_T5_055,S4,AS·신뢰형,NEG,T5,사용 편의성,사용 편의성,스마트워치,제품 등록 후 AS 이력 자동 연동이 된다고 해서 샀는데 센터 방문하니 이력이 없다고 했어요. 디지털 이력과 센터 시스템이 연동이 안 돼있으면 시스템이 있는 의미가 없어요.,Bought because service history syncs automatically after product registration and the center said no history exists when I visited. If digital history and center systems aren't connected having the system has no meaning.,3.0,중립
S4_NEG2_T5_056,S4,AS·신뢰형,NEG,T5,사용 편의성,사용 편의성,외장 SSD,드라이브 상태 진단 앱 알림이 자꾸 오탐을 해요. 정상 드라이브인데 이상 징후 알림이 반복되면 나중에 진짜 알림이 와도 무시하게 돼요. 신뢰할 수 없는 알림이 없는 것보다 나쁠 수 있어요.,Drive health diagnostic app keeps giving false alerts. When a normal drive repeatedly gives anomaly alerts I end up ignoring future alerts. An unreliable alert system can be worse than no alerts.,2.5,부정
S4_NEG2_T5_057,S4,AS·신뢰형,NEG,T5,사용 편의성,사용 편의성,태블릿,AS 접수 챗봇이 증상 분류를 잘못해서 엉뚱한 AS 안내를 받았어요. 잘못된 분류로 시간을 낭비하고 다시 접수해야 했어요. 챗봇 정확도가 낮으면 편의성이 아니라 불편이에요.,Service chatbot misclassified symptoms and I received incorrect service guidance. Wasted time due to wrong classification and had to re-file. Low chatbot accuracy isn't convenience but inconvenience.,2.5,부정
S4_NEG2_T5_058,S4,AS·신뢰형,NEG,T5,사용 편의성,사용 편의성,블루투스 스피커,AS 신청 및 수거 예약이 앱에서 된다고 해서 샀는데 앱이 자꾸 오류가 나서 전화로 접수해야 했어요. 앱 AS 시스템이 불안정하면 편의성이 오히려 불편으로 바뀌어요.,Bought because service filing and collection scheduling is available in the app and the app kept giving errors so I had to file by phone. An unstable app service system turns convenience into inconvenience.,2.5,부정
S4_NEG2_T5_059,S4,AS·신뢰형,NEG,T5,사용 편의성,사용 편의성,무선 이어폰,펌웨어 롤백이 된다고 해서 업데이트했는데 해당 버전은 롤백 지원이 안 된다고 했어요. 모든 버전이 롤백 가능한 게 아니었어요. 버전별 롤백 지원 여부를 미리 공지했어야 해요.,Updated because rollback is available and was told rollback isn't supported for this particular version. Not all versions support rollback. Version-specific rollback availability should have been communicated in advance.,2.5,부정
S4_NEG2_T5_060,S4,AS·신뢰형,NEG,T5,사용 편의성,사용 편의성,기계식 키보드,보증 기간이 앱에서 실시간 확인된다고 해서 샀는데 앱 표시 기간과 실제 보증 기간이 달랐어요. 앱 기준으로 AS 신청했다가 거부됐어요. 앱 정보가 틀리면 오히려 혼란을 줘요.,Bought because warranty period is viewable in real time in the app and the app display period and actual warranty period were different. Filed for service based on app information and was denied. Incorrect app information causes more confusion.,2.0,부정
S4_NEG2_T5_061,S4,AS·신뢰형,NEG,T5,사용 편의성,사용 편의성,보조배터리,배터리 건강도가 앱에서 퍼센트로 표시된다고 해서 샀는데 표시 방식이 불투명해요. 어떤 기준으로 퍼센트를 산정하는지 알 수 없어서 이 수치를 신뢰할 수 없어요.,Bought because battery health is displayed as a percentage in the app and the display method is opaque. Not knowing what criteria are used to calculate the percentage means I can't trust the figure.,2.0,부정
S4_NEG2_T5_062,S4,AS·신뢰형,NEG,T5,사용 편의성,사용 편의성,무선 마우스,AS 처리 후 반환 배송 추적이 앱에서 된다고 해서 기대했는데 추적 정보가 실시간으로 업데이트가 안 돼요. 마지막 업데이트 이후 3일 동안 변화가 없어서 불안했어요.,Expected return shipping tracking in the app after service and tracking information doesn't update in real time. No change for 3 days after the last update and it was anxious.,1.5,부정
S4_NEG2_T5_063,S4,AS·신뢰형,NEG,T5,사용 편의성,사용 편의성,웹캠,드라이버 충돌 원격 진단이 된다고 해서 샀는데 원격 진단 세션에서 오히려 시스템 설정이 변경됐어요. 원격 접속 AS 후 다른 문제가 생긴 것에 대한 책임이 불명확해요.,Bought because remote driver conflict diagnosis is available and during the remote diagnostic session system settings were actually changed. Accountability for new issues arising after remote access service is unclear.,1.5,부정
S4_NEG2_T5_064,S4,AS·신뢰형,NEG,T5,사용 편의성,사용 편의성,스마트 전구,자가 진단 기능이 있다고 해서 샀는데 자가 진단 결과를 AS 접수 시 증거로 인정 안 해줘요. 브랜드 자체 진단 결과를 브랜드 AS에서 무시하면 자가 진단 기능이 무슨 의미예요.,Bought because self-diagnosis function is available and self-diagnosis results aren't accepted as evidence when filing for service. If the brand's own diagnostic results are ignored by the brand's service the self-diagnosis function has no meaning.,1.0,부정
S4_NEG2_T5_065,S4,AS·신뢰형,NEG,T5,사용 편의성,사용 편의성,무선 충전기,충전 효율 저하 점검을 앱에서 신청할 수 있다고 해서 샀는데 앱 신청 후 센터 방문이 필수래요. 앱으로 신청만 하는 거고 실제는 방문해야 해요. 앱 신청 편의성이 반쪽짜리예요.,Bought because charging efficiency degradation inspection can be filed through the app and after app filing an in-person center visit is mandatory. App is just for filing and actual service requires a visit. App filing convenience is only half the picture.,1.0,부정
